opportunity_id,sales_agent,manager,regional_office,product,account,deal_stage,engage_date,propensity_to_close,days_in_stage,historical_stage_norm_days,stall_ratio,stalled,risk_score,deal_summary
S3W6Q07M,Kami Bicknell,Summer Sewald,West,GTX Plus Pro,Acme Corporation,Engaging,2017-01-16,0.5884941415119131,349.0,84.0,4.154761904761905,True,0.6174788080172564,"Kami Bicknell's GTX Plus Pro opportunity has a 59% close propensity and has spent 349 days in Engaging, well beyond the 84-day historical norm; prioritize a next-step check before forecast review."
PMEENWD5,Corliss Cosme,Cara Losch,East,GTX Pro,Globex Corporation,Engaging,2017-01-21,0.5934837124247733,344.0,79.0,4.3544303797468356,True,0.6142355869238973,"Corliss Cosme's GTX Pro opportunity has a 59% close propensity and has spent 344 days in Engaging, well beyond the 79-day historical norm; prioritize a next-step check before forecast review."
DO6VKC2G,Marty Freudenburg,Melvin Marxen,Central,GTK 500,,Engaging,2017-08-01,0.6133723870506995,152.0,14.0,10.857142857142858,True,0.6013079484170454,"Marty Freudenburg's GTK 500 opportunity has a 61% close propensity and has spent 152 days in Engaging, well beyond the 14-day historical norm; prioritize a next-step check before forecast review."
81MXE1H7,Markita Hansen,Celia Rouche,West,MG Advanced,Bioholding,Engaging,2017-02-14,0.6134087482174642,320.0,80.0,4.0,True,0.6012843136586483,"Markita Hansen's MG Advanced opportunity has a 61% close propensity and has spent 320 days in Engaging, well beyond the 80-day historical norm; prioritize a next-step check before forecast review."
B5A1BERF,Kami Bicknell,Summer Sewald,West,GTX Pro,Umbrella Corporation,Engaging,2017-02-07,0.6194337187928323,327.0,82.0,3.9878048780487805,True,0.5963010096139274,"Kami Bicknell's GTX Pro opportunity has a 62% close propensity and has spent 327 days in Engaging, well beyond the 82-day historical norm; prioritize a next-step check before forecast review."
4NGSQODD,James Ascencio,Summer Sewald,West,GTX Pro,Blackzim,Engaging,2017-01-28,0.6216792874245567,337.0,82.0,4.109756097560975,True,0.5959084631740381,"James Ascencio's GTX Pro opportunity has a 62% close propensity and has spent 337 days in Engaging, well beyond the 82-day historical norm; prioritize a next-step check before forecast review."
7VOW7BUJ,Cassey Cress,Rocco Neubert,East,GTX Pro,,Engaging,2017-02-07,0.6288306495808592,327.0,79.0,4.139240506329114,True,0.5912600777724415,"Cassey Cress's GTX Pro opportunity has a 63% close propensity and has spent 327 days in Engaging, well beyond the 79-day historical norm; prioritize a next-step check before forecast review."
2J5E145N,Daniell Hammack,Rocco Neubert,East,GTX Pro,,Engaging,2017-02-07,0.6288306495808592,327.0,79.0,4.139240506329114,True,0.5912600777724415,"Daniell Hammack's GTX Pro opportunity has a 63% close propensity and has spent 327 days in Engaging, well beyond the 79-day historical norm; prioritize a next-step check before forecast review."
G5JP0G7Q,Markita Hansen,Celia Rouche,West,MG Advanced,,Engaging,2017-02-19,0.6204755471206598,315.0,80.0,3.9375,True,0.5912221443715711,"Markita Hansen's MG Advanced opportunity has a 62% close propensity and has spent 315 days in Engaging, well beyond the 80-day historical norm; prioritize a next-step check before forecast review."
5RNWV17L,Rosalina Dieter,Celia Rouche,West,MG Advanced,Golddex,Engaging,2017-02-11,0.6321789263024464,323.0,80.0,4.0375,True,0.5890836979034098,"Rosalina Dieter's MG Advanced opportunity has a 63% close propensity and has spent 323 days in Engaging, well beyond the 80-day historical norm; prioritize a next-step check before forecast review."
L2S4T3VA,Cassey Cress,Rocco Neubert,East,GTX Plus Pro,,Engaging,2017-02-08,0.6290837204504314,326.0,82.0,3.975609756097561,True,0.5889614353657562,"Cassey Cress's GTX Plus Pro opportunity has a 63% close propensity and has spent 326 days in Engaging, well beyond the 82-day historical norm; prioritize a next-step check before forecast review."
ZHXIDZNI,Kary Hendrixson,Summer Sewald,West,GTX Pro,,Engaging,2017-02-08,0.6290837204504314,326.0,82.0,3.975609756097561,True,0.5889614353657562,"Kary Hendrixson's GTX Pro opportunity has a 63% close propensity and has spent 326 days in Engaging, well beyond the 82-day historical norm; prioritize a next-step check before forecast review."
30R81VZX,Kami Bicknell,Summer Sewald,West,GTX Pro,Zoomit,Engaging,2017-02-06,0.6328311259098465,328.0,82.0,4.0,True,0.5886597681585998,"Kami Bicknell's GTX Pro opportunity has a 63% close propensity and has spent 328 days in Engaging, well beyond the 82-day historical norm; prioritize a next-step check before forecast review."
6HG76L6U,Boris Faz,Rocco Neubert,East,GTX Pro,,Engaging,2017-02-21,0.6288306495808592,313.0,79.0,3.962025316455696,True,0.5879372929623149,"Boris Faz's GTX Pro opportunity has a 63% close propensity and has spent 313 days in Engaging, well beyond the 79-day historical norm; prioritize a next-step check before forecast review."
NOLCZMV6,Violet Mclelland,Cara Losch,East,GTX Pro,Goodsilron,Engaging,2017-02-21,0.6288306495808592,313.0,79.0,3.962025316455696,True,0.5879372929623149,"Violet Mclelland's GTX Pro opportunity has a 63% close propensity and has spent 313 days in Engaging, well beyond the 79-day historical norm; prioritize a next-step check before forecast review."
E887HZT1,Rosalina Dieter,Celia Rouche,West,MG Advanced,Cheers,Engaging,2017-02-12,0.6359419299241266,322.0,80.0,4.025,True,0.5866377455493177,"Rosalina Dieter's MG Advanced opportunity has a 64% close propensity and has spent 322 days in Engaging, well beyond the 80-day historical norm; prioritize a next-step check before forecast review."
MCE5DKD1,Markita Hansen,Celia Rouche,West,MG Special,Bioholding,Engaging,2017-01-10,0.6360293523867927,355.0,84.25,4.213649851632048,True,0.5865809209485847,"Markita Hansen's MG Special opportunity has a 64% close propensity and has spent 355 days in Engaging, well beyond the 84-day historical norm; prioritize a next-step check before forecast review."
B06D1F9M,Vicki Laflamme,Celia Rouche,West,GTX Pro,Faxquote,Engaging,2017-02-13,0.6257937448262042,321.0,82.0,3.9146341463414633,True,0.5857645536678453,"Vicki Laflamme's GTX Pro opportunity has a 63% close propensity and has spent 321 days in Engaging, well beyond the 82-day historical norm; prioritize a next-step check before forecast review."
BTT6YAVZ,Zane Levy,Summer Sewald,West,GTX Plus Basic,Green-Plus,Engaging,2017-01-01,0.637389139757474,364.0,89.0,4.089887640449438,True,0.5856970591576418,"Zane Levy's GTX Plus Basic opportunity has a 64% close propensity and has spent 364 days in Engaging, well beyond the 89-day historical norm; prioritize a next-step check before forecast review."
9A9E1KPG,Elease Gluck,Celia Rouche,West,GTX Basic,Genco Pura Olive Oil Company,Engaging,2017-02-08,0.6290837204504314,326.0,83.0,3.927710843373494,True,0.5847702805024003,"Elease Gluck's GTX Basic opportunity has a 63% close propensity and has spent 326 days in Engaging, well beyond the 83-day historical norm; prioritize a next-step check before forecast review."
6VIK2VX8,Hayden Neloms,Celia Rouche,West,MG Special,Isdom,Engaging,2017-02-06,0.625904391945546,328.0,84.25,3.893175074183976,True,0.5838149642264929,"Hayden Neloms's MG Special opportunity has a 63% close propensity and has spent 328 days in Engaging, well beyond the 84-day historical norm; prioritize a next-step check before forecast review."
LMKNU8IZ,Markita Hansen,Celia Rouche,West,GTX Pro,,Engaging,2017-02-24,0.6117956618361302,310.0,82.0,3.7804878048780486,True,0.5831255027333446,"Markita Hansen's GTX Pro opportunity has a 61% close propensity and has spent 310 days in Engaging, well beyond the 82-day historical norm; prioritize a next-step check before forecast review."
JCPQZ2SN,Hayden Neloms,Celia Rouche,West,GTX Plus Basic,Cheers,Engaging,2017-02-04,0.6027885062259546,330.0,89.0,3.707865168539326,True,0.5826256732003205,"Hayden Neloms's GTX Plus Basic opportunity has a 60% close propensity and has spent 330 days in Engaging, well beyond the 89-day historical norm; prioritize a next-step check before forecast review."
9SLINQY5,Markita Hansen,Celia Rouche,West,MG Advanced,Newex,Engaging,2017-02-21,0.6306619926772421,313.0,80.0,3.9125,True,0.5824134547597927,"Markita Hansen's MG Advanced opportunity has a 63% close propensity and has spent 313 days in Engaging, well beyond the 80-day historical norm; prioritize a next-step check before forecast review."
PFFHM7HR,Markita Hansen,Celia Rouche,West,MG Advanced,Opentech,Engaging,2016-11-27,0.6432712524108518,399.0,80.0,4.9875,True,0.5818736859329463,"Markita Hansen's MG Advanced opportunity has a 64% close propensity and has spent 399 days in Engaging, well beyond the 80-day historical norm; prioritize a next-step check before forecast review."
HZIU2NOT,Kary Hendrixson,Summer Sewald,West,GTX Plus Pro,,Engaging,2017-02-04,0.6338459537778743,330.0,84.0,3.9285714285714284,True,0.5817501300443817,"Kary Hendrixson's GTX Plus Pro opportunity has a 63% close propensity and has spent 330 days in Engaging, well beyond the 84-day historical norm; prioritize a next-step check before forecast review."
X3ZSQCH8,Kami Bicknell,Summer Sewald,West,GTX Basic,Scotfind,Engaging,2017-02-10,0.6305880313201435,324.0,83.0,3.9036144578313254,True,0.5816840447021476,"Kami Bicknell's GTX Basic opportunity has a 63% close propensity and has spent 324 days in Engaging, well beyond the 83-day historical norm; prioritize a next-step check before forecast review."
W24IDMVV,Corliss Cosme,Cara Losch,East,GTX Plus Pro,,Engaging,2017-02-15,0.6290837204504314,319.0,82.0,3.8902439024390243,True,0.5814919231706343,"Corliss Cosme's GTX Plus Pro opportunity has a 63% close propensity and has spent 319 days in Engaging, well beyond the 82-day historical norm; prioritize a next-step check before forecast review."
OCGXWE8H,Vicki Laflamme,Celia Rouche,West,MG Special,,Engaging,2017-02-03,0.6366065744385698,331.0,84.25,3.9287833827893177,True,0.5799742726089949,"Vicki Laflamme's MG Special opportunity has a 64% close propensity and has spent 331 days in Engaging, well beyond the 84-day historical norm; prioritize a next-step check before forecast review."
84LN84VM,Vicki Laflamme,Celia Rouche,West,MG Advanced,,Engaging,2017-02-17,0.6420363639890082,317.0,80.0,3.9625,True,0.5793951134071447,"Vicki Laflamme's MG Advanced opportunity has a 64% close propensity and has spent 317 days in Engaging, well beyond the 80-day historical norm; prioritize a next-step check before forecast review."
KVR52YDI,Corliss Cosme,Cara Losch,East,GTX Pro,,Engaging,2017-03-01,0.6290837204504314,305.0,79.0,3.8607594936708862,True,0.5789120374034221,"Corliss Cosme's GTX Pro opportunity has a 63% close propensity and has spent 305 days in Engaging, well beyond the 79-day historical norm; prioritize a next-step check before forecast review."
8AJG1YLJ,Kary Hendrixson,Summer Sewald,West,GTX Basic,,Engaging,2017-02-11,0.6338459537778743,323.0,83.0,3.891566265060241,True,0.5785121782371527,"Kary Hendrixson's GTX Basic opportunity has a 63% close propensity and has spent 323 days in Engaging, well beyond the 83-day historical norm; prioritize a next-step check before forecast review."
92G1TO7L,Kary Hendrixson,Summer Sewald,West,GTX Basic,,Engaging,2017-02-15,0.6290837204504314,319.0,83.0,3.8433734939759034,True,0.5773907624301111,"Kary Hendrixson's GTX Basic opportunity has a 63% close propensity and has spent 319 days in Engaging, well beyond the 83-day historical norm; prioritize a next-step check before forecast review."
R2W96FGX,Zane Levy,Summer Sewald,West,GTX Basic,,Engaging,2017-02-15,0.6290837204504314,319.0,83.0,3.8433734939759034,True,0.5773907624301111,"Zane Levy's GTX Basic opportunity has a 63% close propensity and has spent 319 days in Engaging, well beyond the 83-day historical norm; prioritize a next-step check before forecast review."
INBGKE14,Kary Hendrixson,Summer Sewald,West,GTX Pro,,Engaging,2017-02-16,0.6338459537778743,318.0,82.0,3.8780487804878048,True,0.5773293983370646,"Kary Hendrixson's GTX Pro opportunity has a 63% close propensity and has spent 318 days in Engaging, well beyond the 82-day historical norm; prioritize a next-step check before forecast review."
VXMFL425,James Ascencio,Summer Sewald,West,GTX Basic,Faxquote,Engaging,2017-02-12,0.63413344736772,322.0,83.0,3.8795180722891565,True,0.5772710905362831,"James Ascencio's GTX Basic opportunity has a 63% close propensity and has spent 322 days in Engaging, well beyond the 83-day historical norm; prioritize a next-step check before forecast review."
RVH3UUKY,Vicki Laflamme,Celia Rouche,West,MG Advanced,,Engaging,2017-02-19,0.642321055643852,315.0,80.0,3.9375,True,0.5770225638314962,"Vicki Laflamme's MG Advanced opportunity has a 64% close propensity and has spent 315 days in Engaging, well beyond the 80-day historical norm; prioritize a next-step check before forecast review."
J6F10SFK,Markita Hansen,Celia Rouche,West,MG Advanced,,Engaging,2017-04-08,0.5625690967212758,267.0,80.0,3.3375,True,0.5763613371311707,"Markita Hansen's MG Advanced opportunity has a 56% close propensity and has spent 267 days in Engaging, well beyond the 80-day historical norm; prioritize a next-step check before forecast review."
Y7N97FW8,Vicki Laflamme,Celia Rouche,West,GTX Pro,,Engaging,2017-02-20,0.6288306495808592,314.0,82.0,3.8292682926829267,True,0.5763210533821976,"Vicki Laflamme's GTX Pro opportunity has a 63% close propensity and has spent 314 days in Engaging, well beyond the 82-day historical norm; prioritize a next-step check before forecast review."
VN8LKQN3,Boris Faz,Rocco Neubert,East,GTX Plus Basic,,Engaging,2017-02-02,0.6338459537778743,332.0,86.0,3.86046511627907,True,0.5757908277188003,"Boris Faz's GTX Plus Basic opportunity has a 63% close propensity and has spent 332 days in Engaging, well beyond the 86-day historical norm; prioritize a next-step check before forecast review."
SWJ9OOZU,Hayden Neloms,Celia Rouche,West,MG Advanced,Opentech,Engaging,2017-02-13,0.653050100926249,321.0,80.0,4.0125,True,0.5755174343979381,"Hayden Neloms's MG Advanced opportunity has a 65% close propensity and has spent 321 days in Engaging, well beyond the 80-day historical norm; prioritize a next-step check before forecast review."
5BXUKFPR,James Ascencio,Summer Sewald,West,GTX Plus Pro,,Engaging,2017-02-11,0.6338459537778743,323.0,84.0,3.8452380952380953,True,0.574458463377715,"James Ascencio's GTX Plus Pro opportunity has a 63% close propensity and has spent 323 days in Engaging, well beyond the 84-day historical norm; prioritize a next-step check before forecast review."
QRQ8C6MQ,Cassey Cress,Rocco Neubert,East,GTX Pro,Globex Corporation,Engaging,2017-03-03,0.6338459537778743,303.0,79.0,3.8354430379746836,True,0.5736013958671664,"Cassey Cress's GTX Pro opportunity has a 63% close propensity and has spent 303 days in Engaging, well beyond the 79-day historical norm; prioritize a next-step check before forecast review."
JQA8H6M5,Kami Bicknell,Summer Sewald,West,GTX Plus Pro,,Engaging,2017-02-15,0.6290837204504314,319.0,84.0,3.7976190476190474,True,0.5733872483738862,"Kami Bicknell's GTX Plus Pro opportunity has a 63% close propensity and has spent 319 days in Engaging, well beyond the 84-day historical norm; prioritize a next-step check before forecast review."
V3HVIJLL,Zane Levy,Summer Sewald,West,GTX Basic,,Engaging,2017-02-16,0.6338459537778743,318.0,83.0,3.8313253012048194,True,0.5732410938998034,"Zane Levy's GTX Basic opportunity has a 63% close propensity and has spent 318 days in Engaging, well beyond the 83-day historical norm; prioritize a next-step check before forecast review."
4E5A84H1,Kami Bicknell,Summer Sewald,West,MG Advanced,,Engaging,2017-02-23,0.6420363639890082,311.0,80.0,3.8875,True,0.5728326134071446,"Kami Bicknell's MG Advanced opportunity has a 64% close propensity and has spent 311 days in Engaging, well beyond the 80-day historical norm; prioritize a next-step check before forecast review."
STT3X4NB,Violet Mclelland,Cara Losch,East,GTX Basic,Xx-holding,Engaging,2017-03-01,0.5909445475729794,305.0,87.0,3.5057471264367814,True,0.5726389176407818,"Violet Mclelland's GTX Basic opportunity has a 59% close propensity and has spent 305 days in Engaging, well beyond the 87-day historical norm; prioritize a next-step check before forecast review."
AF8NG5JC,Cassey Cress,Rocco Neubert,East,MG Special,Betatech,Engaging,2017-02-08,0.6359903358773872,326.0,85.0,3.835294117647059,True,0.572194516973816,"Cassey Cress's MG Special opportunity has a 64% close propensity and has spent 326 days in Engaging, well beyond the 85-day historical norm; prioritize a next-step check before forecast review."
S6645YWA,Kami Bicknell,Summer Sewald,West,GTX Basic,Y-corporation,Engaging,2017-02-07,0.6502876271376347,327.0,83.0,3.9397590361445785,True,0.572041958023188,"Kami Bicknell's GTX Basic opportunity has a 65% close propensity and has spent 327 days in Engaging, well beyond the 83-day historical norm; prioritize a next-step check before forecast review."
JDXSS1HT,Markita Hansen,Celia Rouche,West,GTX Basic,Silis,Engaging,2017-03-08,0.60382127251041,298.0,83.0,3.5903614457831323,True,0.5716727993742576,"Markita Hansen's GTX Basic opportunity has a 60% close propensity and has spent 298 days in Engaging, well beyond the 83-day historical norm; prioritize a next-step check before forecast review."
B4SIVH1O,Daniell Hammack,Rocco Neubert,East,GTX Basic,Fasehatice,Engaging,2017-02-22,0.6032750632930421,312.0,87.0,3.586206896551724,True,0.5716643123077985,"Daniell Hammack's GTX Basic opportunity has a 60% close propensity and has spent 312 days in Engaging, well beyond the 87-day historical norm; prioritize a next-step check before forecast review."
SVCKI631,Maureen Marcano,Summer Sewald,West,GTX Basic,,Engaging,2017-02-15,0.6384991254682997,319.0,83.0,3.8433734939759034,True,0.5712707491684967,"Maureen Marcano's GTX Basic opportunity has a 64% close propensity and has spent 319 days in Engaging, well beyond the 83-day historical norm; prioritize a next-step check before forecast review."
Y3CYQGPH,Rosalina Dieter,Celia Rouche,West,GTX Basic,,Engaging,2017-02-22,0.6290837204504314,312.0,83.0,3.7590361445783134,True,0.570011244357822,"Rosalina Dieter's GTX Basic opportunity has a 63% close propensity and has spent 312 days in Engaging, well beyond the 83-day historical norm; prioritize a next-step check before forecast review."
WJQ8VD51,Kami Bicknell,Summer Sewald,West,GTX Basic,Faxquote,Engaging,2017-02-19,0.63413344736772,315.0,83.0,3.7951807228915664,True,0.569891572463994,"Kami Bicknell's GTX Basic opportunity has a 63% close propensity and has spent 315 days in Engaging, well beyond the 83-day historical norm; prioritize a next-step check before forecast review."
CG9VXPV1,Zane Levy,Summer Sewald,West,GTX Basic,,Engaging,2017-02-19,0.63413344736772,315.0,83.0,3.7951807228915664,True,0.569891572463994,"Zane Levy's GTX Basic opportunity has a 63% close propensity and has spent 315 days in Engaging, well beyond the 83-day historical norm; prioritize a next-step check before forecast review."
FW2XJG9S,Markita Hansen,Celia Rouche,West,GTX Plus Basic,,Engaging,2017-02-15,0.6069244902002461,319.0,89.0,3.5842696629213484,True,0.569122676875458,"Markita Hansen's GTX Plus Basic opportunity has a 61% close propensity and has spent 319 days in Engaging, well beyond the 89-day historical norm; prioritize a next-step check before forecast review."
NR947OAB,Kami Bicknell,Summer Sewald,West,GTX Pro,,Engaging,2017-02-24,0.6338459537778743,310.0,82.0,3.7804878048780486,True,0.568792812971211,"Kami Bicknell's GTX Pro opportunity has a 63% close propensity and has spent 310 days in Engaging, well beyond the 82-day historical norm; prioritize a next-step check before forecast review."
IKU97NEU,Markita Hansen,Celia Rouche,West,MG Advanced,Funholding,Engaging,2017-04-10,0.5719372943264708,265.0,80.0,3.3125,True,0.5680845086877939,"Markita Hansen's MG Advanced opportunity has a 57% close propensity and has spent 265 days in Engaging, well beyond the 80-day historical norm; prioritize a next-step check before forecast review."
LXM6CTMS,Hayden Neloms,Celia Rouche,West,GTX Plus Basic,,Engaging,2017-02-12,0.6132185522498602,322.0,89.0,3.6179775280898876,True,0.5679809747454561,"Hayden Neloms's GTX Plus Basic opportunity has a 61% close propensity and has spent 322 days in Engaging, well beyond the 89-day historical norm; prioritize a next-step check before forecast review."
R5RSH4JV,Boris Faz,Rocco Neubert,East,GTX Plus Pro,,Engaging,2017-02-25,0.6338459537778743,309.0,82.0,3.768292682926829,True,0.5677257398004792,"Boris Faz's GTX Plus Pro opportunity has a 63% close propensity and has spent 309 days in Engaging, well beyond the 82-day historical norm; prioritize a next-step check before forecast review."
E4THD359,Wilburn Farren,Cara Losch,East,GTX Basic,,Engaging,2017-02-05,0.6359706629337943,329.0,87.0,3.781609195402299,True,0.5675098736907348,"Wilburn Farren's GTX Basic opportunity has a 64% close propensity and has spent 329 days in Engaging, well beyond the 87-day historical norm; prioritize a next-step check before forecast review."
CGJ7NRZH,Violet Mclelland,Cara Losch,East,MG Special,,Engaging,2017-02-12,0.6368931421833545,322.0,85.0,3.788235294117647,True,0.5674900458161136,"Violet Mclelland's MG Special opportunity has a 64% close propensity and has spent 322 days in Engaging, well beyond the 85-day historical norm; prioritize a next-step check before forecast review."
BHHDOY2E,Kary Hendrixson,Summer Sewald,West,MG Advanced,,Engaging,2017-04-07,0.5781313176913802,268.0,80.0,3.35,True,0.5673396435006028,"Kary Hendrixson's MG Advanced opportunity has a 58% close propensity and has spent 268 days in Engaging, well beyond the 80-day historical norm; prioritize a next-step check before forecast review."
UQQE9ILV,James Ascencio,Summer Sewald,West,GTX Pro,Iselectrics,Engaging,2017-01-13,0.6663465611848151,352.0,82.0,4.2926829268292686,True,0.5668747352298702,"James Ascencio's GTX Pro opportunity has a 67% close propensity and has spent 352 days in Engaging, well beyond the 82-day historical norm; prioritize a next-step check before forecast review."
XRDF1NAB,Zane Levy,Summer Sewald,West,GTX Pro,,Engaging,2017-03-01,0.6290837204504314,305.0,82.0,3.7195121951219514,True,0.5665528987803903,"Zane Levy's GTX Pro opportunity has a 63% close propensity and has spent 305 days in Engaging, well beyond the 82-day historical norm; prioritize a next-step check before forecast review."
DN6SG3US,Wilburn Farren,Cara Losch,East,GTX Plus Pro,,Engaging,2017-02-25,0.6356837836072848,309.0,82.0,3.768292682926829,True,0.5665311504113624,"Wilburn Farren's GTX Plus Pro opportunity has a 64% close propensity and has spent 309 days in Engaging, well beyond the 82-day historical norm; prioritize a next-step check before forecast review."
SCS5H8V1,Markita Hansen,Celia Rouche,West,GTK 500,Vehement Capital Partners,Engaging,2017-02-14,0.59706723777455,320.0,92.0,3.4782608695652173,True,0.5662541215334991,"Markita Hansen's GTK 500 opportunity has a 60% close propensity and has spent 320 days in Engaging, well beyond the 92-day historical norm; prioritize a next-step check before forecast review."
YM8DBAFV,Cassey Cress,Rocco Neubert,East,GTX Basic,Sumace,Engaging,2017-02-05,0.6380115350682732,329.0,87.0,3.781609195402299,True,0.5661833068033235,"Cassey Cress's GTX Basic opportunity has a 64% close propensity and has spent 329 days in Engaging, well beyond the 87-day historical norm; prioritize a next-step check before forecast review."
TH9RV79M,Maureen Marcano,Summer Sewald,West,MG Special,,Engaging,2017-02-06,0.6532846023098018,328.0,84.25,3.893175074183976,True,0.5660178274897267,"Maureen Marcano's MG Special opportunity has a 65% close propensity and has spent 328 days in Engaging, well beyond the 84-day historical norm; prioritize a next-step check before forecast review."
AMNKCM1H,Elease Gluck,Celia Rouche,West,MG Special,Betasoloin,Engaging,2017-02-17,0.6366065744385698,317.0,84.25,3.7626112759643915,True,0.5654342132618139,"Elease Gluck's MG Special opportunity has a 64% close propensity and has spent 317 days in Engaging, well beyond the 84-day historical norm; prioritize a next-step check before forecast review."
WUNMIJW9,Elease Gluck,Celia Rouche,West,MG Advanced,,Engaging,2017-03-02,0.6420363639890082,304.0,80.0,3.8,True,0.5651763634071446,"Elease Gluck's MG Advanced opportunity has a 64% close propensity and has spent 304 days in Engaging, well beyond the 80-day historical norm; prioritize a next-step check before forecast review."
JA5G7YBO,Markita Hansen,Celia Rouche,West,MG Special,Blackzim,Engaging,2017-03-05,0.6115543368944634,301.0,84.25,3.572700296735905,True,0.5651009569829905,"Markita Hansen's MG Special opportunity has a 61% close propensity and has spent 301 days in Engaging, well beyond the 84-day historical norm; prioritize a next-step check before forecast review."
V74O6XQT,Daniell Hammack,Rocco Neubert,East,GTX Pro,,Engaging,2017-03-14,0.6288306495808592,292.0,79.0,3.6962025316455698,True,0.5646777992914289,"Daniell Hammack's GTX Pro opportunity has a 63% close propensity and has spent 292 days in Engaging, well beyond the 79-day historical norm; prioritize a next-step check before forecast review."
4IT33RBO,Markita Hansen,Celia Rouche,West,GTX Basic,,Engaging,2017-03-13,0.6066657535048658,293.0,83.0,3.5301204819277108,True,0.564552802390512,"Markita Hansen's GTX Basic opportunity has a 61% close propensity and has spent 293 days in Engaging, well beyond the 83-day historical norm; prioritize a next-step check before forecast review."
ZHY9C8OO,Kami Bicknell,Summer Sewald,West,GTX Plus Basic,,Engaging,2017-02-02,0.6338459537778743,332.0,89.0,3.730337078651685,True,0.5644046244264042,"Kami Bicknell's GTX Plus Basic opportunity has a 63% close propensity and has spent 332 days in Engaging, well beyond the 89-day historical norm; prioritize a next-step check before forecast review."
H2MC2E7K,Vicki Laflamme,Celia Rouche,West,GTX Plus Basic,Condax,Engaging,2017-02-02,0.6338459537778743,332.0,89.0,3.730337078651685,True,0.5644046244264042,"Vicki Laflamme's GTX Plus Basic opportunity has a 63% close propensity and has spent 332 days in Engaging, well beyond the 89-day historical norm; prioritize a next-step check before forecast review."
OZ761BUJ,Violet Mclelland,Cara Losch,East,GTX Basic,,Engaging,2017-02-13,0.6288306495808592,321.0,87.0,3.689655172413793,True,0.5641049053586484,"Violet Mclelland's GTX Basic opportunity has a 63% close propensity and has spent 321 days in Engaging, well beyond the 87-day historical norm; prioritize a next-step check before forecast review."
P9PFSLS6,Maureen Marcano,Summer Sewald,West,MG Special,,Engaging,2017-02-05,0.6584278044115809,329.0,84.25,3.9050445103857565,True,0.5637133217912261,"Maureen Marcano's MG Special opportunity has a 66% close propensity and has spent 329 days in Engaging, well beyond the 84-day historical norm; prioritize a next-step check before forecast review."
3PVNGGBX,Markita Hansen,Celia Rouche,West,GTX Basic,The New York Inquirer,Engaging,2017-03-14,0.6066657535048658,292.0,83.0,3.5180722891566263,True,0.563498585523042,"Markita Hansen's GTX Basic opportunity has a 61% close propensity and has spent 292 days in Engaging, well beyond the 83-day historical norm; prioritize a next-step check before forecast review."
456BP2X7,Zane Levy,Summer Sewald,West,MG Advanced,,Engaging,2017-04-10,0.5806923048614174,265.0,80.0,3.3125,True,0.5623937518400786,"Zane Levy's MG Advanced opportunity has a 58% close propensity and has spent 265 days in Engaging, well beyond the 80-day historical norm; prioritize a next-step check before forecast review."
1WHXI2RW,Markita Hansen,Celia Rouche,West,GTX Plus Basic,,Engaging,2017-02-19,0.6120898730663297,315.0,89.0,3.539325842696629,True,0.5618325937428408,"Markita Hansen's GTX Plus Basic opportunity has a 61% close propensity and has spent 315 days in Engaging, well beyond the 89-day historical norm; prioritize a next-step check before forecast review."
WFCEPHD3,Markita Hansen,Celia Rouche,West,GTX Pro,,Engaging,2017-03-16,0.6117956618361302,290.0,82.0,3.5365853658536586,True,0.5617840393187106,"Markita Hansen's GTX Pro opportunity has a 61% close propensity and has spent 290 days in Engaging, well beyond the 82-day historical norm; prioritize a next-step check before forecast review."
TF19VML9,Kami Bicknell,Summer Sewald,West,GTX Plus Basic,,Engaging,2017-02-08,0.6290837204504314,326.0,89.0,3.662921348314607,True,0.5616011996847476,"Kami Bicknell's GTX Plus Basic opportunity has a 63% close propensity and has spent 326 days in Engaging, well beyond the 89-day historical norm; prioritize a next-step check before forecast review."
MU7JWTP6,Cassey Cress,Rocco Neubert,East,MG Special,,Engaging,2017-02-18,0.6366065744385698,316.0,85.0,3.7176470588235295,True,0.5614998442619884,"Cassey Cress's MG Special opportunity has a 64% close propensity and has spent 316 days in Engaging, well beyond the 85-day historical norm; prioritize a next-step check before forecast review."
ZG8WPG99,Kary Hendrixson,Summer Sewald,West,GTX Pro,,Engaging,2017-03-03,0.6338459537778743,303.0,82.0,3.6951219512195124,True,0.5613233007760889,"Kary Hendrixson's GTX Pro opportunity has a 63% close propensity and has spent 303 days in Engaging, well beyond the 82-day historical norm; prioritize a next-step check before forecast review."
ESZY10SI,Hayden Neloms,Celia Rouche,West,MG Advanced,,Engaging,2017-02-22,0.6620698108586529,312.0,80.0,3.9,True,0.5609046229418756,"Hayden Neloms's MG Advanced opportunity has a 66% close propensity and has spent 312 days in Engaging, well beyond the 80-day historical norm; prioritize a next-step check before forecast review."
U5K2MZB6,Zane Levy,Summer Sewald,West,MG Advanced,,Engaging,2017-04-13,0.5781313176913802,262.0,80.0,3.275,True,0.5607771435006029,"Zane Levy's MG Advanced opportunity has a 58% close propensity and has spent 262 days in Engaging, well beyond the 80-day historical norm; prioritize a next-step check before forecast review."
NGCM47PC,Zane Levy,Summer Sewald,West,GTX Pro,,Engaging,2017-03-07,0.6288306495808592,299.0,82.0,3.6463414634146343,True,0.5603149558212219,"Zane Levy's GTX Pro opportunity has a 63% close propensity and has spent 299 days in Engaging, well beyond the 82-day historical norm; prioritize a next-step check before forecast review."
9HRMW8SL,Daniell Hammack,Rocco Neubert,East,MG Special,,Engaging,2017-02-19,0.6368931421833545,315.0,85.0,3.7058823529411766,True,0.5602841634631726,"Daniell Hammack's MG Special opportunity has a 64% close propensity and has spent 315 days in Engaging, well beyond the 85-day historical norm; prioritize a next-step check before forecast review."
7TI1WTV9,Zane Levy,Summer Sewald,West,GTX Pro,Acme Corporation,Engaging,2017-03-04,0.6338459537778743,302.0,82.0,3.682926829268293,True,0.5602562276053573,"Zane Levy's GTX Pro opportunity has a 63% close propensity and has spent 302 days in Engaging, well beyond the 82-day historical norm; prioritize a next-step check before forecast review."
01EH41WA,Zane Levy,Summer Sewald,West,GTX Pro,,Engaging,2017-03-04,0.6338459537778743,302.0,82.0,3.682926829268293,True,0.5602562276053573,"Zane Levy's GTX Pro opportunity has a 63% close propensity and has spent 302 days in Engaging, well beyond the 82-day historical norm; prioritize a next-step check before forecast review."
PGXIPGDM,Vicki Laflamme,Celia Rouche,West,MG Advanced,Lexiqvolax,Engaging,2017-04-12,0.5806923048614174,263.0,80.0,3.2875,True,0.5602062518400787,"Vicki Laflamme's MG Advanced opportunity has a 58% close propensity and has spent 263 days in Engaging, well beyond the 80-day historical norm; prioritize a next-step check before forecast review."
TV300INP,Wilburn Farren,Cara Losch,East,GTX Plus Pro,,Engaging,2017-03-03,0.6356837836072848,303.0,82.0,3.6951219512195124,True,0.5601287113869722,"Wilburn Farren's GTX Plus Pro opportunity has a 64% close propensity and has spent 303 days in Engaging, well beyond the 82-day historical norm; prioritize a next-step check before forecast review."
JSZZN48S,James Ascencio,Summer Sewald,West,GTX Plus Pro,,Engaging,2017-02-28,0.6288306495808592,306.0,84.0,3.642857142857143,True,0.5600100777724415,"James Ascencio's GTX Plus Pro opportunity has a 63% close propensity and has spent 306 days in Engaging, well beyond the 84-day historical norm; prioritize a next-step check before forecast review."
X1D1HYMM,James Ascencio,Summer Sewald,West,GTX Plus Pro,,Engaging,2017-02-25,0.6338459537778743,309.0,84.0,3.6785714285714284,True,0.5598751300443816,"James Ascencio's GTX Plus Pro opportunity has a 63% close propensity and has spent 309 days in Engaging, well beyond the 84-day historical norm; prioritize a next-step check before forecast review."
MN6E59H6,Markita Hansen,Celia Rouche,West,GTX Plus Pro,,Engaging,2017-03-14,0.6066657535048658,292.0,84.0,3.4761904761904763,True,0.5598339268885039,"Markita Hansen's GTX Plus Pro opportunity has a 61% close propensity and has spent 292 days in Engaging, well beyond the 84-day historical norm; prioritize a next-step check before forecast review."
CY7C3ZPJ,Markita Hansen,Celia Rouche,West,MG Advanced,,Engaging,2017-04-23,0.562873959417345,252.0,80.0,3.15,True,0.5597569263787256,"Markita Hansen's MG Advanced opportunity has a 56% close propensity and has spent 252 days in Engaging, well beyond the 80-day historical norm; prioritize a next-step check before forecast review."
BED55OSG,Markita Hansen,Celia Rouche,West,GTX Pro,,Engaging,2017-04-02,0.5881448687424686,273.0,82.0,3.3292682926829267,True,0.5590168109271514,"Markita Hansen's GTX Pro opportunity has a 59% close propensity and has spent 273 days in Engaging, well beyond the 82-day historical norm; prioritize a next-step check before forecast review."
9Y85N0W5,Markita Hansen,Celia Rouche,West,MG Advanced,,Engaging,2017-03-22,0.6179064887734439,284.0,80.0,3.55,True,0.5589857822972615,"Markita Hansen's MG Advanced opportunity has a 62% close propensity and has spent 284 days in Engaging, well beyond the 80-day historical norm; prioritize a next-step check before forecast review."
8TRT2HNF,Markita Hansen,Celia Rouche,West,GTX Basic,Green-Plus,Engaging,2017-04-03,0.5818006392944532,272.0,83.0,3.2771084337349397,True,0.5585765724104126,"Markita Hansen's GTX Basic opportunity has a 58% close propensity and has spent 272 days in Engaging, well beyond the 83-day historical norm; prioritize a next-step check before forecast review."
ZLN48IIP,Markita Hansen,Celia Rouche,West,GTX Basic,Iselectrics,Engaging,2017-04-03,0.5818006392944532,272.0,83.0,3.2771084337349397,True,0.5585765724104126,"Markita Hansen's GTX Basic opportunity has a 58% close propensity and has spent 272 days in Engaging, well beyond the 83-day historical norm; prioritize a next-step check before forecast review."
4V9NMGEA,Rosalina Dieter,Celia Rouche,West,GTX Basic,,Engaging,2017-03-02,0.6338459537778743,304.0,83.0,3.6626506024096384,True,0.558482057755225,"Rosalina Dieter's GTX Basic opportunity has a 63% close propensity and has spent 304 days in Engaging, well beyond the 83-day historical norm; prioritize a next-step check before forecast review."
4CXUC4VR,Vicki Laflamme,Celia Rouche,West,GTX Basic,Rantouch,Engaging,2017-03-02,0.6338459537778743,304.0,83.0,3.6626506024096384,True,0.558482057755225,"Vicki Laflamme's GTX Basic opportunity has a 63% close propensity and has spent 304 days in Engaging, well beyond the 83-day historical norm; prioritize a next-step check before forecast review."
79EHWR35,Vicki Laflamme,Celia Rouche,West,GTX Basic,,Engaging,2017-03-02,0.6338459537778743,304.0,83.0,3.6626506024096384,True,0.558482057755225,"Vicki Laflamme's GTX Basic opportunity has a 63% close propensity and has spent 304 days in Engaging, well beyond the 83-day historical norm; prioritize a next-step check before forecast review."
D3ZC338T,Zane Levy,Summer Sewald,West,GTX Basic,,Engaging,2017-03-02,0.6338459537778743,304.0,83.0,3.6626506024096384,True,0.558482057755225,"Zane Levy's GTX Basic opportunity has a 63% close propensity and has spent 304 days in Engaging, well beyond the 83-day historical norm; prioritize a next-step check before forecast review."
QDGUWTLU,Rosalina Dieter,Celia Rouche,West,MG Special,,Engaging,2017-02-27,0.6316071061940267,307.0,84.25,3.6439169139465877,True,0.5582981109442091,"Rosalina Dieter's MG Special opportunity has a 63% close propensity and has spent 307 days in Engaging, well beyond the 84-day historical norm; prioritize a next-step check before forecast review."
VJ5QGP8Z,Maureen Marcano,Summer Sewald,West,MG Advanced,,Engaging,2017-02-15,0.6779546557212807,319.0,80.0,3.9875,True,0.5582357237811675,"Maureen Marcano's MG Advanced opportunity has a 68% close propensity and has spent 319 days in Engaging, well beyond the 80-day historical norm; prioritize a next-step check before forecast review."
LMOAYCUK,Kami Bicknell,Summer Sewald,West,GTX Plus Basic,Plusstrip,Engaging,2017-01-11,0.6769338839627105,354.0,89.0,3.9775280898876404,True,0.5580266832894067,"Kami Bicknell's GTX Plus Basic opportunity has a 68% close propensity and has spent 354 days in Engaging, well beyond the 89-day historical norm; prioritize a next-step check before forecast review."
5KK2SSSB,Rosie Papadopoulos,Cara Losch,East,GTX Basic,,Engaging,2017-02-16,0.6338459537778743,318.0,87.0,3.6551724137931036,True,0.5578277162512782,"Rosie Papadopoulos's GTX Basic opportunity has a 63% close propensity and has spent 318 days in Engaging, well beyond the 87-day historical norm; prioritize a next-step check before forecast review."
ZRYPU2QW,James Ascencio,Summer Sewald,West,MG Advanced,,Engaging,2017-03-09,0.6420363639890082,297.0,80.0,3.7125,True,0.5575201134071447,"James Ascencio's MG Advanced opportunity has a 64% close propensity and has spent 297 days in Engaging, well beyond the 80-day historical norm; prioritize a next-step check before forecast review."
KBQ16F1I,Zane Levy,Summer Sewald,West,GTX Basic,,Engaging,2017-03-03,0.6338459537778743,303.0,83.0,3.6506024096385543,True,0.5574278408877551,"Zane Levy's GTX Basic opportunity has a 63% close propensity and has spent 303 days in Engaging, well beyond the 83-day historical norm; prioritize a next-step check before forecast review."
KKRJ6TBY,Daniell Hammack,Rocco Neubert,East,GTX Pro,Scotfind,Engaging,2017-04-01,0.6098334970046982,274.0,79.0,3.4683544303797467,True,0.5570892396051739,"Daniell Hammack's GTX Pro opportunity has a 61% close propensity and has spent 274 days in Engaging, well beyond the 79-day historical norm; prioritize a next-step check before forecast review."
NCMT5KK3,Vicki Laflamme,Celia Rouche,West,GTX Basic,Dalttechnology,Engaging,2017-03-07,0.6288306495808592,299.0,83.0,3.602409638554217,True,0.5564709211459355,"Vicki Laflamme's GTX Basic opportunity has a 63% close propensity and has spent 299 days in Engaging, well beyond the 83-day historical norm; prioritize a next-step check before forecast review."
9E8A7MQ8,Kary Hendrixson,Summer Sewald,West,GTX Plus Pro,Blackzim,Engaging,2017-02-26,0.6380115350682732,308.0,84.0,3.6666666666666665,True,0.5561258355389557,"Kary Hendrixson's GTX Plus Pro opportunity has a 64% close propensity and has spent 308 days in Engaging, well beyond the 84-day historical norm; prioritize a next-step check before forecast review."
9FPDDSIJ,Cassey Cress,Rocco Neubert,East,GTX Pro,,Engaging,2017-03-22,0.6290837204504314,284.0,79.0,3.5949367088607596,True,0.5556525437325361,"Cassey Cress's GTX Pro opportunity has a 63% close propensity and has spent 284 days in Engaging, well beyond the 79-day historical norm; prioritize a next-step check before forecast review."
8GE7FY98,Violet Mclelland,Cara Losch,East,GTX Pro,,Engaging,2017-03-22,0.6290837204504314,284.0,79.0,3.5949367088607596,True,0.5556525437325361,"Violet Mclelland's GTX Pro opportunity has a 63% close propensity and has spent 284 days in Engaging, well beyond the 79-day historical norm; prioritize a next-step check before forecast review."
9X2S0K15,Hayden Neloms,Celia Rouche,West,MG Advanced,,Engaging,2017-02-27,0.6620698108586529,307.0,80.0,3.8375,True,0.5554358729418756,"Hayden Neloms's MG Advanced opportunity has a 66% close propensity and has spent 307 days in Engaging, well beyond the 80-day historical norm; prioritize a next-step check before forecast review."
ILR33OAV,James Ascencio,Summer Sewald,West,MG Advanced,,Engaging,2017-03-11,0.6420363639890082,295.0,80.0,3.6875,True,0.5553326134071447,"James Ascencio's MG Advanced opportunity has a 64% close propensity and has spent 295 days in Engaging, well beyond the 80-day historical norm; prioritize a next-step check before forecast review."
AKTPC3M1,Kami Bicknell,Summer Sewald,West,GTX Basic,,Engaging,2017-03-05,0.63413344736772,301.0,83.0,3.6265060240963853,True,0.5551325363194157,"Kami Bicknell's GTX Basic opportunity has a 63% close propensity and has spent 301 days in Engaging, well beyond the 83-day historical norm; prioritize a next-step check before forecast review."
ZTLLHCBU,Kary Hendrixson,Summer Sewald,West,GTX Basic,Dontechi,Engaging,2017-03-07,0.6310346502765541,299.0,83.0,3.602409638554217,True,0.5550383206937338,"Kary Hendrixson's GTX Basic opportunity has a 63% close propensity and has spent 299 days in Engaging, well beyond the 83-day historical norm; prioritize a next-step check before forecast review."
5P3NH791,Boris Faz,Rocco Neubert,East,MG Advanced,Golddex,Engaging,2017-02-10,0.6321789263024464,324.0,90.0,3.6,True,0.5540836979034098,"Boris Faz's MG Advanced opportunity has a 63% close propensity and has spent 324 days in Engaging, well beyond the 90-day historical norm; prioritize a next-step check before forecast review."
U6XJRWV8,James Ascencio,Summer Sewald,West,MG Advanced,,Engaging,2017-04-18,0.5806923048614174,257.0,80.0,3.2125,True,0.5536437518400786,"James Ascencio's MG Advanced opportunity has a 58% close propensity and has spent 257 days in Engaging, well beyond the 80-day historical norm; prioritize a next-step check before forecast review."
M857G6G1,Vicki Laflamme,Celia Rouche,West,MG Advanced,,Engaging,2017-04-18,0.5806923048614174,257.0,80.0,3.2125,True,0.5536437518400786,"Vicki Laflamme's MG Advanced opportunity has a 58% close propensity and has spent 257 days in Engaging, well beyond the 80-day historical norm; prioritize a next-step check before forecast review."
DEHQTB8B,Boris Faz,Rocco Neubert,East,MG Special,Kinnamplus,Engaging,2017-03-01,0.6318593922768123,305.0,85.0,3.588235294117647,True,0.5532619832553661,"Boris Faz's MG Special opportunity has a 63% close propensity and has spent 305 days in Engaging, well beyond the 85-day historical norm; prioritize a next-step check before forecast review."
VDIU10RV,Markita Hansen,Celia Rouche,West,MG Special,Lexiqvolax,Engaging,2016-11-23,0.6873448048365749,403.0,84.25,4.783382789317508,True,0.5532258768562263,"Markita Hansen's MG Special opportunity has a 69% close propensity and has spent 403 days in Engaging, well beyond the 84-day historical norm; prioritize a next-step check before forecast review."
QCNOCX0P,Boris Faz,Rocco Neubert,East,GTX Pro,,Engaging,2017-04-07,0.605956314791671,268.0,79.0,3.392405063291139,True,0.5529638384233886,"Boris Faz's GTX Pro opportunity has a 61% close propensity and has spent 268 days in Engaging, well beyond the 79-day historical norm; prioritize a next-step check before forecast review."
JIACLB24,Vicki Laflamme,Celia Rouche,West,GTX Basic,Scottech,Engaging,2017-01-14,0.687886844399981,351.0,83.0,4.228915662650603,True,0.5528735511400122,"Vicki Laflamme's GTX Basic opportunity has a 69% close propensity and has spent 351 days in Engaging, well beyond the 83-day historical norm; prioritize a next-step check before forecast review."
YFB7Y92U,Elease Gluck,Celia Rouche,West,GTK 500,,Engaging,2017-02-07,0.6288306495808592,327.0,92.0,3.5543478260869565,True,0.5522655125550502,"Elease Gluck's GTK 500 opportunity has a 63% close propensity and has spent 327 days in Engaging, well beyond the 92-day historical norm; prioritize a next-step check before forecast review."
L0GMLGRR,Vicki Laflamme,Celia Rouche,West,MG Special,,Engaging,2017-03-02,0.6366065744385698,304.0,84.25,3.608308605341246,True,0.5519327295822887,"Vicki Laflamme's MG Special opportunity has a 64% close propensity and has spent 304 days in Engaging, well beyond the 84-day historical norm; prioritize a next-step check before forecast review."
GL95LARP,Cassey Cress,Rocco Neubert,East,GTX Pro,,Engaging,2017-04-08,0.605956314791671,267.0,79.0,3.3797468354430378,True,0.5518562434866796,"Cassey Cress's GTX Pro opportunity has a 61% close propensity and has spent 267 days in Engaging, well beyond the 79-day historical norm; prioritize a next-step check before forecast review."
VKT0UN11,James Ascencio,Summer Sewald,West,MG Advanced,Codehow,Engaging,2017-01-14,0.6894773059865543,351.0,80.0,4.3875,True,0.5518397511087396,"James Ascencio's MG Advanced opportunity has a 69% close propensity and has spent 351 days in Engaging, well beyond the 80-day historical norm; prioritize a next-step check before forecast review."
7PXJ92C5,Kary Hendrixson,Summer Sewald,West,GTX Pro,,Engaging,2017-03-15,0.6290837204504314,291.0,82.0,3.548780487804878,True,0.5516138743901464,"Kary Hendrixson's GTX Pro opportunity has a 63% close propensity and has spent 291 days in Engaging, well beyond the 82-day historical norm; prioritize a next-step check before forecast review."
QHJ3W8FW,Kami Bicknell,Summer Sewald,West,GTX Pro,,Engaging,2017-03-12,0.63413344736772,294.0,82.0,3.5853658536585367,True,0.5515327714061039,"Kami Bicknell's GTX Pro opportunity has a 63% close propensity and has spent 294 days in Engaging, well beyond the 82-day historical norm; prioritize a next-step check before forecast review."
IVJP36UT,Cassey Cress,Rocco Neubert,East,MG Advanced,,Engaging,2017-02-08,0.6398140311090955,326.0,90.0,3.6222222222222222,True,0.5510653242235324,"Cassey Cress's MG Advanced opportunity has a 64% close propensity and has spent 326 days in Engaging, well beyond the 90-day historical norm; prioritize a next-step check before forecast review."
NMKAJZJ4,Kary Hendrixson,Summer Sewald,West,MG Special,,Engaging,2017-03-06,0.6316071061940267,300.0,84.25,3.5608308605341246,True,0.5510280812706185,"Kary Hendrixson's MG Special opportunity has a 63% close propensity and has spent 300 days in Engaging, well beyond the 84-day historical norm; prioritize a next-step check before forecast review."
U7M26UZV,Vicki Laflamme,Celia Rouche,West,MG Special,,Engaging,2017-03-03,0.6366065744385698,303.0,84.25,3.5964391691394657,True,0.5508941539146328,"Vicki Laflamme's MG Special opportunity has a 64% close propensity and has spent 303 days in Engaging, well beyond the 84-day historical norm; prioritize a next-step check before forecast review."
6PW6ZQEE,Corliss Cosme,Cara Losch,East,GTX Basic,,Engaging,2017-02-23,0.6338459537778743,311.0,87.0,3.574712643678161,True,0.5507874863662208,"Corliss Cosme's GTX Basic opportunity has a 63% close propensity and has spent 311 days in Engaging, well beyond the 87-day historical norm; prioritize a next-step check before forecast review."
KM1D04JS,James Ascencio,Summer Sewald,West,GTX Plus Basic,,Engaging,2017-02-16,0.6338459537778743,318.0,89.0,3.5730337078651684,True,0.5506405794825839,"James Ascencio's GTX Plus Basic opportunity has a 63% close propensity and has spent 318 days in Engaging, well beyond the 89-day historical norm; prioritize a next-step check before forecast review."
O7UUAK3Y,Corliss Cosme,Cara Losch,East,GTX Plus Basic,dambase,Engaging,2017-01-02,0.691624218395265,363.0,86.0,4.22093023255814,True,0.5504442580430777,"Corliss Cosme's GTX Plus Basic opportunity has a 69% close propensity and has spent 363 days in Engaging, well beyond the 86-day historical norm; prioritize a next-step check before forecast review."
I7BWM5O0,Violet Mclelland,Cara Losch,East,MG Special,Warephase,Engaging,2017-03-06,0.6285795005608805,300.0,85.0,3.5294117647058822,True,0.5502468540471923,"Violet Mclelland's MG Special opportunity has a 63% close propensity and has spent 300 days in Engaging, well beyond the 85-day historical norm; prioritize a next-step check before forecast review."
839AMI93,Kary Hendrixson,Summer Sewald,West,GTX Basic,,Engaging,2017-03-10,0.6338459537778743,296.0,83.0,3.566265060240964,True,0.550048322815466,"Kary Hendrixson's GTX Basic opportunity has a 63% close propensity and has spent 296 days in Engaging, well beyond the 83-day historical norm; prioritize a next-step check before forecast review."
BFGASJAW,Kary Hendrixson,Summer Sewald,West,GTX Basic,,Engaging,2017-03-10,0.6338459537778743,296.0,83.0,3.566265060240964,True,0.550048322815466,"Kary Hendrixson's GTX Basic opportunity has a 63% close propensity and has spent 296 days in Engaging, well beyond the 83-day historical norm; prioritize a next-step check before forecast review."
7ONH55WT,Cassey Cress,Rocco Neubert,East,GTX Basic,,Engaging,2017-02-24,0.6338459537778743,310.0,87.0,3.5632183908045976,True,0.5497817392397839,"Cassey Cress's GTX Basic opportunity has a 63% close propensity and has spent 310 days in Engaging, well beyond the 87-day historical norm; prioritize a next-step check before forecast review."
CMKXOOJQ,Corliss Cosme,Cara Losch,East,GTX Basic,,Engaging,2017-02-24,0.6338459537778743,310.0,87.0,3.5632183908045976,True,0.5497817392397839,"Corliss Cosme's GTX Basic opportunity has a 63% close propensity and has spent 310 days in Engaging, well beyond the 87-day historical norm; prioritize a next-step check before forecast review."
Q19RWR17,Vicki Laflamme,Celia Rouche,West,GTX Basic,Rundofase,Engaging,2017-02-22,0.6605823185104014,312.0,83.0,3.7590361445783134,True,0.5495371556188415,"Vicki Laflamme's GTX Basic opportunity has a 66% close propensity and has spent 312 days in Engaging, well beyond the 83-day historical norm; prioritize a next-step check before forecast review."
20CVXRTX,Vicki Laflamme,Celia Rouche,West,GTX Pro,Kinnamplus,Engaging,2017-04-01,0.6044624512423876,274.0,82.0,3.341463414634146,True,0.5494774554729358,"Vicki Laflamme's GTX Pro opportunity has a 60% close propensity and has spent 274 days in Engaging, well beyond the 82-day historical norm; prioritize a next-step check before forecast review."
BNY8MJ6L,Kary Hendrixson,Summer Sewald,West,GTX Basic,Labdrill,Engaging,2017-02-16,0.6704405144254181,318.0,83.0,3.8313253012048194,True,0.5494546294789,"Kary Hendrixson's GTX Basic opportunity has a 67% close propensity and has spent 318 days in Engaging, well beyond the 83-day historical norm; prioritize a next-step check before forecast review."
HAXMC4IX,James Ascencio,Summer Sewald,West,MG Advanced,,Engaging,2016-11-03,0.693306971156897,423.0,80.0,5.2875,True,0.549350468748017,"James Ascencio's MG Advanced opportunity has a 69% close propensity and has spent 423 days in Engaging, well beyond the 80-day historical norm; prioritize a next-step check before forecast review."
6R6S91WE,Daniell Hammack,Rocco Neubert,East,GTX Pro,,Engaging,2017-03-25,0.6338459537778743,281.0,79.0,3.5569620253164556,True,0.5492343072595716,"Daniell Hammack's GTX Pro opportunity has a 63% close propensity and has spent 281 days in Engaging, well beyond the 79-day historical norm; prioritize a next-step check before forecast review."
V4XHHFO3,Elease Gluck,Celia Rouche,West,GTX Basic,Blackzim,Engaging,2017-03-15,0.6290837204504314,291.0,83.0,3.5060240963855422,True,0.5478726901409545,"Elease Gluck's GTX Basic opportunity has a 63% close propensity and has spent 291 days in Engaging, well beyond the 83-day historical norm; prioritize a next-step check before forecast review."
10IY4PV4,Rosalina Dieter,Celia Rouche,West,MG Advanced,,Engaging,2017-03-18,0.6420363639890082,288.0,80.0,3.6,True,0.5476763634071447,"Rosalina Dieter's MG Advanced opportunity has a 64% close propensity and has spent 288 days in Engaging, well beyond the 80-day historical norm; prioritize a next-step check before forecast review."
GYB4W2AU,Elease Gluck,Celia Rouche,West,MG Advanced,,Engaging,2016-11-23,0.6959336964836439,403.0,80.0,5.0375,True,0.5476430972856314,"Elease Gluck's MG Advanced opportunity has a 70% close propensity and has spent 403 days in Engaging, well beyond the 80-day historical norm; prioritize a next-step check before forecast review."
RQULJHTU,Daniell Hammack,Rocco Neubert,East,GTX Plus Pro,,Engaging,2017-03-16,0.6338459537778743,290.0,82.0,3.5365853658536586,True,0.5474513495565768,"Daniell Hammack's GTX Plus Pro opportunity has a 63% close propensity and has spent 290 days in Engaging, well beyond the 82-day historical norm; prioritize a next-step check before forecast review."
AF7XJNED,Rosie Papadopoulos,Cara Losch,East,GTX Plus Pro,,Engaging,2017-03-16,0.6338459537778743,290.0,82.0,3.5365853658536586,True,0.5474513495565768,"Rosie Papadopoulos's GTX Plus Pro opportunity has a 63% close propensity and has spent 290 days in Engaging, well beyond the 82-day historical norm; prioritize a next-step check before forecast review."
MB7G8DWS,Cassey Cress,Rocco Neubert,East,GTX Plus Pro,,Engaging,2017-04-03,0.6045502830338819,272.0,82.0,3.317073170731707,True,0.5472862184670011,"Cassey Cress's GTX Plus Pro opportunity has a 60% close propensity and has spent 272 days in Engaging, well beyond the 82-day historical norm; prioritize a next-step check before forecast review."
2HS1C21I,Elease Gluck,Celia Rouche,West,GTX Pro,,Engaging,2017-04-03,0.6045502830338819,272.0,82.0,3.317073170731707,True,0.5472862184670011,"Elease Gluck's GTX Pro opportunity has a 60% close propensity and has spent 272 days in Engaging, well beyond the 82-day historical norm; prioritize a next-step check before forecast review."
D5VY17OP,Kami Bicknell,Summer Sewald,West,GTX Pro,,Engaging,2017-04-02,0.6062521033004136,273.0,82.0,3.3292682926829267,True,0.5472471084644872,"Kami Bicknell's GTX Pro opportunity has a 61% close propensity and has spent 273 days in Engaging, well beyond the 82-day historical norm; prioritize a next-step check before forecast review."
USVLKDF4,Corliss Cosme,Cara Losch,East,GTX Basic,Dontechi,Engaging,2017-02-04,0.6688286479097935,330.0,87.0,3.793103448275862,True,0.5471579305827722,"Corliss Cosme's GTX Basic opportunity has a 67% close propensity and has spent 330 days in Engaging, well beyond the 87-day historical norm; prioritize a next-step check before forecast review."
SX0SSL0H,Rosie Papadopoulos,Cara Losch,East,GTX Plus Basic,,Engaging,2017-03-06,0.6288306495808592,300.0,86.0,3.488372093023256,True,0.5464926359119764,"Rosie Papadopoulos's GTX Plus Basic opportunity has a 63% close propensity and has spent 300 days in Engaging, well beyond the 86-day historical norm; prioritize a next-step check before forecast review."
DWUD4S0P,Markita Hansen,Celia Rouche,West,GTX Basic,,Engaging,2017-01-10,0.6977922617696337,355.0,83.0,4.27710843373494,True,0.546435029849738,"Markita Hansen's GTX Basic opportunity has a 70% close propensity and has spent 355 days in Engaging, well beyond the 83-day historical norm; prioritize a next-step check before forecast review."
1B27CZ2M,James Ascencio,Summer Sewald,West,GTX Plus Pro,,Engaging,2017-03-10,0.6338459537778743,296.0,84.0,3.5238095238095237,True,0.546333463377715,"James Ascencio's GTX Plus Pro opportunity has a 63% close propensity and has spent 296 days in Engaging, well beyond the 84-day historical norm; prioritize a next-step check before forecast review."
LXZD2PZD,Corliss Cosme,Cara Losch,East,GTX Plus Pro,,Engaging,2017-04-04,0.6045502830338819,271.0,82.0,3.3048780487804876,True,0.5462191452962695,"Corliss Cosme's GTX Plus Pro opportunity has a 60% close propensity and has spent 271 days in Engaging, well beyond the 82-day historical norm; prioritize a next-step check before forecast review."
YLK0MRJ3,Kary Hendrixson,Summer Sewald,West,GTX Basic,Iselectrics,Engaging,2017-04-01,0.6044624512423876,274.0,83.0,3.3012048192771086,True,0.5459548283791951,"Kary Hendrixson's GTX Basic opportunity has a 60% close propensity and has spent 274 days in Engaging, well beyond the 83-day historical norm; prioritize a next-step check before forecast review."
EB89ONZN,Kary Hendrixson,Summer Sewald,West,GTX Pro,Funholding,Engaging,2017-03-29,0.615274981598746,277.0,82.0,3.3780487804878048,True,0.545650530253498,"Kary Hendrixson's GTX Pro opportunity has a 62% close propensity and has spent 277 days in Engaging, well beyond the 82-day historical norm; prioritize a next-step check before forecast review."
XYLNH45V,Daniell Hammack,Rocco Neubert,East,GTX Plus Basic,Zathunicon,Engaging,2017-01-31,0.6834379278876672,334.0,86.0,3.883720930232558,True,0.5455909282683651,"Daniell Hammack's GTX Plus Basic opportunity has a 68% close propensity and has spent 334 days in Engaging, well beyond the 86-day historical norm; prioritize a next-step check before forecast review."
IN9S33CD,Rosalina Dieter,Celia Rouche,West,GTX Plus Pro,Finhigh,Engaging,2017-03-17,0.6238950958737467,289.0,84.0,3.4404761904761907,True,0.5455098543487313,"Rosalina Dieter's GTX Plus Pro opportunity has a 62% close propensity and has spent 289 days in Engaging, well beyond the 84-day historical norm; prioritize a next-step check before forecast review."
ZQ4QTT1Z,Boris Faz,Rocco Neubert,East,GTX Plus Basic,,Engaging,2017-03-07,0.6288306495808592,299.0,86.0,3.4767441860465116,True,0.5454751940515112,"Boris Faz's GTX Plus Basic opportunity has a 63% close propensity and has spent 299 days in Engaging, well beyond the 86-day historical norm; prioritize a next-step check before forecast review."
03VCDZEE,Maureen Marcano,Summer Sewald,West,GTX Pro,,Engaging,2017-02-23,0.6722948601524135,311.0,82.0,3.792682926829268,True,0.5448680969984923,"Maureen Marcano's GTX Pro opportunity has a 67% close propensity and has spent 311 days in Engaging, well beyond the 82-day historical norm; prioritize a next-step check before forecast review."
B00UMAV4,Kami Bicknell,Summer Sewald,West,MG Advanced,Gogozoom,Engaging,2016-12-26,0.7007500690567857,370.0,80.0,4.625,True,0.5445124551130893,"Kami Bicknell's MG Advanced opportunity has a 70% close propensity and has spent 370 days in Engaging, well beyond the 80-day historical norm; prioritize a next-step check before forecast review."
81FNO0VM,Wilburn Farren,Cara Losch,East,GTX Plus Basic,,Engaging,2017-03-07,0.6306789850290763,299.0,86.0,3.4767441860465116,True,0.5442737760101701,"Wilburn Farren's GTX Plus Basic opportunity has a 63% close propensity and has spent 299 days in Engaging, well beyond the 86-day historical norm; prioritize a next-step check before forecast review."
PD2198ZH,Zane Levy,Summer Sewald,West,GTX Pro,,Engaging,2017-03-19,0.63413344736772,287.0,82.0,3.5,True,0.544063259210982,"Zane Levy's GTX Pro opportunity has a 63% close propensity and has spent 287 days in Engaging, well beyond the 82-day historical norm; prioritize a next-step check before forecast review."
C9330YF1,Markita Hansen,Celia Rouche,West,GTX Basic,Blackzim,Engaging,2017-04-17,0.5818006392944532,258.0,83.0,3.108433734939759,True,0.5438175362658343,"Markita Hansen's GTX Basic opportunity has a 58% close propensity and has spent 258 days in Engaging, well beyond the 83-day historical norm; prioritize a next-step check before forecast review."
F5I33E1I,Elease Gluck,Celia Rouche,West,MG Special,Sumace,Engaging,2017-03-13,0.6316071061940267,293.0,84.25,3.477744807121662,True,0.5437580515970281,"Elease Gluck's MG Special opportunity has a 63% close propensity and has spent 293 days in Engaging, well beyond the 84-day historical norm; prioritize a next-step check before forecast review."
GK1NH8G7,Kami Bicknell,Summer Sewald,West,GTX Basic,Iselectrics,Engaging,2017-03-16,0.6338459537778743,290.0,83.0,3.4939759036144578,True,0.5437230216106468,"Kami Bicknell's GTX Basic opportunity has a 63% close propensity and has spent 290 days in Engaging, well beyond the 83-day historical norm; prioritize a next-step check before forecast review."
ETZKANFZ,Markita Hansen,Celia Rouche,West,GTX Basic,,Engaging,2017-01-21,0.7021273691053976,344.0,83.0,4.144578313253012,True,0.5436172100814916,"Markita Hansen's GTX Basic opportunity has a 70% close propensity and has spent 344 days in Engaging, well beyond the 83-day historical norm; prioritize a next-step check before forecast review."
F2B62IW4,Maureen Marcano,Summer Sewald,West,MG Special,Bioplex,Engaging,2017-02-28,0.6529212295832004,306.0,84.25,3.6320474777448073,True,0.5434053550735903,"Maureen Marcano's MG Special opportunity has a 65% close propensity and has spent 306 days in Engaging, well beyond the 84-day historical norm; prioritize a next-step check before forecast review."
5CZBHSRI,Kary Hendrixson,Summer Sewald,West,MG Advanced,Toughzap,Engaging,2017-04-29,0.5781313176913802,246.0,80.0,3.075,True,0.543277143500603,"Kary Hendrixson's MG Advanced opportunity has a 58% close propensity and has spent 246 days in Engaging, well beyond the 80-day historical norm; prioritize a next-step check before forecast review."
6S2ABHZS,Markita Hansen,Celia Rouche,West,GTX Basic,,Engaging,2017-04-14,0.5878447253119411,261.0,83.0,3.144578313253012,True,0.5430515309568769,"Markita Hansen's GTX Basic opportunity has a 59% close propensity and has spent 261 days in Engaging, well beyond the 83-day historical norm; prioritize a next-step check before forecast review."
5Z8S8UHK,Cassey Cress,Rocco Neubert,East,GTX Basic,,Engaging,2017-03-06,0.6288306495808592,300.0,87.0,3.4482758620689653,True,0.5429842157034759,"Cassey Cress's GTX Basic opportunity has a 63% close propensity and has spent 300 days in Engaging, well beyond the 87-day historical norm; prioritize a next-step check before forecast review."
WW1WV7IT,Cassey Cress,Rocco Neubert,East,GTX Pro,Cancity,Engaging,2017-03-31,0.6338459537778743,275.0,79.0,3.481012658227848,True,0.5425887376393184,"Cassey Cress's GTX Pro opportunity has a 63% close propensity and has spent 275 days in Engaging, well beyond the 79-day historical norm; prioritize a next-step check before forecast review."
BY2L60V1,Zane Levy,Summer Sewald,West,MG Special,,Engaging,2017-03-11,0.6366065744385698,295.0,84.25,3.5014836795252227,True,0.5425855485733866,"Zane Levy's MG Special opportunity has a 64% close propensity and has spent 295 days in Engaging, well beyond the 84-day historical norm; prioritize a next-step check before forecast review."
RP7KA6HS,Elease Gluck,Celia Rouche,West,MG Special,Mathtouch,Engaging,2017-02-05,0.690962288272346,329.0,84.25,3.9050445103857565,True,0.5425659072817288,"Elease Gluck's MG Special opportunity has a 69% close propensity and has spent 329 days in Engaging, well beyond the 84-day historical norm; prioritize a next-step check before forecast review."
FZC2J90W,Maureen Marcano,Summer Sewald,West,MG Advanced,Bluth Company,Engaging,2017-02-26,0.6835533324979086,308.0,80.0,3.85,True,0.5425653338763594,"Maureen Marcano's MG Advanced opportunity has a 68% close propensity and has spent 308 days in Engaging, well beyond the 80-day historical norm; prioritize a next-step check before forecast review."
QP006VDE,Markita Hansen,Celia Rouche,West,MG Advanced,Domzoom,Engaging,2017-05-01,0.5759675225637036,244.0,80.0,3.05,True,0.5424961103335926,"Markita Hansen's MG Advanced opportunity has a 58% close propensity and has spent 244 days in Engaging, well beyond the 80-day historical norm; prioritize a next-step check before forecast review."
379DUF2N,Markita Hansen,Celia Rouche,West,GTX Basic,,Engaging,2017-01-29,0.7042736345323312,336.0,83.0,4.048192771084337,True,0.5422221375539847,"Markita Hansen's GTX Basic opportunity has a 70% close propensity and has spent 336 days in Engaging, well beyond the 83-day historical norm; prioritize a next-step check before forecast review."
1GIP77EP,Maureen Marcano,Summer Sewald,West,GTX Plus Pro,,Engaging,2017-02-21,0.6675299605261957,313.0,84.0,3.7261904761904763,True,0.5421471923246395,"Maureen Marcano's GTX Plus Pro opportunity has a 67% close propensity and has spent 313 days in Engaging, well beyond the 84-day historical norm; prioritize a next-step check before forecast review."
6F79VYH8,Boris Faz,Rocco Neubert,East,GTX Basic,,Engaging,2017-03-07,0.6288306495808592,299.0,87.0,3.4367816091954024,True,0.5419784685770392,"Boris Faz's GTX Basic opportunity has a 63% close propensity and has spent 299 days in Engaging, well beyond the 87-day historical norm; prioritize a next-step check before forecast review."
0A1LN7GB,Violet Mclelland,Cara Losch,East,MG Special,,Engaging,2017-03-09,0.6366065744385698,297.0,85.0,3.4941176470588236,True,0.5419410207325767,"Violet Mclelland's MG Special opportunity has a 64% close propensity and has spent 297 days in Engaging, well beyond the 85-day historical norm; prioritize a next-step check before forecast review."
EW28ZONV,Zane Levy,Summer Sewald,West,GTX Plus Basic,,Engaging,2017-02-25,0.6338459537778743,309.0,89.0,3.4719101123595504,True,0.5417922648758423,"Zane Levy's GTX Plus Basic opportunity has a 63% close propensity and has spent 309 days in Engaging, well beyond the 89-day historical norm; prioritize a next-step check before forecast review."
CYWZJ2AI,Kary Hendrixson,Summer Sewald,West,GTX Plus Basic,Donquadtech,Engaging,2017-02-20,0.6414330933493707,314.0,89.0,3.5280898876404496,True,0.5417763544914483,"Kary Hendrixson's GTX Plus Basic opportunity has a 64% close propensity and has spent 314 days in Engaging, well beyond the 89-day historical norm; prioritize a next-step check before forecast review."
5JDWBOLS,Daniell Hammack,Rocco Neubert,East,GTX Basic,,Engaging,2017-03-04,0.6338459537778743,302.0,87.0,3.471264367816092,True,0.5417357622282897,"Daniell Hammack's GTX Basic opportunity has a 63% close propensity and has spent 302 days in Engaging, well beyond the 87-day historical norm; prioritize a next-step check before forecast review."
H2IOHZ8R,James Ascencio,Summer Sewald,West,GTX Basic,,Engaging,2017-03-18,0.6338459537778743,288.0,83.0,3.4698795180722892,True,0.541614587875707,"James Ascencio's GTX Basic opportunity has a 63% close propensity and has spent 288 days in Engaging, well beyond the 83-day historical norm; prioritize a next-step check before forecast review."
S2MSQIXP,Zane Levy,Summer Sewald,West,GTX Basic,Hottechi,Engaging,2017-04-19,0.5827884688928702,256.0,83.0,3.0843373493975905,True,0.5410670132919235,"Zane Levy's GTX Basic opportunity has a 58% close propensity and has spent 256 days in Engaging, well beyond the 83-day historical norm; prioritize a next-step check before forecast review."
U4IJO6SL,Vicki Laflamme,Celia Rouche,West,GTX Pro,,Engaging,2017-04-08,0.605956314791671,267.0,82.0,3.2560975609756095,True,0.5410369319707797,"Vicki Laflamme's GTX Pro opportunity has a 61% close propensity and has spent 267 days in Engaging, well beyond the 82-day historical norm; prioritize a next-step check before forecast review."
PNO7D8PD,Zane Levy,Summer Sewald,West,GTX Basic,,Engaging,2017-04-05,0.6058850823396278,270.0,83.0,3.253012048192771,True,0.5408132506961094,"Zane Levy's GTX Basic opportunity has a 61% close propensity and has spent 270 days in Engaging, well beyond the 83-day historical norm; prioritize a next-step check before forecast review."
XOVYPE58,Rosie Papadopoulos,Cara Losch,East,GTX Pro,Betasoloin,Engaging,2017-04-19,0.6043911250470163,256.0,79.0,3.240506329113924,True,0.5406900725169077,"Rosie Papadopoulos's GTX Pro opportunity has a 60% close propensity and has spent 256 days in Engaging, well beyond the 79-day historical norm; prioritize a next-step check before forecast review."
UI3DE2C4,Zane Levy,Summer Sewald,West,GTX Plus Basic,,Engaging,2017-02-26,0.63413344736772,308.0,89.0,3.460674157303371,True,0.5406222479750269,"Zane Levy's GTX Plus Basic opportunity has a 63% close propensity and has spent 308 days in Engaging, well beyond the 89-day historical norm; prioritize a next-step check before forecast review."
LSA39JBG,Daniell Hammack,Rocco Neubert,East,GTX Basic,,Engaging,2017-03-05,0.63413344736772,301.0,87.0,3.4597701149425286,True,0.5405431442684532,"Daniell Hammack's GTX Basic opportunity has a 63% close propensity and has spent 301 days in Engaging, well beyond the 87-day historical norm; prioritize a next-step check before forecast review."
3JUL12VK,Kami Bicknell,Summer Sewald,West,GTX Basic,,Engaging,2017-03-22,0.6290837204504314,284.0,83.0,3.4216867469879517,True,0.5404931720686654,"Kami Bicknell's GTX Basic opportunity has a 63% close propensity and has spent 284 days in Engaging, well beyond the 83-day historical norm; prioritize a next-step check before forecast review."
4U9D1IZ5,Zane Levy,Summer Sewald,West,GTX Basic,,Engaging,2017-03-22,0.6290837204504314,284.0,83.0,3.4216867469879517,True,0.5404931720686654,"Zane Levy's GTX Basic opportunity has a 63% close propensity and has spent 284 days in Engaging, well beyond the 83-day historical norm; prioritize a next-step check before forecast review."
THKCN7HU,Kary Hendrixson,Summer Sewald,West,GTX Basic,,Engaging,2017-03-19,0.63413344736772,287.0,83.0,3.4578313253012047,True,0.5403735001748374,"Kary Hendrixson's GTX Basic opportunity has a 63% close propensity and has spent 287 days in Engaging, well beyond the 83-day historical norm; prioritize a next-step check before forecast review."
DQ7GS2BN,James Ascencio,Summer Sewald,West,GTX Plus Pro,,Engaging,2017-04-02,0.6062521033004136,273.0,84.0,3.25,True,0.5403111328547312,"James Ascencio's GTX Plus Pro opportunity has a 61% close propensity and has spent 273 days in Engaging, well beyond the 84-day historical norm; prioritize a next-step check before forecast review."
T1F2I8ED,Corliss Cosme,Cara Losch,East,GTX Plus Basic,,Engaging,2017-03-09,0.6338459537778743,297.0,86.0,3.453488372093023,True,0.5401803626025212,"Corliss Cosme's GTX Plus Basic opportunity has a 63% close propensity and has spent 297 days in Engaging, well beyond the 86-day historical norm; prioritize a next-step check before forecast review."
ODGKZEVV,Kary Hendrixson,Summer Sewald,West,GTX Pro,,Engaging,2017-03-23,0.6338459537778743,283.0,82.0,3.451219512195122,True,0.5399818373614549,"Kary Hendrixson's GTX Pro opportunity has a 63% close propensity and has spent 283 days in Engaging, well beyond the 82-day historical norm; prioritize a next-step check before forecast review."
25FUROM1,Daniell Hammack,Rocco Neubert,East,GTX Plus Basic,Y-corporation,Engaging,2017-02-27,0.6502876271376347,307.0,86.0,3.5697674418604652,True,0.5396676935233282,"Daniell Hammack's GTX Plus Basic opportunity has a 65% close propensity and has spent 307 days in Engaging, well beyond the 86-day historical norm; prioritize a next-step check before forecast review."
CJ2ON1LV,Corliss Cosme,Cara Losch,East,GTX Pro,Nam-zim,Engaging,2017-01-11,0.7085052753556073,354.0,79.0,4.481012658227848,True,0.5394715710188552,"Corliss Cosme's GTX Pro opportunity has a 71% close propensity and has spent 354 days in Engaging, well beyond the 79-day historical norm; prioritize a next-step check before forecast review."
VK9KN5PT,Boris Faz,Rocco Neubert,East,MG Advanced,,Engaging,2017-04-02,0.5784334619613942,273.0,90.0,3.033333333333333,True,0.5394349163917604,"Boris Faz's MG Advanced opportunity has a 58% close propensity and has spent 273 days in Engaging, well beyond the 90-day historical norm; prioritize a next-step check before forecast review."
04YGLJ3N,Kary Hendrixson,Summer Sewald,West,GTX Plus Pro,,Engaging,2017-03-17,0.6338459537778743,289.0,84.0,3.4404761904761907,True,0.5390417967110483,"Kary Hendrixson's GTX Plus Pro opportunity has a 63% close propensity and has spent 289 days in Engaging, well beyond the 84-day historical norm; prioritize a next-step check before forecast review."
1GT10YJD,Vicki Laflamme,Celia Rouche,West,GTX Plus Pro,,Engaging,2017-03-17,0.6338459537778743,289.0,84.0,3.4404761904761907,True,0.5390417967110483,"Vicki Laflamme's GTX Plus Pro opportunity has a 63% close propensity and has spent 289 days in Engaging, well beyond the 84-day historical norm; prioritize a next-step check before forecast review."
MRCYKUX4,Hayden Neloms,Celia Rouche,West,MG Advanced,,Engaging,2017-03-14,0.6620698108586529,292.0,80.0,3.65,True,0.5390296229418756,"Hayden Neloms's MG Advanced opportunity has a 66% close propensity and has spent 292 days in Engaging, well beyond the 80-day historical norm; prioritize a next-step check before forecast review."
M41NS5DN,Cassey Cress,Rocco Neubert,East,GTX Plus Pro,,Engaging,2017-03-24,0.6338459537778743,282.0,82.0,3.4390243902439024,True,0.5389147641907232,"Cassey Cress's GTX Plus Pro opportunity has a 63% close propensity and has spent 282 days in Engaging, well beyond the 82-day historical norm; prioritize a next-step check before forecast review."
MIY4MF3R,Hayden Neloms,Celia Rouche,West,MG Advanced,,Engaging,2017-04-01,0.6319984537083837,274.0,80.0,3.425,True,0.5388885050895506,"Hayden Neloms's MG Advanced opportunity has a 63% close propensity and has spent 274 days in Engaging, well beyond the 80-day historical norm; prioritize a next-step check before forecast review."
UUGY3W44,Kary Hendrixson,Summer Sewald,West,GTX Basic,,Engaging,2017-04-07,0.605956314791671,268.0,83.0,3.2289156626506026,True,0.5386585158673416,"Kary Hendrixson's GTX Basic opportunity has a 61% close propensity and has spent 268 days in Engaging, well beyond the 83-day historical norm; prioritize a next-step check before forecast review."
XDECB9X2,Vicki Laflamme,Celia Rouche,West,GTX Basic,,Engaging,2017-04-07,0.605956314791671,268.0,83.0,3.2289156626506026,True,0.5386585158673416,"Vicki Laflamme's GTX Basic opportunity has a 61% close propensity and has spent 268 days in Engaging, well beyond the 83-day historical norm; prioritize a next-step check before forecast review."
7VKQWIXD,Boris Faz,Rocco Neubert,East,GTX Plus Basic,,Engaging,2017-03-14,0.6288306495808592,292.0,86.0,3.395348837209302,True,0.5383531010282554,"Boris Faz's GTX Plus Basic opportunity has a 63% close propensity and has spent 292 days in Engaging, well beyond the 86-day historical norm; prioritize a next-step check before forecast review."
0IO43YMS,Wilburn Farren,Cara Losch,East,MG Advanced,,Engaging,2017-02-20,0.6416388415732224,314.0,90.0,3.488888888888889,True,0.5382125307551833,"Wilburn Farren's MG Advanced opportunity has a 64% close propensity and has spent 314 days in Engaging, well beyond the 90-day historical norm; prioritize a next-step check before forecast review."
IEAPJ5X1,Maureen Marcano,Summer Sewald,West,GTX Plus Basic,,Engaging,2017-02-07,0.6675299605261957,327.0,89.0,3.6741573033707864,True,0.5375942897029166,"Maureen Marcano's GTX Plus Basic opportunity has a 67% close propensity and has spent 327 days in Engaging, well beyond the 89-day historical norm; prioritize a next-step check before forecast review."
H6I16U57,Rosie Papadopoulos,Cara Losch,East,MG Advanced,Sunnamplex,Engaging,2017-04-01,0.5833739293942747,274.0,90.0,3.0444444444444443,True,0.5371958347826102,"Rosie Papadopoulos's MG Advanced opportunity has a 58% close propensity and has spent 274 days in Engaging, well beyond the 90-day historical norm; prioritize a next-step check before forecast review."
9ILB20UV,Markita Hansen,Celia Rouche,West,MG Special,,Engaging,2017-04-05,0.605092658918347,270.0,84.25,3.2047477744807122,True,0.5371052019701368,"Markita Hansen's MG Special opportunity has a 61% close propensity and has spent 270 days in Engaging, well beyond the 84-day historical norm; prioritize a next-step check before forecast review."
CZ8PPZTC,Rosie Papadopoulos,Cara Losch,East,MG Special,Bioplex,Engaging,2017-03-05,0.6504187049937864,301.0,85.0,3.541176470588235,True,0.5370807829305094,"Rosie Papadopoulos's MG Special opportunity has a 65% close propensity and has spent 301 days in Engaging, well beyond the 85-day historical norm; prioritize a next-step check before forecast review."
M7I5O9YU,Corliss Cosme,Cara Losch,East,GTX Basic,Cheers,Engaging,2016-11-23,0.7125727681706511,403.0,87.0,4.632183908045977,True,0.5368277006890768,"Corliss Cosme's GTX Basic opportunity has a 71% close propensity and has spent 403 days in Engaging, well beyond the 87-day historical norm; prioritize a next-step check before forecast review."
R0CLLIH9,Kary Hendrixson,Summer Sewald,West,GTX Pro,,Engaging,2017-04-12,0.6058850823396278,263.0,82.0,3.207317073170732,True,0.536814940381681,"Kary Hendrixson's GTX Pro opportunity has a 61% close propensity and has spent 263 days in Engaging, well beyond the 82-day historical norm; prioritize a next-step check before forecast review."
ISAWVDYZ,Daniell Hammack,Rocco Neubert,East,GTX Basic,,Engaging,2017-03-09,0.6338459537778743,297.0,87.0,3.413793103448276,True,0.5367070265961058,"Daniell Hammack's GTX Basic opportunity has a 63% close propensity and has spent 297 days in Engaging, well beyond the 87-day historical norm; prioritize a next-step check before forecast review."
97PFKCPG,James Ascencio,Summer Sewald,West,GTX Pro,,Engaging,2017-03-26,0.63413344736772,280.0,82.0,3.4146341463414633,True,0.53659374701586,"James Ascencio's GTX Pro opportunity has a 63% close propensity and has spent 280 days in Engaging, well beyond the 82-day historical norm; prioritize a next-step check before forecast review."
Q2BB73WT,Hayden Neloms,Celia Rouche,West,GTX Plus Basic,,Engaging,2017-04-03,0.5859442080902179,272.0,89.0,3.056179775280899,True,0.536551995078437,"Hayden Neloms's GTX Plus Basic opportunity has a 59% close propensity and has spent 272 days in Engaging, well beyond the 89-day historical norm; prioritize a next-step check before forecast review."
0OESOJNN,James Ascencio,Summer Sewald,West,GTX Plus Basic,Warephase,Engaging,2017-01-17,0.7011919266780059,348.0,89.0,3.9101123595505616,True,0.5363600791199703,"James Ascencio's GTX Plus Basic opportunity has a 70% close propensity and has spent 348 days in Engaging, well beyond the 89-day historical norm; prioritize a next-step check before forecast review."
UIX6X6R3,Zane Levy,Summer Sewald,West,MG Advanced,Umbrella Corporation,Engaging,2017-05-01,0.5857407100227149,244.0,80.0,3.05,True,0.5361435384852353,"Zane Levy's MG Advanced opportunity has a 59% close propensity and has spent 244 days in Engaging, well beyond the 80-day historical norm; prioritize a next-step check before forecast review."
4XZ4RY1N,Wilburn Farren,Cara Losch,East,GTX Plus Basic,,Engaging,2017-03-15,0.6309315353119462,291.0,86.0,3.383720930232558,True,0.5359700834425838,"Wilburn Farren's GTX Plus Basic opportunity has a 63% close propensity and has spent 291 days in Engaging, well beyond the 86-day historical norm; prioritize a next-step check before forecast review."
2GV66JA7,Daniell Hammack,Rocco Neubert,East,MG Advanced,,Engaging,2017-04-06,0.5781313176913802,269.0,90.0,2.988888888888889,True,0.5357424212783807,"Daniell Hammack's MG Advanced opportunity has a 58% close propensity and has spent 269 days in Engaging, above the 90-day historical norm; prioritize a next-step check before forecast review."
IBS3H6Z4,Hayden Neloms,Celia Rouche,West,GTX Plus Basic,,Engaging,2017-03-17,0.6129246557176804,289.0,89.0,3.247191011235955,True,0.5357281872666538,"Hayden Neloms's GTX Plus Basic opportunity has a 61% close propensity and has spent 289 days in Engaging, well beyond the 89-day historical norm; prioritize a next-step check before forecast review."
Z7OH4GWO,Kami Bicknell,Summer Sewald,West,GTX Pro,,Engaging,2017-04-13,0.605956314791671,262.0,82.0,3.1951219512195124,True,0.5357015661171212,"Kami Bicknell's GTX Pro opportunity has a 61% close propensity and has spent 262 days in Engaging, well beyond the 82-day historical norm; prioritize a next-step check before forecast review."
I7MDOGGU,Maureen Marcano,Summer Sewald,West,GTX Basic,,Engaging,2017-03-18,0.6432090347373798,288.0,83.0,3.4698795180722892,True,0.5355285852520284,"Maureen Marcano's GTX Basic opportunity has a 64% close propensity and has spent 288 days in Engaging, well beyond the 83-day historical norm; prioritize a next-step check before forecast review."
GZCWM6GK,Elease Gluck,Celia Rouche,West,MG Special,Statholdings,Engaging,2017-03-22,0.6299937796827965,284.0,84.25,3.370919881305638,True,0.5354595328204256,"Elease Gluck's MG Special opportunity has a 63% close propensity and has spent 284 days in Engaging, well beyond the 84-day historical norm; prioritize a next-step check before forecast review."
2JY9SQ2L,Vicki Laflamme,Celia Rouche,West,MG Special,,Engaging,2017-03-18,0.6366065744385698,288.0,84.25,3.4183976261127595,True,0.535315518899796,"Vicki Laflamme's MG Special opportunity has a 64% close propensity and has spent 288 days in Engaging, well beyond the 84-day historical norm; prioritize a next-step check before forecast review."
XM4VD3NN,Markita Hansen,Celia Rouche,West,GTX Plus Basic,,Engaging,2017-04-04,0.5864181765714283,271.0,89.0,3.044943820224719,True,0.5352607694982345,"Markita Hansen's GTX Plus Basic opportunity has a 59% close propensity and has spent 271 days in Engaging, well beyond the 89-day historical norm; prioritize a next-step check before forecast review."
9A4H9IAC,James Ascencio,Summer Sewald,West,GTX Plus Basic,,Engaging,2017-03-07,0.6288306495808592,299.0,89.0,3.359550561797753,True,0.5352207519297449,"James Ascencio's GTX Plus Basic opportunity has a 63% close propensity and has spent 299 days in Engaging, well beyond the 89-day historical norm; prioritize a next-step check before forecast review."
M9V8824W,Corliss Cosme,Cara Losch,East,MG Advanced,,Engaging,2017-04-07,0.5781313176913802,268.0,90.0,2.977777777777778,True,0.5347701990561584,"Corliss Cosme's MG Advanced opportunity has a 58% close propensity and has spent 268 days in Engaging, above the 90-day historical norm; prioritize a next-step check before forecast review."
BYF6ABTZ,Kary Hendrixson,Summer Sewald,West,GTX Plus Pro,Opentech,Engaging,2017-04-18,0.589164135563163,257.0,84.0,3.0595238095238093,True,0.5347516452172774,"Kary Hendrixson's GTX Plus Pro opportunity has a 59% close propensity and has spent 257 days in Engaging, well beyond the 84-day historical norm; prioritize a next-step check before forecast review."
ZVAZKWF3,Kami Bicknell,Summer Sewald,West,GTX Pro,,Engaging,2017-04-14,0.605956314791671,261.0,82.0,3.182926829268293,True,0.5346344929463895,"Kami Bicknell's GTX Pro opportunity has a 61% close propensity and has spent 261 days in Engaging, well beyond the 82-day historical norm; prioritize a next-step check before forecast review."
CENVLTFH,Corliss Cosme,Cara Losch,East,GTX Plus Basic,Toughzap,Engaging,2017-01-28,0.7051338021152215,337.0,86.0,3.9186046511627906,True,0.5345409356018502,"Corliss Cosme's GTX Plus Basic opportunity has a 71% close propensity and has spent 337 days in Engaging, well beyond the 86-day historical norm; prioritize a next-step check before forecast review."
3T64Z7DB,Kami Bicknell,Summer Sewald,West,GTX Basic,,Engaging,2017-03-25,0.6338459537778743,281.0,83.0,3.3855421686746987,True,0.5342350698034178,"Kami Bicknell's GTX Basic opportunity has a 63% close propensity and has spent 281 days in Engaging, well beyond the 83-day historical norm; prioritize a next-step check before forecast review."
0I6U3MQ6,Violet Mclelland,Cara Losch,East,GTX Basic,Funholding,Engaging,2017-01-12,0.7167057039022321,353.0,87.0,4.057471264367816,True,0.5341412924635491,"Violet Mclelland's GTX Basic opportunity has a 72% close propensity and has spent 353 days in Engaging, well beyond the 87-day historical norm; prioritize a next-step check before forecast review."
FM505XD5,Daniell Hammack,Rocco Neubert,East,GTX Plus Pro,Y-corporation,Engaging,2017-04-08,0.6168414922741372,267.0,82.0,3.2560975609756095,True,0.5339615666071766,"Daniell Hammack's GTX Plus Pro opportunity has a 62% close propensity and has spent 267 days in Engaging, well beyond the 82-day historical norm; prioritize a next-step check before forecast review."
HDALWEHF,Cassey Cress,Rocco Neubert,East,GTX Pro,,Engaging,2017-04-25,0.6045502830338819,250.0,79.0,3.1645569620253164,True,0.533941050205192,"Cassey Cress's GTX Pro opportunity has a 60% close propensity and has spent 250 days in Engaging, well beyond the 79-day historical norm; prioritize a next-step check before forecast review."
TLOHEQ18,Corliss Cosme,Cara Losch,East,GTX Plus Basic,,Engaging,2017-01-02,0.7172156768659325,363.0,86.0,4.22093023255814,True,0.5338098100371439,"Corliss Cosme's GTX Plus Basic opportunity has a 72% close propensity and has spent 363 days in Engaging, well beyond the 86-day historical norm; prioritize a next-step check before forecast review."
Y6UBZM6P,Vicki Laflamme,Celia Rouche,West,GTX Plus Pro,,Engaging,2017-01-09,0.7172156768659325,356.0,84.0,4.238095238095238,True,0.5338098100371439,"Vicki Laflamme's GTX Plus Pro opportunity has a 72% close propensity and has spent 356 days in Engaging, well beyond the 84-day historical norm; prioritize a next-step check before forecast review."
RW39Y63V,Vicki Laflamme,Celia Rouche,West,GTX Pro,,Engaging,2017-01-10,0.7172156768659325,355.0,82.0,4.329268292682927,True,0.5338098100371439,"Vicki Laflamme's GTX Pro opportunity has a 72% close propensity and has spent 355 days in Engaging, well beyond the 82-day historical norm; prioritize a next-step check before forecast review."
8LW65NDL,Violet Mclelland,Cara Losch,East,GTX Plus Pro,,Engaging,2017-01-10,0.7172156768659325,355.0,82.0,4.329268292682927,True,0.5338098100371439,"Violet Mclelland's GTX Plus Pro opportunity has a 72% close propensity and has spent 355 days in Engaging, well beyond the 82-day historical norm; prioritize a next-step check before forecast review."
F569KUVC,Kami Bicknell,Summer Sewald,West,GTX Basic,,Engaging,2017-01-24,0.7172156768659325,341.0,83.0,4.108433734939759,True,0.5338098100371439,"Kami Bicknell's GTX Basic opportunity has a 72% close propensity and has spent 341 days in Engaging, well beyond the 83-day historical norm; prioritize a next-step check before forecast review."
VYPYVO8V,Vicki Laflamme,Celia Rouche,West,GTX Basic,,Engaging,2017-01-24,0.7172156768659325,341.0,83.0,4.108433734939759,True,0.5338098100371439,"Vicki Laflamme's GTX Basic opportunity has a 72% close propensity and has spent 341 days in Engaging, well beyond the 83-day historical norm; prioritize a next-step check before forecast review."
H5VBBEVI,Cassey Cress,Rocco Neubert,East,GTX Plus Basic,,Engaging,2017-04-03,0.6045502830338819,272.0,86.0,3.1627906976744184,True,0.5337865020744883,"Cassey Cress's GTX Plus Basic opportunity has a 60% close propensity and has spent 272 days in Engaging, well beyond the 86-day historical norm; prioritize a next-step check before forecast review."
5VYJCJAE,Corliss Cosme,Cara Losch,East,GTX Plus Pro,Zoomit,Engaging,2017-01-15,0.717307501925147,350.0,82.0,4.2682926829268295,True,0.5337501237486544,"Corliss Cosme's GTX Plus Pro opportunity has a 72% close propensity and has spent 350 days in Engaging, well beyond the 82-day historical norm; prioritize a next-step check before forecast review."
DJH67UIZ,Violet Mclelland,Cara Losch,East,MG Special,,Engaging,2017-03-17,0.6366065744385698,289.0,85.0,3.4,True,0.5337057266149297,"Violet Mclelland's MG Special opportunity has a 64% close propensity and has spent 289 days in Engaging, well beyond the 85-day historical norm; prioritize a next-step check before forecast review."
7VGJ2B7O,Violet Mclelland,Cara Losch,East,MG Special,,Engaging,2017-03-17,0.6366065744385698,289.0,85.0,3.4,True,0.5337057266149297,"Violet Mclelland's MG Special opportunity has a 64% close propensity and has spent 289 days in Engaging, well beyond the 85-day historical norm; prioritize a next-step check before forecast review."
QM6VR1H5,Daniell Hammack,Rocco Neubert,East,GTX Plus Pro,,Engaging,2017-01-04,0.7174355640080704,361.0,82.0,4.402439024390244,True,0.5336668833947542,"Daniell Hammack's GTX Plus Pro opportunity has a 72% close propensity and has spent 361 days in Engaging, well beyond the 82-day historical norm; prioritize a next-step check before forecast review."
Z75ND4JF,Kary Hendrixson,Summer Sewald,West,GTX Basic,,Engaging,2017-01-04,0.7174355640080704,361.0,83.0,4.349397590361446,True,0.5336668833947542,"Kary Hendrixson's GTX Basic opportunity has a 72% close propensity and has spent 361 days in Engaging, well beyond the 83-day historical norm; prioritize a next-step check before forecast review."
4I8X7EMW,Corliss Cosme,Cara Losch,East,GTX Pro,,Engaging,2017-01-11,0.7174355640080704,354.0,79.0,4.481012658227848,True,0.5336668833947542,"Corliss Cosme's GTX Pro opportunity has a 72% close propensity and has spent 354 days in Engaging, well beyond the 79-day historical norm; prioritize a next-step check before forecast review."
DZ57QIQN,Daniell Hammack,Rocco Neubert,East,GTX Plus Pro,,Engaging,2017-01-18,0.7174355640080704,347.0,82.0,4.2317073170731705,True,0.5336668833947542,"Daniell Hammack's GTX Plus Pro opportunity has a 72% close propensity and has spent 347 days in Engaging, well beyond the 82-day historical norm; prioritize a next-step check before forecast review."
OZ5S8NCK,Kary Hendrixson,Summer Sewald,West,GTX Pro,,Engaging,2017-01-18,0.7174355640080704,347.0,82.0,4.2317073170731705,True,0.5336668833947542,"Kary Hendrixson's GTX Pro opportunity has a 72% close propensity and has spent 347 days in Engaging, well beyond the 82-day historical norm; prioritize a next-step check before forecast review."
U0E0XHK9,Hayden Neloms,Celia Rouche,West,MG Advanced,,Engaging,2017-04-06,0.6319984537083837,269.0,80.0,3.3625,True,0.5334197550895505,"Hayden Neloms's MG Advanced opportunity has a 63% close propensity and has spent 269 days in Engaging, well beyond the 80-day historical norm; prioritize a next-step check before forecast review."
EWDOBEM6,Hayden Neloms,Celia Rouche,West,MG Special,,Engaging,2017-01-03,0.7179294304436017,362.0,84.25,4.29673590504451,True,0.5333458702116589,"Hayden Neloms's MG Special opportunity has a 72% close propensity and has spent 362 days in Engaging, well beyond the 84-day historical norm; prioritize a next-step check before forecast review."
I6U62W0R,Kami Bicknell,Summer Sewald,West,GTX Basic,,Engaging,2017-03-29,0.6290837204504314,277.0,83.0,3.3373493975903616,True,0.5331136539963762,"Kami Bicknell's GTX Basic opportunity has a 63% close propensity and has spent 277 days in Engaging, well beyond the 83-day historical norm; prioritize a next-step check before forecast review."
GVYF29NM,Violet Mclelland,Cara Losch,East,MG Advanced,,Engaging,2017-02-25,0.6420363639890082,309.0,90.0,3.433333333333333,True,0.5330930300738113,"Violet Mclelland's MG Advanced opportunity has a 64% close propensity and has spent 309 days in Engaging, well beyond the 90-day historical norm; prioritize a next-step check before forecast review."
Z0RLNFVY,Boris Faz,Rocco Neubert,East,GTX Plus Basic,,Engaging,2017-03-16,0.6338459537778743,290.0,86.0,3.372093023255814,True,0.5330582695792654,"Boris Faz's GTX Plus Basic opportunity has a 63% close propensity and has spent 290 days in Engaging, well beyond the 86-day historical norm; prioritize a next-step check before forecast review."
PVLGUIEN,Corliss Cosme,Cara Losch,East,MG Advanced,,Engaging,2017-04-09,0.5784334619613942,266.0,90.0,2.9555555555555557,True,0.5326293608362049,"Corliss Cosme's MG Advanced opportunity has a 58% close propensity and has spent 266 days in Engaging, above the 90-day historical norm; prioritize a next-step check before forecast review."
2LSNRT4U,Kary Hendrixson,Summer Sewald,West,GTX Pro,,Engaging,2017-04-17,0.6045502830338819,258.0,82.0,3.1463414634146343,True,0.5323471940767572,"Kary Hendrixson's GTX Pro opportunity has a 60% close propensity and has spent 258 days in Engaging, well beyond the 82-day historical norm; prioritize a next-step check before forecast review."
7K0S2P6K,Rosalina Dieter,Celia Rouche,West,GTX Pro,,Engaging,2017-04-17,0.6045502830338819,258.0,82.0,3.1463414634146343,True,0.5323471940767572,"Rosalina Dieter's GTX Pro opportunity has a 60% close propensity and has spent 258 days in Engaging, well beyond the 82-day historical norm; prioritize a next-step check before forecast review."
81G840FM,Zane Levy,Summer Sewald,West,GTX Basic,,Engaging,2017-04-13,0.605956314791671,262.0,83.0,3.1566265060240966,True,0.5323332146625224,"Zane Levy's GTX Basic opportunity has a 61% close propensity and has spent 262 days in Engaging, well beyond the 83-day historical norm; prioritize a next-step check before forecast review."
10AEGW41,Kary Hendrixson,Summer Sewald,West,GTX Pro,,Engaging,2017-04-16,0.6062521033004136,259.0,82.0,3.158536585365854,True,0.5323080840742433,"Kary Hendrixson's GTX Pro opportunity has a 61% close propensity and has spent 259 days in Engaging, well beyond the 82-day historical norm; prioritize a next-step check before forecast review."
6G6ZCKSB,Vicki Laflamme,Celia Rouche,West,GTX Pro,,Engaging,2017-04-16,0.6062521033004136,259.0,82.0,3.158536585365854,True,0.5323080840742433,"Vicki Laflamme's GTX Pro opportunity has a 61% close propensity and has spent 259 days in Engaging, well beyond the 82-day historical norm; prioritize a next-step check before forecast review."
CR6ZLEWC,Kary Hendrixson,Summer Sewald,West,GTX Plus Pro,,Engaging,2017-03-24,0.6338459537778743,282.0,84.0,3.357142857142857,True,0.5317501300443817,"Kary Hendrixson's GTX Plus Pro opportunity has a 63% close propensity and has spent 282 days in Engaging, well beyond the 84-day historical norm; prioritize a next-step check before forecast review."
43LFUTVM,Zane Levy,Summer Sewald,West,GTX Plus Pro,,Engaging,2017-03-24,0.6338459537778743,282.0,84.0,3.357142857142857,True,0.5317501300443817,"Zane Levy's GTX Plus Pro opportunity has a 63% close propensity and has spent 282 days in Engaging, well beyond the 84-day historical norm; prioritize a next-step check before forecast review."
4RDJBBB6,Daniell Hammack,Rocco Neubert,East,MG Special,,Engaging,2017-03-22,0.6318593922768123,284.0,85.0,3.3411764705882354,True,0.5316443361965426,"Daniell Hammack's MG Special opportunity has a 63% close propensity and has spent 284 days in Engaging, well beyond the 85-day historical norm; prioritize a next-step check before forecast review."
DOGKQHQP,Vicki Laflamme,Celia Rouche,West,GTX Pro,,Engaging,2017-03-31,0.6338459537778743,275.0,82.0,3.3536585365853657,True,0.5314452519956012,"Vicki Laflamme's GTX Pro opportunity has a 63% close propensity and has spent 275 days in Engaging, well beyond the 82-day historical norm; prioritize a next-step check before forecast review."
Q8BZ3PC9,Rosie Papadopoulos,Cara Losch,East,GTX Plus Pro,,Engaging,2017-04-18,0.6045502830338819,257.0,82.0,3.1341463414634148,True,0.5312801209060256,"Rosie Papadopoulos's GTX Plus Pro opportunity has a 60% close propensity and has spent 257 days in Engaging, well beyond the 82-day historical norm; prioritize a next-step check before forecast review."
M16D8PYH,Daniell Hammack,Rocco Neubert,East,GTX Plus Pro,,Engaging,2017-01-05,0.7213834095117806,360.0,82.0,4.390243902439025,True,0.5311007838173426,"Daniell Hammack's GTX Plus Pro opportunity has a 72% close propensity and has spent 360 days in Engaging, well beyond the 82-day historical norm; prioritize a next-step check before forecast review."
T7T1YIM7,Boris Faz,Rocco Neubert,East,GTX Plus Pro,,Engaging,2017-01-06,0.7213834095117806,359.0,82.0,4.378048780487805,True,0.5311007838173426,"Boris Faz's GTX Plus Pro opportunity has a 72% close propensity and has spent 359 days in Engaging, well beyond the 82-day historical norm; prioritize a next-step check before forecast review."
4JHY98UG,Cassey Cress,Rocco Neubert,East,GTX Basic,,Engaging,2017-01-07,0.7213834095117806,358.0,87.0,4.114942528735632,True,0.5311007838173426,"Cassey Cress's GTX Basic opportunity has a 72% close propensity and has spent 358 days in Engaging, well beyond the 87-day historical norm; prioritize a next-step check before forecast review."
Z1WLLL1H,Kami Bicknell,Summer Sewald,West,GTX Basic,,Engaging,2017-01-21,0.7213834095117806,344.0,83.0,4.144578313253012,True,0.5311007838173426,"Kami Bicknell's GTX Basic opportunity has a 72% close propensity and has spent 344 days in Engaging, well beyond the 83-day historical norm; prioritize a next-step check before forecast review."
CGWJ1WHI,Wilburn Farren,Cara Losch,East,MG Special,,Engaging,2017-01-04,0.7214403938843036,361.0,85.0,4.247058823529412,True,0.5310637439752026,"Wilburn Farren's MG Special opportunity has a 72% close propensity and has spent 361 days in Engaging, well beyond the 85-day historical norm; prioritize a next-step check before forecast review."
PKDJTR06,Kami Bicknell,Summer Sewald,West,GTX Plus Basic,Hatfan,Engaging,2017-01-24,0.6991555240902807,341.0,89.0,3.831460674157303,True,0.5308017183300816,"Kami Bicknell's GTX Plus Basic opportunity has a 70% close propensity and has spent 341 days in Engaging, well beyond the 89-day historical norm; prioritize a next-step check before forecast review."
5XPYFICK,Rosie Papadopoulos,Cara Losch,East,MG Special,Inity,Engaging,2017-03-10,0.6530427872475366,296.0,85.0,3.4823529411764707,True,0.5302280706420424,"Rosie Papadopoulos's MG Special opportunity has a 65% close propensity and has spent 296 days in Engaging, well beyond the 85-day historical norm; prioritize a next-step check before forecast review."
LWPFQ1UA,Kary Hendrixson,Summer Sewald,West,GTX Basic,,Engaging,2017-04-15,0.605956314791671,260.0,83.0,3.1325301204819276,True,0.5302247809275825,"Kary Hendrixson's GTX Basic opportunity has a 61% close propensity and has spent 260 days in Engaging, well beyond the 83-day historical norm; prioritize a next-step check before forecast review."
OLVI7L8M,Cassey Cress,Rocco Neubert,East,GTX Pro,,Engaging,2016-11-16,0.7229610508579598,410.0,79.0,5.189873417721519,True,0.5300753169423261,"Cassey Cress's GTX Pro opportunity has a 72% close propensity and has spent 410 days in Engaging, well beyond the 79-day historical norm; prioritize a next-step check before forecast review."
RACLHBXN,Daniell Hammack,Rocco Neubert,East,GTX Plus Basic,,Engaging,2017-03-19,0.63413344736772,287.0,86.0,3.3372093023255816,True,0.5298190731644703,"Daniell Hammack's GTX Plus Basic opportunity has a 63% close propensity and has spent 287 days in Engaging, well beyond the 86-day historical norm; prioritize a next-step check before forecast review."
GR2X90DZ,Vicki Laflamme,Celia Rouche,West,GTX Basic,,Engaging,2017-01-15,0.7234455784373908,350.0,83.0,4.216867469879518,True,0.529760374015696,"Vicki Laflamme's GTX Basic opportunity has a 72% close propensity and has spent 350 days in Engaging, well beyond the 83-day historical norm; prioritize a next-step check before forecast review."
8YIANRVX,Zane Levy,Summer Sewald,West,GTX Pro,,Engaging,2017-01-29,0.7234455784373908,336.0,82.0,4.097560975609756,True,0.529760374015696,"Zane Levy's GTX Pro opportunity has a 72% close propensity and has spent 336 days in Engaging, well beyond the 82-day historical norm; prioritize a next-step check before forecast review."
G39V1X3G,Corliss Cosme,Cara Losch,East,MG Special,,Engaging,2017-01-07,0.7237716624764159,358.0,85.0,4.211764705882353,True,0.5295484193903297,"Corliss Cosme's MG Special opportunity has a 72% close propensity and has spent 358 days in Engaging, well beyond the 85-day historical norm; prioritize a next-step check before forecast review."
W8CXDBQN,Vicki Laflamme,Celia Rouche,West,MG Special,,Engaging,2017-01-13,0.7237716624764159,352.0,84.25,4.178041543026707,True,0.5295484193903297,"Vicki Laflamme's MG Special opportunity has a 72% close propensity and has spent 352 days in Engaging, well beyond the 84-day historical norm; prioritize a next-step check before forecast review."
A4JROIDO,Vicki Laflamme,Celia Rouche,West,MG Special,,Engaging,2017-01-19,0.7237716624764159,346.0,84.25,4.106824925816023,True,0.5295484193903297,"Vicki Laflamme's MG Special opportunity has a 72% close propensity and has spent 346 days in Engaging, well beyond the 84-day historical norm; prioritize a next-step check before forecast review."
EQCD7G7Q,Rosalina Dieter,Celia Rouche,West,GTX Basic,Initech,Engaging,2017-01-08,0.7241104598853958,357.0,83.0,4.301204819277109,True,0.5293282010744927,"Rosalina Dieter's GTX Basic opportunity has a 72% close propensity and has spent 357 days in Engaging, well beyond the 83-day historical norm; prioritize a next-step check before forecast review."
6Q67ZUJ1,Maureen Marcano,Summer Sewald,West,MG Special,,Engaging,2017-01-09,0.7243737872354189,356.0,84.25,4.225519287833828,True,0.5291570382969777,"Maureen Marcano's MG Special opportunity has a 72% close propensity and has spent 356 days in Engaging, well beyond the 84-day historical norm; prioritize a next-step check before forecast review."
K64TY8LU,Maureen Marcano,Summer Sewald,West,MG Special,,Engaging,2017-01-16,0.7243737872354189,349.0,84.25,4.142433234421365,True,0.5291570382969777,"Maureen Marcano's MG Special opportunity has a 72% close propensity and has spent 349 days in Engaging, well beyond the 84-day historical norm; prioritize a next-step check before forecast review."
YB20NWM1,Vicki Laflamme,Celia Rouche,West,MG Special,,Engaging,2017-03-24,0.6366065744385698,282.0,84.25,3.3471810089020773,True,0.5290840648938613,"Vicki Laflamme's MG Special opportunity has a 64% close propensity and has spent 282 days in Engaging, well beyond the 84-day historical norm; prioritize a next-step check before forecast review."
E4082SMQ,James Ascencio,Summer Sewald,West,GTX Basic,,Engaging,2017-04-17,0.6045502830338819,258.0,83.0,3.108433734939759,True,0.5290302678352057,"James Ascencio's GTX Basic opportunity has a 60% close propensity and has spent 258 days in Engaging, well beyond the 83-day historical norm; prioritize a next-step check before forecast review."
QD8F0CI6,Rosalina Dieter,Celia Rouche,West,GTX Basic,,Engaging,2017-04-17,0.6045502830338819,258.0,83.0,3.108433734939759,True,0.5290302678352057,"Rosalina Dieter's GTX Basic opportunity has a 60% close propensity and has spent 258 days in Engaging, well beyond the 83-day historical norm; prioritize a next-step check before forecast review."
2VDN72EP,Vicki Laflamme,Celia Rouche,West,GTX Basic,,Engaging,2017-03-30,0.6338459537778743,276.0,83.0,3.325301204819277,True,0.5289639854660684,"Vicki Laflamme's GTX Basic opportunity has a 63% close propensity and has spent 276 days in Engaging, well beyond the 83-day historical norm; prioritize a next-step check before forecast review."
ALHQU8W8,Corliss Cosme,Cara Losch,East,GTX Basic,Plexzap,Engaging,2017-03-20,0.6288306495808592,286.0,87.0,3.2873563218390807,True,0.528903755933361,"Corliss Cosme's GTX Basic opportunity has a 63% close propensity and has spent 286 days in Engaging, well beyond the 87-day historical norm; prioritize a next-step check before forecast review."
EJDHOY6M,Corliss Cosme,Cara Losch,East,GTX Basic,,Engaging,2017-03-17,0.6338459537778743,289.0,87.0,3.32183908045977,True,0.5286610495846116,"Corliss Cosme's GTX Basic opportunity has a 63% close propensity and has spent 289 days in Engaging, well beyond the 87-day historical norm; prioritize a next-step check before forecast review."
4UZCVHEV,Violet Mclelland,Cara Losch,East,GTX Basic,,Engaging,2017-03-17,0.6338459537778743,289.0,87.0,3.32183908045977,True,0.5286610495846116,"Violet Mclelland's GTX Basic opportunity has a 63% close propensity and has spent 289 days in Engaging, well beyond the 87-day historical norm; prioritize a next-step check before forecast review."
5T8Q2YID,Elease Gluck,Celia Rouche,West,MG Special,,Engaging,2017-01-01,0.7258228731991488,364.0,84.25,4.320474777448071,True,0.5282151324205533,"Elease Gluck's MG Special opportunity has a 73% close propensity and has spent 364 days in Engaging, well beyond the 84-day historical norm; prioritize a next-step check before forecast review."
BXK5HGEY,Vicki Laflamme,Celia Rouche,West,MG Special,,Engaging,2017-03-28,0.6316071061940267,278.0,84.25,3.2997032640949553,True,0.5281794165821911,"Vicki Laflamme's MG Special opportunity has a 63% close propensity and has spent 278 days in Engaging, well beyond the 84-day historical norm; prioritize a next-step check before forecast review."
XXUGTDX7,Vicki Laflamme,Celia Rouche,West,MG Special,,Engaging,2017-03-28,0.6316071061940267,278.0,84.25,3.2997032640949553,True,0.5281794165821911,"Vicki Laflamme's MG Special opportunity has a 63% close propensity and has spent 278 days in Engaging, well beyond the 84-day historical norm; prioritize a next-step check before forecast review."
LWXHKI88,Vicki Laflamme,Celia Rouche,West,MG Special,,Engaging,2017-03-28,0.6316071061940267,278.0,84.25,3.2997032640949553,True,0.5281794165821911,"Vicki Laflamme's MG Special opportunity has a 63% close propensity and has spent 278 days in Engaging, well beyond the 84-day historical norm; prioritize a next-step check before forecast review."
5G4I94TF,Kary Hendrixson,Summer Sewald,West,GTX Plus Pro,Statholdings,Engaging,2017-03-26,0.6361591469522198,280.0,84.0,3.3333333333333335,True,0.5281632211477238,"Kary Hendrixson's GTX Plus Pro opportunity has a 64% close propensity and has spent 280 days in Engaging, well beyond the 84-day historical norm; prioritize a next-step check before forecast review."
COM9RNBL,Markita Hansen,Celia Rouche,West,MG Special,,Engaging,2017-04-14,0.6051639412594606,261.0,84.25,3.0979228486646884,True,0.5277116874395108,"Markita Hansen's MG Special opportunity has a 61% close propensity and has spent 261 days in Engaging, well beyond the 84-day historical norm; prioritize a next-step check before forecast review."
QR2BDRAI,James Ascencio,Summer Sewald,West,MG Advanced,,Engaging,2017-01-04,0.7267202539445543,361.0,80.0,4.5125,True,0.5276318349360397,"James Ascencio's MG Advanced opportunity has a 73% close propensity and has spent 361 days in Engaging, well beyond the 80-day historical norm; prioritize a next-step check before forecast review."
LJBQ7P0V,James Ascencio,Summer Sewald,West,MG Special,Zotware,Engaging,2017-03-09,0.6630314756042136,297.0,84.25,3.5252225519287834,True,0.5274865141510297,"James Ascencio's MG Special opportunity has a 66% close propensity and has spent 297 days in Engaging, well beyond the 84-day historical norm; prioritize a next-step check before forecast review."
XQ0N9T87,Hayden Neloms,Celia Rouche,West,MG Advanced,,Engaging,2017-04-10,0.6344392059778585,265.0,80.0,3.3125,True,0.527458266114392,"Hayden Neloms's MG Advanced opportunity has a 63% close propensity and has spent 265 days in Engaging, well beyond the 80-day historical norm; prioritize a next-step check before forecast review."
Q6OUJCH5,Vicki Laflamme,Celia Rouche,West,GTX Pro,,Engaging,2017-04-21,0.605956314791671,254.0,82.0,3.097560975609756,True,0.5271649807512675,"Vicki Laflamme's GTX Pro opportunity has a 61% close propensity and has spent 254 days in Engaging, well beyond the 82-day historical norm; prioritize a next-step check before forecast review."
FB9M4FR7,James Ascencio,Summer Sewald,West,MG Special,,Engaging,2017-03-26,0.6368931421833545,280.0,84.25,3.3234421364985165,True,0.5268206445244398,"James Ascencio's MG Special opportunity has a 64% close propensity and has spent 280 days in Engaging, well beyond the 84-day historical norm; prioritize a next-step check before forecast review."
KMB8TJ0I,Hayden Neloms,Celia Rouche,West,MG Advanced,,Engaging,2017-03-24,0.6642268902979204,282.0,80.0,3.525,True,0.5266900213063517,"Hayden Neloms's MG Advanced opportunity has a 66% close propensity and has spent 282 days in Engaging, well beyond the 80-day historical norm; prioritize a next-step check before forecast review."
VRYR5A81,Wilburn Farren,Cara Losch,East,GTX Basic,Finhigh,Engaging,2017-03-25,0.6247070785223191,281.0,87.0,3.2298850574712645,True,0.5265553414892282,"Wilburn Farren's GTX Basic opportunity has a 62% close propensity and has spent 281 days in Engaging, well beyond the 87-day historical norm; prioritize a next-step check before forecast review."
VPXW8RJS,Kami Bicknell,Summer Sewald,West,MG Advanced,,Engaging,2017-01-05,0.7284545854673756,360.0,80.0,4.5,True,0.5265045194462058,"Kami Bicknell's MG Advanced opportunity has a 73% close propensity and has spent 360 days in Engaging, well beyond the 80-day historical norm; prioritize a next-step check before forecast review."
OIFERO7S,Rosalina Dieter,Celia Rouche,West,MG Advanced,,Engaging,2017-05-07,0.5908018142076177,238.0,80.0,2.975,True,0.5262913207650486,"Rosalina Dieter's MG Advanced opportunity has a 59% close propensity and has spent 238 days in Engaging, above the 80-day historical norm; prioritize a next-step check before forecast review."
FYN7C0CV,Cassey Cress,Rocco Neubert,East,MG Advanced,,Engaging,2017-03-04,0.6420363639890082,302.0,90.0,3.3555555555555556,True,0.5262874745182557,"Cassey Cress's MG Advanced opportunity has a 64% close propensity and has spent 302 days in Engaging, well beyond the 90-day historical norm; prioritize a next-step check before forecast review."
UP409DSB,Maureen Marcano,Summer Sewald,West,MG Advanced,Ganjaflex,Engaging,2016-11-10,0.7293434583387144,416.0,80.0,5.2,True,0.5259267520798356,"Maureen Marcano's MG Advanced opportunity has a 73% close propensity and has spent 416 days in Engaging, well beyond the 80-day historical norm; prioritize a next-step check before forecast review."
LSVGDJ1A,Kary Hendrixson,Summer Sewald,West,GTX Plus Pro,,Engaging,2017-04-17,0.6045502830338819,258.0,84.0,3.0714285714285716,True,0.5257923160279767,"Kary Hendrixson's GTX Plus Pro opportunity has a 60% close propensity and has spent 258 days in Engaging, well beyond the 84-day historical norm; prioritize a next-step check before forecast review."
KBR253C0,Kami Bicknell,Summer Sewald,West,MG Advanced,,Engaging,2017-01-29,0.7304839710112679,336.0,80.0,4.2,True,0.5251854188426759,"Kami Bicknell's MG Advanced opportunity has a 73% close propensity and has spent 336 days in Engaging, well beyond the 80-day historical norm; prioritize a next-step check before forecast review."
8GV0BQTU,Kary Hendrixson,Summer Sewald,West,MG Advanced,Xx-holding,Engaging,2017-05-17,0.5757350100779128,228.0,80.0,2.85,True,0.5251472434493567,"Kary Hendrixson's MG Advanced opportunity has a 58% close propensity and has spent 228 days in Engaging, above the 80-day historical norm; prioritize a next-step check before forecast review."
71GQNH5T,Cassey Cress,Rocco Neubert,East,MG Advanced,,Engaging,2017-03-05,0.642321055643852,301.0,90.0,3.3444444444444446,True,0.5251302027203851,"Cassey Cress's MG Advanced opportunity has a 64% close propensity and has spent 301 days in Engaging, well beyond the 90-day historical norm; prioritize a next-step check before forecast review."
HVT28XPH,Vicki Laflamme,Celia Rouche,West,MG Special,,Engaging,2017-04-03,0.6269796154931446,272.0,84.25,3.228486646884273,True,0.5249558315318299,"Vicki Laflamme's MG Special opportunity has a 63% close propensity and has spent 272 days in Engaging, well beyond the 84-day historical norm; prioritize a next-step check before forecast review."
U2HYH97X,Kary Hendrixson,Summer Sewald,West,GTX Basic,,Engaging,2017-04-20,0.605956314791671,255.0,83.0,3.072289156626506,True,0.524953696590233,"Kary Hendrixson's GTX Basic opportunity has a 61% close propensity and has spent 255 days in Engaging, well beyond the 83-day historical norm; prioritize a next-step check before forecast review."
7Y530NLJ,Boris Faz,Rocco Neubert,East,GTX Plus Basic,Genco Pura Olive Oil Company,Engaging,2017-04-12,0.6043911250470163,263.0,86.0,3.058139534883721,True,0.5247329780217649,"Boris Faz's GTX Plus Basic opportunity has a 60% close propensity and has spent 263 days in Engaging, well beyond the 86-day historical norm; prioritize a next-step check before forecast review."
LIQZNH9U,Kary Hendrixson,Summer Sewald,West,GTX Plus Pro,,Engaging,2017-03-31,0.6338459537778743,275.0,84.0,3.2738095238095237,True,0.524458463377715,"Kary Hendrixson's GTX Plus Pro opportunity has a 63% close propensity and has spent 275 days in Engaging, well beyond the 84-day historical norm; prioritize a next-step check before forecast review."
J6OQS0AU,Hayden Neloms,Celia Rouche,West,MG Advanced,,Engaging,2017-03-26,0.6645031557816352,280.0,80.0,3.5,True,0.5243229487419371,"Hayden Neloms's MG Advanced opportunity has a 66% close propensity and has spent 280 days in Engaging, well beyond the 80-day historical norm; prioritize a next-step check before forecast review."
WRUG19FZ,Hayden Neloms,Celia Rouche,West,MG Advanced,Vehement Capital Partners,Engaging,2017-01-13,0.7322883191236172,352.0,80.0,4.4,True,0.5240125925696488,"Hayden Neloms's MG Advanced opportunity has a 73% close propensity and has spent 352 days in Engaging, well beyond the 80-day historical norm; prioritize a next-step check before forecast review."
BPOTQCFG,Elease Gluck,Celia Rouche,West,MG Special,,Engaging,2017-04-04,0.6269796154931446,271.0,84.25,3.2166172106824926,True,0.523917255864174,"Elease Gluck's MG Special opportunity has a 63% close propensity and has spent 271 days in Engaging, well beyond the 84-day historical norm; prioritize a next-step check before forecast review."
73HO9OZC,Cassey Cress,Rocco Neubert,East,GTX Basic,Finjob,Engaging,2017-03-12,0.6488892578065242,294.0,87.0,3.3793103448275863,True,0.523911637598173,"Cassey Cress's GTX Basic opportunity has a 65% close propensity and has spent 294 days in Engaging, well beyond the 87-day historical norm; prioritize a next-step check before forecast review."
GVBWTDI3,Daniell Hammack,Rocco Neubert,East,GTX Plus Basic,,Engaging,2017-01-31,0.7172156768659325,334.0,86.0,3.883720930232558,True,0.5236353914324927,"Daniell Hammack's GTX Plus Basic opportunity has a 72% close propensity and has spent 334 days in Engaging, well beyond the 86-day historical norm; prioritize a next-step check before forecast review."
VFEV5XBS,Violet Mclelland,Cara Losch,East,GTX Plus Basic,,Engaging,2017-01-31,0.7172156768659325,334.0,86.0,3.883720930232558,True,0.5236353914324927,"Violet Mclelland's GTX Plus Basic opportunity has a 72% close propensity and has spent 334 days in Engaging, well beyond the 86-day historical norm; prioritize a next-step check before forecast review."
RFQP9VCW,Wilburn Farren,Cara Losch,East,MG Advanced,,Engaging,2017-03-07,0.6416388415732224,299.0,90.0,3.3222222222222224,True,0.5236291974218499,"Wilburn Farren's MG Advanced opportunity has a 64% close propensity and has spent 299 days in Engaging, well beyond the 90-day historical norm; prioritize a next-step check before forecast review."
JW4Q5F4Z,Cassey Cress,Rocco Neubert,East,MG Special,,Engaging,2017-04-01,0.6283549240133902,274.0,85.0,3.223529411764706,True,0.5236281229207082,"Cassey Cress's MG Special opportunity has a 63% close propensity and has spent 274 days in Engaging, well beyond the 85-day historical norm; prioritize a next-step check before forecast review."
PO158L29,Cassey Cress,Rocco Neubert,East,GTX Basic,Blackzim,Engaging,2017-03-23,0.6338459537778743,283.0,87.0,3.2528735632183907,True,0.5226265668259908,"Cassey Cress's GTX Basic opportunity has a 63% close propensity and has spent 283 days in Engaging, well beyond the 87-day historical norm; prioritize a next-step check before forecast review."
X8GGF9MG,Rosalina Dieter,Celia Rouche,West,MG Special,Dontechi,Engaging,2017-04-12,0.6163604162095638,263.0,84.25,3.121661721068249,True,0.5225111300572552,"Rosalina Dieter's MG Special opportunity has a 62% close propensity and has spent 263 days in Engaging, well beyond the 84-day historical norm; prioritize a next-step check before forecast review."
SU8JNMP4,Kami Bicknell,Summer Sewald,West,GTX Plus Basic,Bubba Gump,Engaging,2016-11-24,0.7347889306148436,402.0,89.0,4.51685393258427,True,0.5223871951003516,"Kami Bicknell's GTX Plus Basic opportunity has a 73% close propensity and has spent 402 days in Engaging, well beyond the 89-day historical norm; prioritize a next-step check before forecast review."
EG7OFLFR,Kami Bicknell,Summer Sewald,West,GTX Basic,,Engaging,2016-11-14,0.735225492229971,412.0,83.0,4.963855421686747,True,0.5221034300505188,"Kami Bicknell's GTX Basic opportunity has a 74% close propensity and has spent 412 days in Engaging, well beyond the 83-day historical norm; prioritize a next-step check before forecast review."
RXAQJKSL,Corliss Cosme,Cara Losch,East,GTX Plus Pro,,Engaging,2017-04-26,0.6058850823396278,249.0,82.0,3.0365853658536586,True,0.521875915991437,"Corliss Cosme's GTX Plus Pro opportunity has a 61% close propensity and has spent 249 days in Engaging, well beyond the 82-day historical norm; prioritize a next-step check before forecast review."
P9LE92UR,Kary Hendrixson,Summer Sewald,West,MG Special,,Engaging,2017-03-31,0.6366065744385698,275.0,84.25,3.264094955489614,True,0.5218140352202708,"Kary Hendrixson's MG Special opportunity has a 64% close propensity and has spent 275 days in Engaging, well beyond the 84-day historical norm; prioritize a next-step check before forecast review."
GEJLL5L3,Corliss Cosme,Cara Losch,East,GTX Basic,,Engaging,2017-03-24,0.6338459537778743,282.0,87.0,3.2413793103448274,True,0.5216208196995541,"Corliss Cosme's GTX Basic opportunity has a 63% close propensity and has spent 282 days in Engaging, well beyond the 87-day historical norm; prioritize a next-step check before forecast review."
F5U1ACDD,Kami Bicknell,Summer Sewald,West,GTX Plus Basic,,Engaging,2016-11-19,0.73600554972183,407.0,89.0,4.573033707865169,True,0.5215963926808105,"Kami Bicknell's GTX Plus Basic opportunity has a 74% close propensity and has spent 407 days in Engaging, well beyond the 89-day historical norm; prioritize a next-step check before forecast review."
VM0MHPAO,Wilburn Farren,Cara Losch,East,MG Special,,Engaging,2017-04-03,0.6288317278841891,272.0,85.0,3.2,True,0.5212593768752771,"Wilburn Farren's MG Special opportunity has a 63% close propensity and has spent 272 days in Engaging, well beyond the 85-day historical norm; prioritize a next-step check before forecast review."
HPIKEMB9,Elease Gluck,Celia Rouche,West,MG Special,,Engaging,2017-04-06,0.6283549240133902,269.0,84.25,3.192878338278932,True,0.5209461539907029,"Elease Gluck's MG Special opportunity has a 63% close propensity and has spent 269 days in Engaging, well beyond the 84-day historical norm; prioritize a next-step check before forecast review."
0KEO3OP7,Daniell Hammack,Rocco Neubert,East,GTX Plus Pro,,Engaging,2017-04-27,0.605956314791671,248.0,82.0,3.024390243902439,True,0.5207625417268773,"Daniell Hammack's GTX Plus Pro opportunity has a 61% close propensity and has spent 248 days in Engaging, well beyond the 82-day historical norm; prioritize a next-step check before forecast review."
8254HM4E,Kami Bicknell,Summer Sewald,West,GTX Plus Basic,,Engaging,2017-04-06,0.605956314791671,269.0,89.0,3.0224719101123596,True,0.5205946875202454,"Kami Bicknell's GTX Plus Basic opportunity has a 61% close propensity and has spent 269 days in Engaging, well beyond the 89-day historical norm; prioritize a next-step check before forecast review."
RPONINLM,Vicki Laflamme,Celia Rouche,West,GTX Plus Basic,,Engaging,2017-01-23,0.7172156768659325,342.0,89.0,3.842696629213483,True,0.5200457650933237,"Vicki Laflamme's GTX Plus Basic opportunity has a 72% close propensity and has spent 342 days in Engaging, well beyond the 89-day historical norm; prioritize a next-step check before forecast review."
9W7PFSNX,Corliss Cosme,Cara Losch,East,GTX Basic,,Engaging,2017-01-31,0.7172156768659325,334.0,87.0,3.839080459770115,True,0.5197293502670289,"Corliss Cosme's GTX Basic opportunity has a 72% close propensity and has spent 334 days in Engaging, well beyond the 87-day historical norm; prioritize a next-step check before forecast review."
ZZY4516R,Hayden Neloms,Celia Rouche,West,MG Advanced,,Engaging,2016-11-20,0.7393431420022764,406.0,80.0,5.075,True,0.5194269576985203,"Hayden Neloms's MG Advanced opportunity has a 74% close propensity and has spent 406 days in Engaging, well beyond the 80-day historical norm; prioritize a next-step check before forecast review."
Y28VHZKQ,Cassey Cress,Rocco Neubert,East,MG Advanced,,Engaging,2017-03-13,0.6398140311090955,293.0,90.0,3.2555555555555555,True,0.5189819908901989,"Cassey Cress's MG Advanced opportunity has a 64% close propensity and has spent 293 days in Engaging, well beyond the 90-day historical norm; prioritize a next-step check before forecast review."
J32XDDAW,Markita Hansen,Celia Rouche,West,GTX Basic,,Engaging,2016-12-14,0.7401724504143717,382.0,83.0,4.602409638554217,True,0.5188879072306584,"Markita Hansen's GTX Basic opportunity has a 74% close propensity and has spent 382 days in Engaging, well beyond the 83-day historical norm; prioritize a next-step check before forecast review."
DJMPI9TO,Elease Gluck,Celia Rouche,West,GTK 500,Xx-zobam,Engaging,2017-04-18,0.5780496894911078,257.0,92.0,2.7934782608695654,True,0.5186970496568669,"Elease Gluck's GTK 500 opportunity has a 58% close propensity and has spent 257 days in Engaging, above the 92-day historical norm; prioritize a next-step check before forecast review."
9HYMQL4I,Zane Levy,Summer Sewald,West,GTX Basic,,Engaging,2017-04-26,0.6058850823396278,249.0,83.0,3.0,True,0.5186746964792419,"Zane Levy's GTX Basic opportunity has a 61% close propensity and has spent 249 days in Engaging, well beyond the 83-day historical norm; prioritize a next-step check before forecast review."
5BE27MLY,Maureen Marcano,Summer Sewald,West,GTX Pro,,Engaging,2017-01-28,0.740857437357491,337.0,82.0,4.109756097560975,True,0.5184426657176309,"Maureen Marcano's GTX Pro opportunity has a 74% close propensity and has spent 337 days in Engaging, well beyond the 82-day historical norm; prioritize a next-step check before forecast review."
XYNTWPN1,Violet Mclelland,Cara Losch,East,MG Special,Rundofase,Engaging,2017-01-08,0.7414989761519812,357.0,85.0,4.2,True,0.5180256655012122,"Violet Mclelland's MG Special opportunity has a 74% close propensity and has spent 357 days in Engaging, well beyond the 85-day historical norm; prioritize a next-step check before forecast review."
XRZVJPD5,Maureen Marcano,Summer Sewald,West,GTX Plus Basic,,Engaging,2017-02-27,0.6675299605261957,307.0,89.0,3.449438202247191,True,0.517931368354602,"Maureen Marcano's GTX Plus Basic opportunity has a 67% close propensity and has spent 307 days in Engaging, well beyond the 89-day historical norm; prioritize a next-step check before forecast review."
0EYXI1UN,Hayden Neloms,Celia Rouche,West,MG Advanced,,Engaging,2017-04-19,0.6344392059778585,256.0,80.0,3.2,True,0.5176145161143919,"Hayden Neloms's MG Advanced opportunity has a 63% close propensity and has spent 256 days in Engaging, well beyond the 80-day historical norm; prioritize a next-step check before forecast review."
Q2CLAKLM,Daniell Hammack,Rocco Neubert,East,GTX Plus Pro,,Engaging,2017-04-30,0.6062521033004136,245.0,82.0,2.9878048780487805,True,0.5173690596839995,"Daniell Hammack's GTX Plus Pro opportunity has a 61% close propensity and has spent 245 days in Engaging, above the 82-day historical norm; prioritize a next-step check before forecast review."
DFFEQ87N,Maureen Marcano,Summer Sewald,West,MG Special,Scottech,Engaging,2017-03-28,0.6487388138621005,278.0,84.25,3.2997032640949553,True,0.5170438065979432,"Maureen Marcano's MG Special opportunity has a 65% close propensity and has spent 278 days in Engaging, well beyond the 84-day historical norm; prioritize a next-step check before forecast review."
IMLG35AP,Lajuana Vencill,Dustin Brinkmann,Central,GTX Plus Pro,,Engaging,2017-07-22,0.4777884539162932,162.0,80.0,2.025,True,0.5166250049544094,"Lajuana Vencill's GTX Plus Pro opportunity has a 48% close propensity and has spent 162 days in Engaging, above the 80-day historical norm; prioritize a next-step check before forecast review."
J58BUYQH,Kary Hendrixson,Summer Sewald,West,GTX Plus Basic,,Engaging,2017-04-11,0.6045502830338819,264.0,89.0,2.966292134831461,True,0.5165928778257296,"Kary Hendrixson's GTX Plus Basic opportunity has a 60% close propensity and has spent 264 days in Engaging, above the 89-day historical norm; prioritize a next-step check before forecast review."
NMY6FA6X,Corliss Cosme,Cara Losch,East,MG Advanced,,Engaging,2017-04-24,0.5806923048614174,251.0,90.0,2.7888888888888888,True,0.5165777796178564,"Corliss Cosme's MG Advanced opportunity has a 58% close propensity and has spent 251 days in Engaging, above the 90-day historical norm; prioritize a next-step check before forecast review."
0DRC1U9Q,Maureen Marcano,Summer Sewald,West,GTX Basic,Green-Plus,Engaging,2016-11-20,0.7438299913900802,406.0,83.0,4.891566265060241,True,0.5165105055964478,"Maureen Marcano's GTX Basic opportunity has a 74% close propensity and has spent 406 days in Engaging, well beyond the 83-day historical norm; prioritize a next-step check before forecast review."
N5UIZYIV,Zane Levy,Summer Sewald,West,MG Special,Konmatfix,Engaging,2017-01-28,0.7438605584721639,337.0,84.25,4.0,True,0.5164906369930935,"Zane Levy's MG Special opportunity has a 74% close propensity and has spent 337 days in Engaging, well beyond the 84-day historical norm; prioritize a next-step check before forecast review."
BTUG5VDL,Corliss Cosme,Cara Losch,East,GTX Pro,Inity,Engaging,2017-01-15,0.7442431594918861,350.0,79.0,4.430379746835443,True,0.516241946330274,"Corliss Cosme's GTX Pro opportunity has a 74% close propensity and has spent 350 days in Engaging, well beyond the 79-day historical norm; prioritize a next-step check before forecast review."
A194RP0I,Rosalina Dieter,Celia Rouche,West,MG Advanced,,Engaging,2016-12-12,0.7444173234092613,384.0,80.0,4.8,True,0.5161287397839802,"Rosalina Dieter's MG Advanced opportunity has a 74% close propensity and has spent 384 days in Engaging, well beyond the 80-day historical norm; prioritize a next-step check before forecast review."
XAC1J3TF,Rosalina Dieter,Celia Rouche,West,MG Advanced,,Engaging,2017-05-15,0.5930410109416465,230.0,80.0,2.875,True,0.5160858428879298,"Rosalina Dieter's MG Advanced opportunity has a 59% close propensity and has spent 230 days in Engaging, above the 80-day historical norm; prioritize a next-step check before forecast review."
SKBDCYV5,Zane Levy,Summer Sewald,West,GTX Plus Basic,Zencorporation,Engaging,2017-04-09,0.6087559782850285,266.0,89.0,2.9887640449438204,True,0.5158254680473158,"Zane Levy's GTX Plus Basic opportunity has a 61% close propensity and has spent 266 days in Engaging, above the 89-day historical norm; prioritize a next-step check before forecast review."
HVZMZW96,Maureen Marcano,Summer Sewald,West,GTX Plus Basic,,Engaging,2017-02-26,0.6725677597942255,308.0,89.0,3.460674157303371,True,0.5156399448977984,"Maureen Marcano's GTX Plus Basic opportunity has a 67% close propensity and has spent 308 days in Engaging, well beyond the 89-day historical norm; prioritize a next-step check before forecast review."
1H1YDS7C,Maureen Marcano,Summer Sewald,West,GTX Plus Basic,,Engaging,2017-02-26,0.6725677597942255,308.0,89.0,3.460674157303371,True,0.5156399448977984,"Maureen Marcano's GTX Plus Basic opportunity has a 67% close propensity and has spent 308 days in Engaging, well beyond the 89-day historical norm; prioritize a next-step check before forecast review."
0QPZIIPF,Vicki Laflamme,Celia Rouche,West,GTX Plus Basic,Donware,Engaging,2017-03-27,0.6288306495808592,279.0,89.0,3.134831460674157,True,0.5155578305814302,"Vicki Laflamme's GTX Plus Basic opportunity has a 63% close propensity and has spent 279 days in Engaging, well beyond the 89-day historical norm; prioritize a next-step check before forecast review."
VCSHYIU8,Maureen Marcano,Summer Sewald,West,GTX Plus Basic,,Engaging,2017-01-12,0.740857437357491,353.0,89.0,3.966292134831461,True,0.5154932275153836,"Maureen Marcano's GTX Plus Basic opportunity has a 74% close propensity and has spent 353 days in Engaging, well beyond the 89-day historical norm; prioritize a next-step check before forecast review."
UEZOR630,Elease Gluck,Celia Rouche,West,GTX Basic,,Engaging,2017-04-29,0.605956314791671,246.0,83.0,2.963855421686747,True,0.5154657447830042,"Elease Gluck's GTX Basic opportunity has a 61% close propensity and has spent 246 days in Engaging, above the 83-day historical norm; prioritize a next-step check before forecast review."
XFB1VXQY,Maureen Marcano,Summer Sewald,West,MG Advanced,,Engaging,2017-03-25,0.6800593379198512,281.0,80.0,3.5125,True,0.5153051803520967,"Maureen Marcano's MG Advanced opportunity has a 68% close propensity and has spent 281 days in Engaging, well beyond the 80-day historical norm; prioritize a next-step check before forecast review."
RIW4VWBW,Hayden Neloms,Celia Rouche,West,GTX Plus Pro,,Engaging,2017-01-10,0.745740108234712,355.0,84.0,4.226190476190476,True,0.5152689296474371,"Hayden Neloms's GTX Plus Pro opportunity has a 75% close propensity and has spent 355 days in Engaging, well beyond the 84-day historical norm; prioritize a next-step check before forecast review."
579LZ3F9,Daniell Hammack,Rocco Neubert,East,GTX Plus Basic,J-Texon,Engaging,2016-11-24,0.745742877466776,402.0,86.0,4.674418604651163,True,0.5152671296465956,"Daniell Hammack's GTX Plus Basic opportunity has a 75% close propensity and has spent 402 days in Engaging, well beyond the 86-day historical norm; prioritize a next-step check before forecast review."
45B6VA2Y,Violet Mclelland,Cara Losch,East,MG Special,,Engaging,2017-04-09,0.6286442030521395,266.0,85.0,3.1294117647058823,True,0.515204797427874,"Violet Mclelland's MG Special opportunity has a 63% close propensity and has spent 266 days in Engaging, well beyond the 85-day historical norm; prioritize a next-step check before forecast review."
RG893DYQ,Markita Hansen,Celia Rouche,West,GTX Basic,The New York Inquirer,Engaging,2017-05-05,0.5969920116051854,240.0,83.0,2.891566265060241,True,0.5149672406494006,"Markita Hansen's GTX Basic opportunity has a 60% close propensity and has spent 240 days in Engaging, above the 83-day historical norm; prioritize a next-step check before forecast review."
OTJR9SSK,Hayden Neloms,Celia Rouche,West,GTX Plus Basic,,Engaging,2017-04-25,0.5859442080902179,250.0,89.0,2.808988764044944,True,0.5149227815952909,"Hayden Neloms's GTX Plus Basic opportunity has a 59% close propensity and has spent 250 days in Engaging, above the 89-day historical norm; prioritize a next-step check before forecast review."
3N3RAHXR,Cassey Cress,Rocco Neubert,East,GTX Plus Basic,Nam-zim,Engaging,2017-03-19,0.6571080524291154,287.0,86.0,3.3372093023255816,True,0.5148855798745633,"Cassey Cress's GTX Plus Basic opportunity has a 66% close propensity and has spent 287 days in Engaging, well beyond the 86-day historical norm; prioritize a next-step check before forecast review."
3P7QQSVF,Vicki Laflamme,Celia Rouche,West,MG Special,,Engaging,2017-04-12,0.628285256787993,263.0,84.25,3.121661721068249,True,0.5147599836812764,"Vicki Laflamme's MG Special opportunity has a 63% close propensity and has spent 263 days in Engaging, well beyond the 84-day historical norm; prioritize a next-step check before forecast review."
IGRY0M4Q,Daniell Hammack,Rocco Neubert,East,MG Advanced,,Engaging,2017-04-26,0.5806923048614174,249.0,90.0,2.7666666666666666,True,0.514633335173412,"Daniell Hammack's MG Advanced opportunity has a 58% close propensity and has spent 249 days in Engaging, above the 90-day historical norm; prioritize a next-step check before forecast review."
MRWHJE9P,Cassey Cress,Rocco Neubert,East,GTX Plus Basic,,Engaging,2017-04-21,0.605956314791671,254.0,86.0,2.953488372093023,True,0.5145586279435534,"Cassey Cress's GTX Plus Basic opportunity has a 61% close propensity and has spent 254 days in Engaging, above the 86-day historical norm; prioritize a next-step check before forecast review."
4G0X8VHP,Markita Hansen,Celia Rouche,West,MG Advanced,Y-corporation,Engaging,2017-05-24,0.5803139366290375,221.0,80.0,2.7625,True,0.5145146911911256,"Markita Hansen's MG Advanced opportunity has a 58% close propensity and has spent 221 days in Engaging, above the 80-day historical norm; prioritize a next-step check before forecast review."
3F2ZPCSL,Kary Hendrixson,Summer Sewald,West,GTX Plus Basic,,Engaging,2017-03-25,0.6338459537778743,281.0,89.0,3.157303370786517,True,0.5142641749882019,"Kary Hendrixson's GTX Plus Basic opportunity has a 63% close propensity and has spent 281 days in Engaging, well beyond the 89-day historical norm; prioritize a next-step check before forecast review."
4H2QMS78,Vicki Laflamme,Celia Rouche,West,GTX Basic,,Engaging,2016-12-21,0.747295810690429,375.0,83.0,4.518072289156627,True,0.5142577230512211,"Vicki Laflamme's GTX Basic opportunity has a 75% close propensity and has spent 375 days in Engaging, well beyond the 83-day historical norm; prioritize a next-step check before forecast review."
FN1QX0BQ,Violet Mclelland,Cara Losch,East,MG Special,,Engaging,2017-04-11,0.6269796154931446,264.0,85.0,3.1058823529411765,True,0.5142279558118089,"Violet Mclelland's MG Special opportunity has a 63% close propensity and has spent 264 days in Engaging, well beyond the 85-day historical norm; prioritize a next-step check before forecast review."
OTLQMB5X,Rosalina Dieter,Celia Rouche,West,GTX Basic,,Engaging,2017-04-30,0.6062521033004136,245.0,83.0,2.9518072289156625,True,0.5142192653848516,"Rosalina Dieter's GTX Basic opportunity has a 61% close propensity and has spent 245 days in Engaging, above the 83-day historical norm; prioritize a next-step check before forecast review."
WQSJNIEZ,Markita Hansen,Celia Rouche,West,GTX Basic,,Engaging,2017-05-05,0.5984953485526515,240.0,83.0,2.891566265060241,True,0.5139900716335476,"Markita Hansen's GTX Basic opportunity has a 60% close propensity and has spent 240 days in Engaging, above the 83-day historical norm; prioritize a next-step check before forecast review."
26CH1NDR,Daniell Hammack,Rocco Neubert,East,GTX Basic,Mathtouch,Engaging,2017-03-09,0.6688286479097935,297.0,87.0,3.413793103448276,True,0.5139682754103584,"Daniell Hammack's GTX Basic opportunity has a 67% close propensity and has spent 297 days in Engaging, well beyond the 87-day historical norm; prioritize a next-step check before forecast review."
YQ0Y0YQS,Violet Mclelland,Cara Losch,East,MG Advanced,Newex,Engaging,2017-03-05,0.6599200526235778,301.0,90.0,3.3444444444444446,True,0.5136908546835633,"Violet Mclelland's MG Advanced opportunity has a 66% close propensity and has spent 301 days in Engaging, well beyond the 90-day historical norm; prioritize a next-step check before forecast review."
HFUZQFQQ,Markita Hansen,Celia Rouche,West,GTX Basic,Groovestreet,Engaging,2017-05-09,0.5924991788751666,236.0,83.0,2.8433734939759034,True,0.5136707144540333,"Markita Hansen's GTX Basic opportunity has a 59% close propensity and has spent 236 days in Engaging, above the 83-day historical norm; prioritize a next-step check before forecast review."
WGETO859,Boris Faz,Rocco Neubert,East,GTX Basic,,Engaging,2017-04-19,0.6058850823396278,256.0,87.0,2.942528735632184,True,0.513645960847058,"Boris Faz's GTX Basic opportunity has a 61% close propensity and has spent 256 days in Engaging, above the 87-day historical norm; prioritize a next-step check before forecast review."
CTWSDG4U,Corliss Cosme,Cara Losch,East,GTX Basic,,Engaging,2017-04-19,0.6058850823396278,256.0,87.0,2.942528735632184,True,0.513645960847058,"Corliss Cosme's GTX Basic opportunity has a 61% close propensity and has spent 256 days in Engaging, above the 87-day historical norm; prioritize a next-step check before forecast review."
4ZX1WPS7,Cassey Cress,Rocco Neubert,East,GTX Pro,Inity,Engaging,2017-05-03,0.6226466599725223,242.0,79.0,3.0632911392405062,True,0.5133176457014048,"Cassey Cress's GTX Pro opportunity has a 62% close propensity and has spent 242 days in Engaging, well beyond the 79-day historical norm; prioritize a next-step check before forecast review."
ANRCHVJM,Violet Mclelland,Cara Losch,East,MG Special,Plusstrip,Engaging,2017-04-15,0.6222685719280864,260.0,85.0,3.0588235294117645,True,0.5131724870702732,"Violet Mclelland's MG Special opportunity has a 62% close propensity and has spent 260 days in Engaging, well beyond the 85-day historical norm; prioritize a next-step check before forecast review."
86C26QSR,Markita Hansen,Celia Rouche,West,GTX Plus Pro,,Engaging,2017-05-03,0.5984236611904601,242.0,84.0,2.880952380952381,True,0.5131079535595342,"Markita Hansen's GTX Plus Pro opportunity has a 60% close propensity and has spent 242 days in Engaging, above the 84-day historical norm; prioritize a next-step check before forecast review."
SLYFFVBE,Maureen Marcano,Summer Sewald,West,GTX Plus Basic,Blackzim,Engaging,2017-03-07,0.663074617698453,299.0,89.0,3.359550561797753,True,0.5129621726533089,"Maureen Marcano's GTX Plus Basic opportunity has a 66% close propensity and has spent 299 days in Engaging, well beyond the 89-day historical norm; prioritize a next-step check before forecast review."
T0VJ4AMX,Corliss Cosme,Cara Losch,East,GTX Basic,Green-Plus,Engaging,2017-03-31,0.6366927362854026,275.0,87.0,3.160919540229885,True,0.5127301811846032,"Corliss Cosme's GTX Basic opportunity has a 64% close propensity and has spent 275 days in Engaging, well beyond the 87-day historical norm; prioritize a next-step check before forecast review."
3E4VTH6E,Hayden Neloms,Celia Rouche,West,MG Special,Hatfan,Engaging,2017-03-12,0.6817583986065251,294.0,84.25,3.4896142433234423,True,0.5121982871965598,"Hayden Neloms's MG Special opportunity has a 68% close propensity and has spent 294 days in Engaging, well beyond the 84-day historical norm; prioritize a next-step check before forecast review."
NUQPJV8A,Hayden Neloms,Celia Rouche,West,MG Advanced,,Engaging,2017-04-24,0.6344392059778585,251.0,80.0,3.1375,True,0.512145766114392,"Hayden Neloms's MG Advanced opportunity has a 63% close propensity and has spent 251 days in Engaging, well beyond the 80-day historical norm; prioritize a next-step check before forecast review."
AKMV6WN5,Elease Gluck,Celia Rouche,West,GTK 500,,Engaging,2017-04-06,0.605956314791671,269.0,92.0,2.9239130434782608,True,0.5119707866897617,"Elease Gluck's GTK 500 opportunity has a 61% close propensity and has spent 269 days in Engaging, above the 92-day historical norm; prioritize a next-step check before forecast review."
NFMCPYOV,Rosie Papadopoulos,Cara Losch,East,GTX Basic,Finjob,Engaging,2017-03-30,0.6395748205834434,276.0,87.0,3.1724137931034484,True,0.5118625735173135,"Rosie Papadopoulos's GTX Basic opportunity has a 64% close propensity and has spent 276 days in Engaging, well beyond the 87-day historical norm; prioritize a next-step check before forecast review."
K6M3EX4O,Kami Bicknell,Summer Sewald,West,GTX Plus Basic,,Engaging,2017-04-15,0.605956314791671,260.0,89.0,2.9213483146067416,True,0.5117463729135038,"Kami Bicknell's GTX Plus Basic opportunity has a 61% close propensity and has spent 260 days in Engaging, above the 89-day historical norm; prioritize a next-step check before forecast review."
YVXKNYSM,Corliss Cosme,Cara Losch,East,GTX Pro,,Engaging,2017-05-07,0.6183428034645705,238.0,79.0,3.0126582278481013,True,0.511684772684738,"Corliss Cosme's GTX Pro opportunity has a 62% close propensity and has spent 238 days in Engaging, well beyond the 79-day historical norm; prioritize a next-step check before forecast review."
BDUNPUWY,Boris Faz,Rocco Neubert,East,GTX Plus Basic,,Engaging,2017-04-25,0.6045502830338819,250.0,86.0,2.9069767441860463,True,0.5114027811442559,"Boris Faz's GTX Plus Basic opportunity has a 60% close propensity and has spent 250 days in Engaging, above the 86-day historical norm; prioritize a next-step check before forecast review."
CEEJ2EN5,Violet Mclelland,Cara Losch,East,GTX Plus Basic,,Engaging,2017-04-25,0.6045502830338819,250.0,86.0,2.9069767441860463,True,0.5114027811442559,"Violet Mclelland's GTX Plus Basic opportunity has a 60% close propensity and has spent 250 days in Engaging, above the 86-day historical norm; prioritize a next-step check before forecast review."
WLS5J30E,Elease Gluck,Celia Rouche,West,MG Special,Inity,Engaging,2017-03-31,0.6530427872475366,275.0,84.25,3.264094955489614,True,0.5111304968944423,"Elease Gluck's MG Special opportunity has a 65% close propensity and has spent 275 days in Engaging, well beyond the 84-day historical norm; prioritize a next-step check before forecast review."
J53D8EOL,Kary Hendrixson,Summer Sewald,West,GTX Plus Basic,Hottechi,Engaging,2016-12-14,0.7522444167639446,382.0,89.0,4.292134831460674,True,0.511041129103436,"Kary Hendrixson's GTX Plus Basic opportunity has a 75% close propensity and has spent 382 days in Engaging, well beyond the 89-day historical norm; prioritize a next-step check before forecast review."
4QFATB6J,Violet Mclelland,Cara Losch,East,GTX Basic,,Engaging,2017-04-22,0.605956314791671,253.0,87.0,2.9080459770114944,True,0.5105824183739196,"Violet Mclelland's GTX Basic opportunity has a 61% close propensity and has spent 253 days in Engaging, above the 87-day historical norm; prioritize a next-step check before forecast review."
FHWXZ6HL,Rosie Papadopoulos,Cara Losch,East,GTX Pro,,Engaging,2017-05-09,0.6166601976354045,236.0,79.0,2.9873417721518987,True,0.5105632766002782,"Rosie Papadopoulos's GTX Pro opportunity has a 62% close propensity and has spent 236 days in Engaging, above the 79-day historical norm; prioritize a next-step check before forecast review."
GACPNKGI,Elease Gluck,Celia Rouche,West,MG Special,,Engaging,2017-04-17,0.6269796154931446,258.0,84.25,3.0623145400593472,True,0.5104157721846488,"Elease Gluck's MG Special opportunity has a 63% close propensity and has spent 258 days in Engaging, well beyond the 84-day historical norm; prioritize a next-step check before forecast review."
5C8HCDXT,Wilburn Farren,Cara Losch,East,MG Advanced,,Engaging,2017-03-21,0.6416388415732224,285.0,90.0,3.1666666666666665,True,0.5100180863107387,"Wilburn Farren's MG Advanced opportunity has a 64% close propensity and has spent 285 days in Engaging, well beyond the 90-day historical norm; prioritize a next-step check before forecast review."
RJYG004O,Daniell Hammack,Rocco Neubert,East,GTX Basic,Domzoom,Engaging,2016-12-16,0.7539740978660271,380.0,87.0,4.367816091954023,True,0.5099168363870824,"Daniell Hammack's GTX Basic opportunity has a 75% close propensity and has spent 380 days in Engaging, well beyond the 87-day historical norm; prioritize a next-step check before forecast review."
OIO2H2MY,Boris Faz,Rocco Neubert,East,GTX Plus Pro,,Engaging,2017-05-01,0.6166601976354045,244.0,82.0,2.975609756097561,True,0.5095367251955237,"Boris Faz's GTX Plus Pro opportunity has a 62% close propensity and has spent 244 days in Engaging, above the 82-day historical norm; prioritize a next-step check before forecast review."
5WHMLQDK,Kary Hendrixson,Summer Sewald,West,GTX Pro,,Engaging,2017-05-01,0.6166601976354045,244.0,82.0,2.975609756097561,True,0.5095367251955237,"Kary Hendrixson's GTX Pro opportunity has a 62% close propensity and has spent 244 days in Engaging, above the 82-day historical norm; prioritize a next-step check before forecast review."
49ZS7GTS,Vicki Laflamme,Celia Rouche,West,MG Special,,Engaging,2017-04-18,0.6269796154931446,257.0,84.25,3.050445103857567,True,0.5093771965169931,"Vicki Laflamme's MG Special opportunity has a 63% close propensity and has spent 257 days in Engaging, well beyond the 84-day historical norm; prioritize a next-step check before forecast review."
73086D08,Markita Hansen,Celia Rouche,West,GTX Plus Pro,,Engaging,2017-05-07,0.5987930294625489,238.0,84.0,2.8333333333333335,True,0.5087011975160098,"Markita Hansen's GTX Plus Pro opportunity has a 60% close propensity and has spent 238 days in Engaging, above the 84-day historical norm; prioritize a next-step check before forecast review."
PK1PS0KR,Rosie Papadopoulos,Cara Losch,East,MG Advanced,,Engaging,2017-01-22,0.7304839710112679,343.0,90.0,3.811111111111111,True,0.508657641064898,"Rosie Papadopoulos's MG Advanced opportunity has a 73% close propensity and has spent 343 days in Engaging, well beyond the 90-day historical norm; prioritize a next-step check before forecast review."
IGHYUSN8,Vicki Laflamme,Celia Rouche,West,GTX Plus Pro,Golddex,Engaging,2017-05-06,0.6007279870985796,239.0,84.0,2.8452380952380953,True,0.5084851417192566,"Vicki Laflamme's GTX Plus Pro opportunity has a 60% close propensity and has spent 239 days in Engaging, above the 84-day historical norm; prioritize a next-step check before forecast review."
125VIRMX,Elease Gluck,Celia Rouche,West,GTK 500,Warephase,Engaging,2016-12-19,0.7574795419979178,377.0,92.0,4.0978260869565215,True,0.5076382977013534,"Elease Gluck's GTK 500 opportunity has a 76% close propensity and has spent 377 days in Engaging, well beyond the 92-day historical norm; prioritize a next-step check before forecast review."
JNEQWZQK,Wilburn Farren,Cara Losch,East,GTX Basic,,Engaging,2017-04-25,0.6064438566589377,250.0,87.0,2.8735632183908044,True,0.5072482747808859,"Wilburn Farren's GTX Basic opportunity has a 61% close propensity and has spent 250 days in Engaging, above the 87-day historical norm; prioritize a next-step check before forecast review."
1D54L027,Wilburn Farren,Cara Losch,East,MG Advanced,,Engaging,2017-01-25,0.7282917495153788,340.0,90.0,3.7777777777777777,True,0.5071659183705594,"Wilburn Farren's MG Advanced opportunity has a 73% close propensity and has spent 340 days in Engaging, well beyond the 90-day historical norm; prioritize a next-step check before forecast review."
5K0ZFCVO,Violet Mclelland,Cara Losch,East,MG Special,,Engaging,2017-04-18,0.6269796154931446,257.0,85.0,3.023529411764706,True,0.5070220734588677,"Violet Mclelland's MG Special opportunity has a 63% close propensity and has spent 257 days in Engaging, well beyond the 85-day historical norm; prioritize a next-step check before forecast review."
6AEVX11M,Violet Mclelland,Cara Losch,East,MG Special,,Engaging,2017-04-18,0.6269796154931446,257.0,85.0,3.023529411764706,True,0.5070220734588677,"Violet Mclelland's MG Special opportunity has a 63% close propensity and has spent 257 days in Engaging, well beyond the 85-day historical norm; prioritize a next-step check before forecast review."
ZH14SZPT,Violet Mclelland,Cara Losch,East,GTX Plus Basic,,Engaging,2017-04-29,0.605956314791671,246.0,86.0,2.86046511627907,True,0.5064190930598325,"Violet Mclelland's GTX Plus Basic opportunity has a 61% close propensity and has spent 246 days in Engaging, above the 86-day historical norm; prioritize a next-step check before forecast review."
C32E4E1D,Kami Bicknell,Summer Sewald,West,MG Special,,Engaging,2017-04-20,0.6283549240133902,255.0,84.25,3.026706231454006,True,0.5064060946435219,"Kami Bicknell's MG Special opportunity has a 63% close propensity and has spent 255 days in Engaging, well beyond the 84-day historical norm; prioritize a next-step check before forecast review."
I92EJ805,Kami Bicknell,Summer Sewald,West,GTX Basic,Bluth Company,Engaging,2017-05-01,0.6166601976354045,244.0,83.0,2.9397590361445785,True,0.5063997871996377,"Kami Bicknell's GTX Basic opportunity has a 62% close propensity and has spent 244 days in Engaging, above the 83-day historical norm; prioritize a next-step check before forecast review."
D62905BC,Maureen Marcano,Summer Sewald,West,GTX Plus Pro,,Engaging,2017-04-04,0.6559831608408538,271.0,84.0,3.2261904761904763,True,0.5059026121201117,"Maureen Marcano's GTX Plus Pro opportunity has a 66% close propensity and has spent 271 days in Engaging, well beyond the 84-day historical norm; prioritize a next-step check before forecast review."
CMS1HUGL,Cassey Cress,Rocco Neubert,East,MG Advanced,,Engaging,2017-03-25,0.6420363639890082,281.0,90.0,3.1222222222222222,True,0.5058708078515891,"Cassey Cress's MG Advanced opportunity has a 64% close propensity and has spent 281 days in Engaging, well beyond the 90-day historical norm; prioritize a next-step check before forecast review."
TJ03NDNX,Violet Mclelland,Cara Losch,East,MG Advanced,Iselectrics,Engaging,2017-03-25,0.6420363639890082,281.0,90.0,3.1222222222222222,True,0.5058708078515891,"Violet Mclelland's MG Advanced opportunity has a 64% close propensity and has spent 281 days in Engaging, well beyond the 90-day historical norm; prioritize a next-step check before forecast review."
QIHWKCFK,Cassey Cress,Rocco Neubert,East,MG Advanced,Singletechno,Engaging,2017-03-24,0.6440458866703137,282.0,90.0,3.1333333333333333,True,0.5055368403309628,"Cassey Cress's MG Advanced opportunity has a 64% close propensity and has spent 282 days in Engaging, well beyond the 90-day historical norm; prioritize a next-step check before forecast review."
DF1011UT,Corliss Cosme,Cara Losch,East,GTX Plus Basic,Konmatfix,Engaging,2017-03-17,0.6747160056651249,289.0,86.0,3.36046511627907,True,0.5054752939920875,"Corliss Cosme's GTX Plus Basic opportunity has a 67% close propensity and has spent 289 days in Engaging, well beyond the 86-day historical norm; prioritize a next-step check before forecast review."
OLGT0VHP,James Ascencio,Summer Sewald,West,GTX Plus Pro,Statholdings,Engaging,2017-05-01,0.6147645212979721,244.0,84.0,2.9047619047619047,True,0.5045697278229848,"James Ascencio's GTX Plus Pro opportunity has a 61% close propensity and has spent 244 days in Engaging, above the 84-day historical norm; prioritize a next-step check before forecast review."
R9U1QNHQ,Hayden Neloms,Celia Rouche,West,MG Special,Betasoloin,Engaging,2017-04-29,0.6174891495182268,246.0,84.25,2.919881305637982,True,0.5041216670564761,"Hayden Neloms's MG Special opportunity has a 62% close propensity and has spent 246 days in Engaging, above the 84-day historical norm; prioritize a next-step check before forecast review."
VY4IVO2W,Kami Bicknell,Summer Sewald,West,GTX Plus Basic,,Engaging,2017-04-24,0.6045502830338819,251.0,89.0,2.8202247191011236,True,0.5038119789493251,"Kami Bicknell's GTX Plus Basic opportunity has a 60% close propensity and has spent 251 days in Engaging, above the 89-day historical norm; prioritize a next-step check before forecast review."
UYQJ2A1O,Vicki Laflamme,Celia Rouche,West,GTX Plus Pro,,Engaging,2017-05-01,0.6166601976354045,244.0,84.0,2.9047619047619047,True,0.5033375382036538,"Vicki Laflamme's GTX Plus Pro opportunity has a 62% close propensity and has spent 244 days in Engaging, above the 84-day historical norm; prioritize a next-step check before forecast review."
3F34LWKM,Vicki Laflamme,Celia Rouche,West,GTX Pro,,Engaging,2017-05-06,0.6180503753894147,239.0,82.0,2.9146341463414633,True,0.5032977438017585,"Vicki Laflamme's GTX Pro opportunity has a 62% close propensity and has spent 239 days in Engaging, above the 82-day historical norm; prioritize a next-step check before forecast review."
INKH0Y59,Vicki Laflamme,Celia Rouche,West,MG Special,,Engaging,2017-04-24,0.6269796154931446,251.0,84.25,2.979228486646884,True,0.5031457425110584,"Vicki Laflamme's MG Special opportunity has a 63% close propensity and has spent 251 days in Engaging, above the 84-day historical norm; prioritize a next-step check before forecast review."
OSMGVV1S,Vicki Laflamme,Celia Rouche,West,MG Special,,Engaging,2017-04-24,0.6269796154931446,251.0,84.25,2.979228486646884,True,0.5031457425110584,"Vicki Laflamme's MG Special opportunity has a 63% close propensity and has spent 251 days in Engaging, above the 84-day historical norm; prioritize a next-step check before forecast review."
KTC0RC8I,James Ascencio,Summer Sewald,West,MG Special,,Engaging,2017-04-23,0.6286442030521395,252.0,84.25,2.9910979228486645,True,0.5031023362653675,"James Ascencio's MG Special opportunity has a 63% close propensity and has spent 252 days in Engaging, above the 84-day historical norm; prioritize a next-step check before forecast review."
M9GP930T,Rosalina Dieter,Celia Rouche,West,MG Special,,Engaging,2017-04-23,0.6286442030521395,252.0,84.25,2.9910979228486645,True,0.5031023362653675,"Rosalina Dieter's MG Special opportunity has a 63% close propensity and has spent 252 days in Engaging, above the 84-day historical norm; prioritize a next-step check before forecast review."
3SEMPUU1,Markita Hansen,Celia Rouche,West,GTX Pro,Labdrill,Engaging,2017-05-17,0.6003179406726387,228.0,82.0,2.7804878048780486,True,0.5030860214896141,"Markita Hansen's GTX Pro opportunity has a 60% close propensity and has spent 228 days in Engaging, above the 82-day historical norm; prioritize a next-step check before forecast review."
89P5UVQ0,Wilburn Farren,Cara Losch,East,GTX Pro,,Engaging,2017-05-14,0.6202118229214236,231.0,79.0,2.9240506329113924,True,0.5027167454808215,"Wilburn Farren's GTX Pro opportunity has a 62% close propensity and has spent 231 days in Engaging, above the 79-day historical norm; prioritize a next-step check before forecast review."
OPCLCCQH,Kami Bicknell,Summer Sewald,West,GTX Plus Basic,Konex,Engaging,2017-03-16,0.6652401813142115,290.0,89.0,3.258426966292135,True,0.5027062416963244,"Kami Bicknell's GTX Plus Basic opportunity has a 67% close propensity and has spent 290 days in Engaging, well beyond the 89-day historical norm; prioritize a next-step check before forecast review."
FVGRGJU8,Rosie Papadopoulos,Cara Losch,East,MG Advanced,Betatech,Engaging,2017-04-21,0.6068640152099969,254.0,90.0,2.8222222222222224,True,0.5024828345579465,"Rosie Papadopoulos's MG Advanced opportunity has a 61% close propensity and has spent 254 days in Engaging, above the 90-day historical norm; prioritize a next-step check before forecast review."
A7SA2L21,Elease Gluck,Celia Rouche,West,GTK 500,,Engaging,2017-01-30,0.7172156768659325,335.0,92.0,3.641304347826087,True,0.5024239404719265,"Elease Gluck's GTK 500 opportunity has a 72% close propensity and has spent 335 days in Engaging, well beyond the 92-day historical norm; prioritize a next-step check before forecast review."
Z9QZKUV5,Zane Levy,Summer Sewald,West,GTX Basic,Zumgoity,Engaging,2017-03-30,0.6747160056651249,276.0,83.0,3.325301204819277,True,0.5023984517393556,"Zane Levy's GTX Basic opportunity has a 67% close propensity and has spent 276 days in Engaging, well beyond the 83-day historical norm; prioritize a next-step check before forecast review."
8WB5HXOB,Zane Levy,Summer Sewald,West,GTX Plus Pro,,Engaging,2017-05-02,0.6166601976354045,243.0,84.0,2.892857142857143,True,0.5022958715369871,"Zane Levy's GTX Plus Pro opportunity has a 62% close propensity and has spent 243 days in Engaging, above the 84-day historical norm; prioritize a next-step check before forecast review."
61E7IHAY,Violet Mclelland,Cara Losch,East,MG Special,,Engaging,2017-04-22,0.6283549240133902,253.0,85.0,2.976470588235294,True,0.5020104758618846,"Violet Mclelland's MG Special opportunity has a 63% close propensity and has spent 253 days in Engaging, above the 85-day historical norm; prioritize a next-step check before forecast review."
K5CWSFCW,Elease Gluck,Celia Rouche,West,GTX Pro,Blackzim,Engaging,2016-12-21,0.7671376927456758,375.0,82.0,4.573170731707317,True,0.5013604997153107,"Elease Gluck's GTX Pro opportunity has a 77% close propensity and has spent 375 days in Engaging, well beyond the 82-day historical norm; prioritize a next-step check before forecast review."
LCQ934W7,Cassey Cress,Rocco Neubert,East,GTX Plus Basic,Xx-holding,Engaging,2017-05-05,0.6046651333183938,240.0,86.0,2.7906976744186047,True,0.5011537098546719,"Cassey Cress's GTX Plus Basic opportunity has a 60% close propensity and has spent 240 days in Engaging, above the 86-day historical norm; prioritize a next-step check before forecast review."
ZOBJHMAF,Cassey Cress,Rocco Neubert,East,MG Advanced,,Engaging,2016-12-11,0.7679174826299945,385.0,90.0,4.277777777777778,True,0.5008536362905036,"Cassey Cress's MG Advanced opportunity has a 77% close propensity and has spent 385 days in Engaging, well beyond the 90-day historical norm; prioritize a next-step check before forecast review."
NKPH3EFG,Cassey Cress,Rocco Neubert,East,MG Advanced,,Engaging,2016-12-18,0.7679174826299945,378.0,90.0,4.2,True,0.5008536362905036,"Cassey Cress's MG Advanced opportunity has a 77% close propensity and has spent 378 days in Engaging, well beyond the 90-day historical norm; prioritize a next-step check before forecast review."
HF74MC9F,Corliss Cosme,Cara Losch,East,GTX Plus Pro,Ganjaflex,Engaging,2017-05-06,0.6218828139971111,239.0,82.0,2.9146341463414633,True,0.5008066587067559,"Corliss Cosme's GTX Plus Pro opportunity has a 62% close propensity and has spent 239 days in Engaging, above the 82-day historical norm; prioritize a next-step check before forecast review."
HHDQ9EW4,Kami Bicknell,Summer Sewald,West,GTX Basic,Inity,Engaging,2017-04-28,0.6303077437341778,247.0,83.0,2.9759036144578315,True,0.5006915328378447,"Kami Bicknell's GTX Basic opportunity has a 63% close propensity and has spent 247 days in Engaging, above the 83-day historical norm; prioritize a next-step check before forecast review."
ZI89S9HC,Markita Hansen,Celia Rouche,West,MG Advanced,Dalttechnology,Engaging,2017-06-11,0.5714734170717569,203.0,80.0,2.5375,True,0.500573528903358,"Markita Hansen's MG Advanced opportunity has a 57% close propensity and has spent 203 days in Engaging, above the 80-day historical norm; prioritize a next-step check before forecast review."
UAE5ZC7O,Daniell Hammack,Rocco Neubert,East,GTX Plus Pro,,Engaging,2016-12-05,0.7687218248083517,391.0,82.0,4.7682926829268295,True,0.5003308138745713,"Daniell Hammack's GTX Plus Pro opportunity has a 77% close propensity and has spent 391 days in Engaging, well beyond the 82-day historical norm; prioritize a next-step check before forecast review."
3ECHUPQY,Daniell Hammack,Rocco Neubert,East,GTX Plus Basic,,Engaging,2016-12-20,0.7687218248083517,376.0,86.0,4.372093023255814,True,0.5003308138745713,"Daniell Hammack's GTX Plus Basic opportunity has a 77% close propensity and has spent 376 days in Engaging, well beyond the 86-day historical norm; prioritize a next-step check before forecast review."
G3SJ8X1K,Violet Mclelland,Cara Losch,East,MG Advanced,,Engaging,2017-03-31,0.6420363639890082,275.0,90.0,3.0555555555555554,True,0.5000374745182558,"Violet Mclelland's MG Advanced opportunity has a 64% close propensity and has spent 275 days in Engaging, well beyond the 90-day historical norm; prioritize a next-step check before forecast review."
VMIAO42Z,Vicki Laflamme,Celia Rouche,West,GTX Plus Pro,Donquadtech,Engaging,2017-04-28,0.6266612954520523,247.0,84.0,2.9404761904761907,True,0.4999618246228327,"Vicki Laflamme's GTX Plus Pro opportunity has a 63% close propensity and has spent 247 days in Engaging, above the 84-day historical norm; prioritize a next-step check before forecast review."
UU25XD9E,Zane Levy,Summer Sewald,West,GTX Pro,Hatfan,Engaging,2017-05-08,0.6207003693849863,237.0,82.0,2.8902439024390243,True,0.49944110136317355,"Zane Levy's GTX Pro opportunity has a 62% close propensity and has spent 237 days in Engaging, above the 82-day historical norm; prioritize a next-step check before forecast review."
CT3HBBI2,Elease Gluck,Celia Rouche,West,MG Special,Mathtouch,Engaging,2017-01-15,0.7701438283678048,350.0,84.25,4.154302670623146,True,0.49940651156092686,"Elease Gluck's MG Special opportunity has a 77% close propensity and has spent 350 days in Engaging, well beyond the 84-day historical norm; prioritize a next-step check before forecast review."
UJ7BYO6A,Wilburn Farren,Cara Losch,East,MG Advanced,,Engaging,2017-05-04,0.5924177489530562,241.0,90.0,2.6777777777777776,True,0.499234018736069,"Wilburn Farren's MG Advanced opportunity has a 59% close propensity and has spent 241 days in Engaging, above the 90-day historical norm; prioritize a next-step check before forecast review."
FWTTJ2G8,Kary Hendrixson,Summer Sewald,West,GTX Basic,Initech,Engaging,2017-05-06,0.6204529671372249,239.0,83.0,2.8795180722891565,True,0.49866340268610504,"Kary Hendrixson's GTX Basic opportunity has a 62% close propensity and has spent 239 days in Engaging, above the 83-day historical norm; prioritize a next-step check before forecast review."
KV2OFRJT,Kami Bicknell,Summer Sewald,West,GTX Pro,,Engaging,2016-12-13,0.7718760681353091,383.0,82.0,4.670731707317073,True,0.4982805557120491,"Kami Bicknell's GTX Pro opportunity has a 77% close propensity and has spent 383 days in Engaging, well beyond the 82-day historical norm; prioritize a next-step check before forecast review."
C8TV7R8A,Kary Hendrixson,Summer Sewald,West,GTX Pro,,Engaging,2016-12-26,0.7718760681353091,370.0,82.0,4.512195121951219,True,0.4982805557120491,"Kary Hendrixson's GTX Pro opportunity has a 77% close propensity and has spent 370 days in Engaging, well beyond the 82-day historical norm; prioritize a next-step check before forecast review."
0U3WVJO0,Corliss Cosme,Cara Losch,East,GTX Pro,,Engaging,2016-12-28,0.7720669599997926,368.0,79.0,4.658227848101266,True,0.4981564760001348,"Corliss Cosme's GTX Pro opportunity has a 77% close propensity and has spent 368 days in Engaging, well beyond the 79-day historical norm; prioritize a next-step check before forecast review."
67IKZGGJ,Maureen Marcano,Summer Sewald,West,GTX Plus Basic,,Engaging,2017-01-29,0.7428268546339176,336.0,89.0,3.7752808988764044,True,0.4974996231396389,"Maureen Marcano's GTX Plus Basic opportunity has a 74% close propensity and has spent 336 days in Engaging, well beyond the 89-day historical norm; prioritize a next-step check before forecast review."
JM5GDLEF,Corliss Cosme,Cara Losch,East,GTX Pro,,Engaging,2017-05-20,0.6180503753894147,225.0,79.0,2.848101265822785,True,0.49747611675637415,"Corliss Cosme's GTX Pro opportunity has a 62% close propensity and has spent 225 days in Engaging, above the 79-day historical norm; prioritize a next-step check before forecast review."
Z2E1UVVB,Violet Mclelland,Cara Losch,East,MG Advanced,,Engaging,2017-05-07,0.5908018142076177,238.0,90.0,2.6444444444444444,True,0.4973677096539374,"Violet Mclelland's MG Advanced opportunity has a 59% close propensity and has spent 238 days in Engaging, above the 90-day historical norm; prioritize a next-step check before forecast review."
K72CEXGZ,Maureen Marcano,Summer Sewald,West,GTX Plus Basic,,Engaging,2017-03-20,0.6675299605261957,286.0,89.0,3.2134831460674156,True,0.4972853009388716,"Maureen Marcano's GTX Plus Basic opportunity has a 67% close propensity and has spent 286 days in Engaging, well beyond the 89-day historical norm; prioritize a next-step check before forecast review."
1ZDDZD8B,Markita Hansen,Celia Rouche,West,MG Special,,Engaging,2016-12-15,0.7734619245896754,381.0,84.25,4.5222551928783385,True,0.49724974901671093,"Markita Hansen's MG Special opportunity has a 77% close propensity and has spent 381 days in Engaging, well beyond the 84-day historical norm; prioritize a next-step check before forecast review."
T5SX9Z3T,Vicki Laflamme,Celia Rouche,West,GTX Basic,Conecom,Engaging,2017-05-10,0.6165028217910876,235.0,83.0,2.8313253012048194,True,0.4970141296912147,"Vicki Laflamme's GTX Basic opportunity has a 62% close propensity and has spent 235 days in Engaging, above the 83-day historical norm; prioritize a next-step check before forecast review."
60NIT1PM,Boris Faz,Rocco Neubert,East,GTX Plus Basic,,Engaging,2017-05-02,0.6166601976354045,243.0,86.0,2.8255813953488373,True,0.4964092436300104,"Boris Faz's GTX Plus Basic opportunity has a 62% close propensity and has spent 243 days in Engaging, above the 86-day historical norm; prioritize a next-step check before forecast review."
44Y3J17P,Boris Faz,Rocco Neubert,East,GTX Plus Basic,,Engaging,2017-05-02,0.6166601976354045,243.0,86.0,2.8255813953488373,True,0.4964092436300104,"Boris Faz's GTX Plus Basic opportunity has a 62% close propensity and has spent 243 days in Engaging, above the 86-day historical norm; prioritize a next-step check before forecast review."
SWEQFKRF,Rosie Papadopoulos,Cara Losch,East,GTX Pro,,Engaging,2017-05-22,0.6166601976354045,223.0,79.0,2.8227848101265822,True,0.49616454242306307,"Rosie Papadopoulos's GTX Pro opportunity has a 62% close propensity and has spent 223 days in Engaging, above the 79-day historical norm; prioritize a next-step check before forecast review."
KJHM27ZM,Daniell Hammack,Rocco Neubert,East,GTX Plus Pro,Labdrill,Engaging,2017-05-15,0.614405451950657,230.0,82.0,2.8048780487804876,True,0.4960632855003656,"Daniell Hammack's GTX Plus Pro opportunity has a 61% close propensity and has spent 230 days in Engaging, above the 82-day historical norm; prioritize a next-step check before forecast review."
Q2RY668B,Kami Bicknell,Summer Sewald,West,GTX Basic,,Engaging,2017-05-10,0.6179799508953587,235.0,83.0,2.8313253012048194,True,0.49605399577343856,"Kami Bicknell's GTX Basic opportunity has a 62% close propensity and has spent 235 days in Engaging, above the 83-day historical norm; prioritize a next-step check before forecast review."
VBFYOCDO,Kami Bicknell,Summer Sewald,West,GTX Basic,,Engaging,2017-05-10,0.6179799508953587,235.0,83.0,2.8313253012048194,True,0.49605399577343856,"Kami Bicknell's GTX Basic opportunity has a 62% close propensity and has spent 235 days in Engaging, above the 83-day historical norm; prioritize a next-step check before forecast review."
IBEUTCSW,James Ascencio,Summer Sewald,West,MG Advanced,,Engaging,2016-12-08,0.775450298245452,388.0,80.0,4.85,True,0.4959573061404562,"James Ascencio's MG Advanced opportunity has a 78% close propensity and has spent 388 days in Engaging, well beyond the 80-day historical norm; prioritize a next-step check before forecast review."
J71N4WQ6,Markita Hansen,Celia Rouche,West,GTX Plus Basic,,Engaging,2017-05-06,0.5984953485526515,239.0,89.0,2.6853932584269664,True,0.4959499335531361,"Markita Hansen's GTX Plus Basic opportunity has a 60% close propensity and has spent 239 days in Engaging, above the 89-day historical norm; prioritize a next-step check before forecast review."
LTVGILHP,Kary Hendrixson,Summer Sewald,West,GTX Basic,Bioholding,Engaging,2017-05-11,0.6165733496381698,234.0,83.0,2.819277108433735,True,0.49591406972314145,"Kary Hendrixson's GTX Basic opportunity has a 62% close propensity and has spent 234 days in Engaging, above the 83-day historical norm; prioritize a next-step check before forecast review."
7882RJGY,Wilburn Farren,Cara Losch,East,MG Special,,Engaging,2017-04-27,0.6302042353265869,248.0,85.0,2.9176470588235293,True,0.4956613646847773,"Wilburn Farren's MG Special opportunity has a 63% close propensity and has spent 248 days in Engaging, above the 85-day historical norm; prioritize a next-step check before forecast review."
Z236WCM1,Kary Hendrixson,Summer Sewald,West,GTX Plus Basic,Vehement Capital Partners,Engaging,2017-05-05,0.6007279870985796,240.0,89.0,2.696629213483146,True,0.49548186456569854,"Kary Hendrixson's GTX Plus Basic opportunity has a 60% close propensity and has spent 240 days in Engaging, above the 89-day historical norm; prioritize a next-step check before forecast review."
JUCNIG4H,James Ascencio,Summer Sewald,West,GTX Basic,,Engaging,2016-12-05,0.776236140807374,391.0,83.0,4.710843373493976,True,0.4954465084752069,"James Ascencio's GTX Basic opportunity has a 78% close propensity and has spent 391 days in Engaging, well beyond the 83-day historical norm; prioritize a next-step check before forecast review."
2VCDVCIZ,Kary Hendrixson,Summer Sewald,West,GTX Basic,,Engaging,2016-12-27,0.776236140807374,369.0,83.0,4.445783132530121,True,0.4954465084752069,"Kary Hendrixson's GTX Basic opportunity has a 78% close propensity and has spent 369 days in Engaging, well beyond the 83-day historical norm; prioritize a next-step check before forecast review."
PMMW9JX3,Kary Hendrixson,Summer Sewald,West,GTX Basic,,Engaging,2016-12-28,0.7764244409918849,368.0,83.0,4.433734939759036,True,0.4953241133552748,"Kary Hendrixson's GTX Basic opportunity has a 78% close propensity and has spent 368 days in Engaging, well beyond the 83-day historical norm; prioritize a next-step check before forecast review."
5IQAJGCU,Kami Bicknell,Summer Sewald,West,GTX Basic,,Engaging,2017-05-11,0.6180503753894147,234.0,83.0,2.819277108433735,True,0.4949540029848323,"Kami Bicknell's GTX Basic opportunity has a 62% close propensity and has spent 234 days in Engaging, above the 83-day historical norm; prioritize a next-step check before forecast review."
VP8ERXPR,Cassey Cress,Rocco Neubert,East,MG Special,,Engaging,2017-04-29,0.6283549240133902,246.0,85.0,2.8941176470588235,True,0.49480459350894346,"Cassey Cress's MG Special opportunity has a 63% close propensity and has spent 246 days in Engaging, above the 85-day historical norm; prioritize a next-step check before forecast review."
7DT8UKKY,Corliss Cosme,Cara Losch,East,GTX Basic,Zencorporation,Engaging,2017-05-01,0.6166601976354045,244.0,87.0,2.8045977011494254,True,0.4945731703875618,"Corliss Cosme's GTX Basic opportunity has a 62% close propensity and has spent 244 days in Engaging, above the 87-day historical norm; prioritize a next-step check before forecast review."
WS3BIQ4S,Markita Hansen,Celia Rouche,West,GTX Plus Pro,,Engaging,2017-05-22,0.5970803965025236,223.0,84.0,2.6547619047619047,True,0.4941894089400263,"Markita Hansen's GTX Plus Pro opportunity has a 60% close propensity and has spent 223 days in Engaging, above the 84-day historical norm; prioritize a next-step check before forecast review."
1K6HY455,Boris Faz,Rocco Neubert,East,MG Advanced,,Engaging,2017-05-09,0.5930410109416465,236.0,90.0,2.6222222222222222,True,0.49396778733237423,"Boris Faz's MG Advanced opportunity has a 59% close propensity and has spent 236 days in Engaging, above the 90-day historical norm; prioritize a next-step check before forecast review."
9IA34L8S,Vicki Laflamme,Celia Rouche,West,GTX Basic,,Engaging,2016-12-29,0.7799439655910663,367.0,83.0,4.421686746987952,True,0.4930364223658069,"Vicki Laflamme's GTX Basic opportunity has a 78% close propensity and has spent 367 days in Engaging, well beyond the 83-day historical norm; prioritize a next-step check before forecast review."
RIC5ZHK4,Corliss Cosme,Cara Losch,East,GTX Plus Basic,Plussunin,Engaging,2017-05-07,0.6142995071286895,238.0,86.0,2.7674418604651163,True,0.49285648315704944,"Corliss Cosme's GTX Plus Basic opportunity has a 61% close propensity and has spent 238 days in Engaging, above the 86-day historical norm; prioritize a next-step check before forecast review."
J9OP2A5I,Rosalina Dieter,Celia Rouche,West,MG Special,,Engaging,2017-05-02,0.6307901578037657,243.0,84.25,2.884272997032641,True,0.4923602846679084,"Rosalina Dieter's MG Special opportunity has a 63% close propensity and has spent 243 days in Engaging, above the 84-day historical norm; prioritize a next-step check before forecast review."
LR45YFE4,Violet Mclelland,Cara Losch,East,MG Special,Groovestreet,Engaging,2017-05-03,0.6260287012932427,242.0,85.0,2.847058823529412,True,0.49219899121821575,"Violet Mclelland's MG Special opportunity has a 63% close propensity and has spent 242 days in Engaging, above the 85-day historical norm; prioritize a next-step check before forecast review."
E8QHX9TE,Vicki Laflamme,Celia Rouche,West,GTX Plus Pro,,Engaging,2017-05-11,0.6180503753894147,234.0,84.0,2.7857142857142856,True,0.49201725599688045,"Vicki Laflamme's GTX Plus Pro opportunity has a 62% close propensity and has spent 234 days in Engaging, above the 84-day historical norm; prioritize a next-step check before forecast review."
DW29KM30,Elease Gluck,Celia Rouche,West,MG Advanced,Zathunicon,Engaging,2017-06-07,0.5913865234294909,207.0,80.0,2.5875,True,0.4920050097708309,"Elease Gluck's MG Advanced opportunity has a 59% close propensity and has spent 207 days in Engaging, above the 80-day historical norm; prioritize a next-step check before forecast review."
I6UG2OLX,Corliss Cosme,Cara Losch,East,MG Advanced,,Engaging,2017-05-13,0.5905022589143947,232.0,90.0,2.577777777777778,True,0.491729087261199,"Corliss Cosme's MG Advanced opportunity has a 59% close propensity and has spent 232 days in Engaging, above the 90-day historical norm; prioritize a next-step check before forecast review."
6SN2RQJX,Vicki Laflamme,Celia Rouche,West,MG Special,,Engaging,2016-12-17,0.7819819543783054,379.0,84.25,4.498516320474778,True,0.4917117296541015,"Vicki Laflamme's MG Special opportunity has a 78% close propensity and has spent 379 days in Engaging, well beyond the 84-day historical norm; prioritize a next-step check before forecast review."
X4FW4JR1,Kary Hendrixson,Summer Sewald,West,GTX Basic,,Engaging,2017-05-15,0.6166601976354045,230.0,83.0,2.7710843373493974,True,0.49164075105505933,"Kary Hendrixson's GTX Basic opportunity has a 62% close propensity and has spent 230 days in Engaging, above the 83-day historical norm; prioritize a next-step check before forecast review."
N7G1TU1X,James Ascencio,Summer Sewald,West,MG Advanced,,Engaging,2017-06-02,0.6003859337239799,212.0,80.0,2.65,True,0.49162414307941305,"James Ascencio's MG Advanced opportunity has a 60% close propensity and has spent 212 days in Engaging, above the 80-day historical norm; prioritize a next-step check before forecast review."
848QSODT,Vicki Laflamme,Celia Rouche,West,GTX Basic,,Engaging,2017-05-14,0.6183428034645705,231.0,83.0,2.783132530120482,True,0.49160127413357135,"Vicki Laflamme's GTX Basic opportunity has a 62% close propensity and has spent 231 days in Engaging, above the 83-day historical norm; prioritize a next-step check before forecast review."
ICMXZOVL,Daniell Hammack,Rocco Neubert,East,GTX Pro,Stanredtax,Engaging,2016-12-08,0.7831124679498566,388.0,79.0,4.9113924050632916,True,0.4909768958325932,"Daniell Hammack's GTX Pro opportunity has a 78% close propensity and has spent 388 days in Engaging, well beyond the 79-day historical norm; prioritize a next-step check before forecast review."
HF2DSIT5,Elease Gluck,Celia Rouche,West,GTX Basic,,Engaging,2017-05-16,0.6166601976354045,229.0,83.0,2.7590361445783134,True,0.4905865341875895,"Elease Gluck's GTX Basic opportunity has a 62% close propensity and has spent 229 days in Engaging, above the 83-day historical norm; prioritize a next-step check before forecast review."
GQ2W1DXM,Maureen Marcano,Summer Sewald,West,GTX Pro,,Engaging,2017-04-25,0.6559831608408538,250.0,82.0,3.048780487804878,True,0.4903792381363718,"Maureen Marcano's GTX Pro opportunity has a 66% close propensity and has spent 250 days in Engaging, well beyond the 82-day historical norm; prioritize a next-step check before forecast review."
MNVMY83P,Cassey Cress,Rocco Neubert,East,GTX Pro,Plussunin,Engaging,2016-12-10,0.7847946983715713,386.0,79.0,4.886075949367089,True,0.4898834460584786,"Cassey Cress's GTX Pro opportunity has a 78% close propensity and has spent 386 days in Engaging, well beyond the 79-day historical norm; prioritize a next-step check before forecast review."
ERFRHR3Z,Hayden Neloms,Celia Rouche,West,MG Advanced,,Engaging,2016-12-14,0.7849498728440875,382.0,80.0,4.775,True,0.4897825826513431,"Hayden Neloms's MG Advanced opportunity has a 78% close propensity and has spent 382 days in Engaging, well beyond the 80-day historical norm; prioritize a next-step check before forecast review."
GMN9KQN2,Daniell Hammack,Rocco Neubert,East,GTX Pro,,Engaging,2017-05-27,0.6180503753894147,218.0,79.0,2.759493670886076,True,0.4897229521994121,"Daniell Hammack's GTX Pro opportunity has a 62% close propensity and has spent 218 days in Engaging, above the 79-day historical norm; prioritize a next-step check before forecast review."
OERROEPM,Markita Hansen,Celia Rouche,West,GTX Basic,,Engaging,2017-05-28,0.5987930294625489,217.0,83.0,2.6144578313253013,True,0.48954959109030705,"Markita Hansen's GTX Basic opportunity has a 60% close propensity and has spent 217 days in Engaging, above the 83-day historical norm; prioritize a next-step check before forecast review."
K5GFWLKM,Boris Faz,Rocco Neubert,East,GTX Plus Basic,,Engaging,2017-05-09,0.6166601976354045,236.0,86.0,2.744186046511628,True,0.48928715060675454,"Boris Faz's GTX Plus Basic opportunity has a 62% close propensity and has spent 236 days in Engaging, above the 86-day historical norm; prioritize a next-step check before forecast review."
RY6T3GLC,Corliss Cosme,Cara Losch,East,GTX Pro,Zathunicon,Engaging,2017-05-29,0.6166601976354045,216.0,79.0,2.7341772151898733,True,0.488411377866101,"Corliss Cosme's GTX Pro opportunity has a 62% close propensity and has spent 216 days in Engaging, above the 79-day historical norm; prioritize a next-step check before forecast review."
JL9ERNVY,Boris Faz,Rocco Neubert,East,GTX Plus Pro,,Engaging,2017-05-20,0.6180503753894147,225.0,82.0,2.7439024390243905,True,0.48835871941151465,"Boris Faz's GTX Plus Pro opportunity has a 62% close propensity and has spent 225 days in Engaging, above the 82-day historical norm; prioritize a next-step check before forecast review."
3372JYYQ,Cassey Cress,Rocco Neubert,East,MG Advanced,Condax,Engaging,2017-05-15,0.5930410109416465,230.0,90.0,2.5555555555555554,True,0.4881344539990409,"Cassey Cress's MG Advanced opportunity has a 59% close propensity and has spent 230 days in Engaging, above the 90-day historical norm; prioritize a next-step check before forecast review."
ALZNZ666,Boris Faz,Rocco Neubert,East,MG Advanced,Toughzap,Engaging,2017-05-14,0.5945579657608658,231.0,90.0,2.566666666666667,True,0.4881206555887705,"Boris Faz's MG Advanced opportunity has a 59% close propensity and has spent 231 days in Engaging, above the 90-day historical norm; prioritize a next-step check before forecast review."
UFL6ZQDV,Zane Levy,Summer Sewald,West,GTX Basic,,Engaging,2017-05-18,0.6180503753894147,227.0,83.0,2.7349397590361444,True,0.48757448491254307,"Zane Levy's GTX Basic opportunity has a 62% close propensity and has spent 227 days in Engaging, above the 83-day historical norm; prioritize a next-step check before forecast review."
MGD7DZAU,Kami Bicknell,Summer Sewald,West,GTX Basic,Globex Corporation,Engaging,2017-05-19,0.6165733496381698,226.0,83.0,2.7228915662650603,True,0.48748033478338243,"Kami Bicknell's GTX Basic opportunity has a 62% close propensity and has spent 226 days in Engaging, above the 83-day historical norm; prioritize a next-step check before forecast review."
ZIK2R3S7,Corliss Cosme,Cara Losch,East,MG Advanced,,Engaging,2017-05-16,0.5930410109416465,229.0,90.0,2.5444444444444443,True,0.4871622317768186,"Corliss Cosme's MG Advanced opportunity has a 59% close propensity and has spent 229 days in Engaging, above the 90-day historical norm; prioritize a next-step check before forecast review."
IE7VQ5BA,Daniell Hammack,Rocco Neubert,East,GTX Plus Basic,Finhigh,Engaging,2016-12-23,0.7890598870486499,373.0,86.0,4.337209302325581,True,0.48711107341837756,"Daniell Hammack's GTX Plus Basic opportunity has a 79% close propensity and has spent 373 days in Engaging, well beyond the 86-day historical norm; prioritize a next-step check before forecast review."
EF24VTVA,James Ascencio,Summer Sewald,West,GTX Plus Pro,Kinnamplus,Engaging,2017-05-14,0.6208178811129325,231.0,84.0,2.75,True,0.48709337727659385,"James Ascencio's GTX Plus Pro opportunity has a 62% close propensity and has spent 231 days in Engaging, above the 84-day historical norm; prioritize a next-step check before forecast review."
IIVP87B8,Maureen Marcano,Summer Sewald,West,MG Special,,Engaging,2017-04-22,0.6555252286694356,253.0,84.25,3.0029673590504453,True,0.48666824528178076,"Maureen Marcano's MG Special opportunity has a 66% close propensity and has spent 253 days in Engaging, well beyond the 84-day historical norm; prioritize a next-step check before forecast review."
GL1YE4PQ,Markita Hansen,Celia Rouche,West,GTK 500,,Engaging,2017-05-09,0.5970803965025236,236.0,92.0,2.5652173913043477,True,0.48635426401249005,"Markita Hansen's GTK 500 opportunity has a 60% close propensity and has spent 236 days in Engaging, above the 92-day historical norm; prioritize a next-step check before forecast review."
41RF80KQ,Boris Faz,Rocco Neubert,East,GTX Plus Pro,,Engaging,2017-05-23,0.6166601976354045,222.0,82.0,2.707317073170732,True,0.4860611154394261,"Boris Faz's GTX Plus Pro opportunity has a 62% close propensity and has spent 222 days in Engaging, above the 82-day historical norm; prioritize a next-step check before forecast review."
8Z4ZMS9U,Violet Mclelland,Cara Losch,East,MG Advanced,,Engaging,2017-05-19,0.5905022589143947,226.0,90.0,2.511111111111111,True,0.48589575392786566,"Violet Mclelland's MG Advanced opportunity has a 59% close propensity and has spent 226 days in Engaging, above the 90-day historical norm; prioritize a next-step check before forecast review."
04OAV3CV,Elease Gluck,Celia Rouche,West,GTX Plus Pro,,Engaging,2017-05-17,0.6179799508953587,228.0,84.0,2.7142857142857144,True,0.48581303191801684,"Elease Gluck's GTX Plus Pro opportunity has a 62% close propensity and has spent 228 days in Engaging, above the 84-day historical norm; prioritize a next-step check before forecast review."
SQLYCFGV,Zane Levy,Summer Sewald,West,GTX Pro,Opentech,Engaging,2016-12-22,0.7920118016702478,374.0,82.0,4.560975609756097,True,0.48519232891433894,"Zane Levy's GTX Pro opportunity has a 79% close propensity and has spent 374 days in Engaging, well beyond the 82-day historical norm; prioritize a next-step check before forecast review."
CUV49MUR,Violet Mclelland,Cara Losch,East,GTX Pro,Zathunicon,Engaging,2017-06-02,0.6149524160117533,212.0,79.0,2.6835443037974684,True,0.4850910561746389,"Violet Mclelland's GTX Pro opportunity has a 61% close propensity and has spent 212 days in Engaging, above the 79-day historical norm; prioritize a next-step check before forecast review."
D85PDC6S,James Ascencio,Summer Sewald,West,GTX Plus Pro,,Engaging,2017-05-18,0.6180503753894147,227.0,84.0,2.7023809523809526,True,0.4847255893302138,"James Ascencio's GTX Plus Pro opportunity has a 62% close propensity and has spent 227 days in Engaging, above the 84-day historical norm; prioritize a next-step check before forecast review."
VPG5E490,Boris Faz,Rocco Neubert,East,GTX Basic,Bubba Gump,Engaging,2017-05-11,0.6165733496381698,234.0,87.0,2.689655172413793,True,0.48457215032139656,"Boris Faz's GTX Basic opportunity has a 62% close propensity and has spent 234 days in Engaging, above the 87-day historical norm; prioritize a next-step check before forecast review."
8I84MV5A,Cassey Cress,Rocco Neubert,East,GTX Basic,Zencorporation,Engaging,2017-05-11,0.6165733496381698,234.0,87.0,2.689655172413793,True,0.48457215032139656,"Cassey Cress's GTX Basic opportunity has a 62% close propensity and has spent 234 days in Engaging, above the 87-day historical norm; prioritize a next-step check before forecast review."
ZJQKUIZ4,Kary Hendrixson,Summer Sewald,West,MG Special,Opentech,Engaging,2017-05-22,0.611098649428079,223.0,84.25,2.6468842729970326,True,0.48438825175898903,"Kary Hendrixson's MG Special opportunity has a 61% close propensity and has spent 223 days in Engaging, above the 84-day historical norm; prioritize a next-step check before forecast review."
RE3UNESR,Kary Hendrixson,Summer Sewald,West,GTX Basic,,Engaging,2017-05-21,0.6183428034645705,224.0,83.0,2.6987951807228914,True,0.48422175606128215,"Kary Hendrixson's GTX Basic opportunity has a 62% close propensity and has spent 224 days in Engaging, above the 83-day historical norm; prioritize a next-step check before forecast review."
3IWUUUCN,Elease Gluck,Celia Rouche,West,GTX Pro,,Engaging,2017-05-24,0.6179799508953587,221.0,82.0,2.6951219512195124,True,0.4841362026497241,"Elease Gluck's GTX Pro opportunity has a 62% close propensity and has spent 221 days in Engaging, above the 82-day historical norm; prioritize a next-step check before forecast review."
3N46WQVI,Hayden Neloms,Celia Rouche,West,MG Advanced,Faxquote,Engaging,2017-05-13,0.6464310593505356,232.0,80.0,2.9,True,0.48356981142215183,"Hayden Neloms's MG Advanced opportunity has a 65% close propensity and has spent 232 days in Engaging, above the 80-day historical norm; prioritize a next-step check before forecast review."
DYNHHN6P,Maureen Marcano,Summer Sewald,West,GTX Pro,Massive Dynamic,Engaging,2017-04-29,0.6604748468421198,246.0,82.0,3.0,True,0.4831913495526221,"Maureen Marcano's GTX Pro opportunity has a 66% close propensity and has spent 246 days in Engaging, well beyond the 82-day historical norm; prioritize a next-step check before forecast review."
BJO24Z5A,Cassey Cress,Rocco Neubert,East,GTX Plus Basic,,Engaging,2017-05-14,0.6183428034645705,231.0,86.0,2.686046511627907,True,0.48310624751547104,"Cassey Cress's GTX Plus Basic opportunity has a 62% close propensity and has spent 231 days in Engaging, above the 86-day historical norm; prioritize a next-step check before forecast review."
2PI827MA,Kary Hendrixson,Summer Sewald,West,GTX Pro,,Engaging,2017-05-25,0.6180503753894147,220.0,82.0,2.682926829268293,True,0.4830233535578561,"Kary Hendrixson's GTX Pro opportunity has a 62% close propensity and has spent 220 days in Engaging, above the 82-day historical norm; prioritize a next-step check before forecast review."
3ATYY665,Kami Bicknell,Summer Sewald,West,GTX Pro,Conecom,Engaging,2017-05-26,0.6165733496381698,219.0,82.0,2.6707317073170733,True,0.4829163471254335,"Kami Bicknell's GTX Pro opportunity has a 62% close propensity and has spent 219 days in Engaging, above the 82-day historical norm; prioritize a next-step check before forecast review."
KFPM2LJW,Rosalina Dieter,Celia Rouche,West,GTX Basic,,Engaging,2016-12-25,0.7968261056588064,371.0,83.0,4.469879518072289,True,0.48206303132177586,"Rosalina Dieter's GTX Basic opportunity has a 80% close propensity and has spent 371 days in Engaging, well beyond the 83-day historical norm; prioritize a next-step check before forecast review."
DC2JL47C,Daniell Hammack,Rocco Neubert,East,GTX Pro,Dontechi,Engaging,2017-05-27,0.6306742085559901,218.0,79.0,2.759493670886076,True,0.4815174606411381,"Daniell Hammack's GTX Pro opportunity has a 63% close propensity and has spent 218 days in Engaging, above the 79-day historical norm; prioritize a next-step check before forecast review."
PPUSV3RG,Kary Hendrixson,Summer Sewald,West,GTX Plus Pro,,Engaging,2017-05-21,0.6183428034645705,224.0,84.0,2.6666666666666665,True,0.4814105110813625,"Kary Hendrixson's GTX Plus Pro opportunity has a 62% close propensity and has spent 224 days in Engaging, above the 84-day historical norm; prioritize a next-step check before forecast review."
6I125KPN,Daniell Hammack,Rocco Neubert,East,MG Advanced,,Engaging,2017-05-22,0.5930410109416465,223.0,90.0,2.477777777777778,True,0.48132889844348536,"Daniell Hammack's MG Advanced opportunity has a 59% close propensity and has spent 223 days in Engaging, above the 90-day historical norm; prioritize a next-step check before forecast review."
CVFUMOK9,Corliss Cosme,Cara Losch,East,GTX Plus Pro,Rangreen,Engaging,2017-04-12,0.6913128837214634,263.0,82.0,3.207317073170732,True,0.48128686948348787,"Corliss Cosme's GTX Plus Pro opportunity has a 69% close propensity and has spent 263 days in Engaging, well beyond the 82-day historical norm; prioritize a next-step check before forecast review."
KD6MB4AP,Elease Gluck,Celia Rouche,West,MG Special,,Engaging,2016-12-11,0.798748088533695,385.0,84.25,4.56973293768546,True,0.48081374245309816,"Elease Gluck's MG Special opportunity has a 80% close propensity and has spent 385 days in Engaging, well beyond the 84-day historical norm; prioritize a next-step check before forecast review."
EZVKSQ9C,Boris Faz,Rocco Neubert,East,GTX Plus Pro,Genco Pura Olive Oil Company,Engaging,2016-12-16,0.7995189857547798,380.0,82.0,4.634146341463414,True,0.48031265925939315,"Boris Faz's GTX Plus Pro opportunity has a 80% close propensity and has spent 380 days in Engaging, well beyond the 82-day historical norm; prioritize a next-step check before forecast review."
PYOFK7ZD,Cassey Cress,Rocco Neubert,East,GTX Basic,,Engaging,2016-12-17,0.7995189857547798,379.0,87.0,4.35632183908046,True,0.48031265925939315,"Cassey Cress's GTX Basic opportunity has a 80% close propensity and has spent 379 days in Engaging, well beyond the 87-day historical norm; prioritize a next-step check before forecast review."
2HT2R2GY,Cassey Cress,Rocco Neubert,East,GTX Plus Pro,,Engaging,2016-12-29,0.7995189857547798,367.0,82.0,4.475609756097561,True,0.48031265925939315,"Cassey Cress's GTX Plus Pro opportunity has a 80% close propensity and has spent 367 days in Engaging, well beyond the 82-day historical norm; prioritize a next-step check before forecast review."
XRO7PMA2,Cassey Cress,Rocco Neubert,East,GTX Plus Basic,,Engaging,2017-05-17,0.6179799508953587,228.0,86.0,2.6511627906976742,True,0.4802897761040633,"Cassey Cress's GTX Plus Basic opportunity has a 62% close propensity and has spent 228 days in Engaging, above the 86-day historical norm; prioritize a next-step check before forecast review."
KF05URX0,Corliss Cosme,Cara Losch,East,MG Special,,Engaging,2017-05-11,0.6321596595600255,234.0,85.0,2.7529411764705882,True,0.4799785742271599,"Corliss Cosme's MG Special opportunity has a 63% close propensity and has spent 234 days in Engaging, above the 85-day historical norm; prioritize a next-step check before forecast review."
2FMT1053,Hayden Neloms,Celia Rouche,West,MG Advanced,,Engaging,2017-05-18,0.6437631204852681,227.0,80.0,2.8375,True,0.4798352216845757,"Hayden Neloms's MG Advanced opportunity has a 64% close propensity and has spent 227 days in Engaging, above the 80-day historical norm; prioritize a next-step check before forecast review."
EUYJDW9C,Kary Hendrixson,Summer Sewald,West,GTX Pro,,Engaging,2017-05-29,0.6166601976354045,216.0,82.0,2.6341463414634148,True,0.4796586764150359,"Kary Hendrixson's GTX Pro opportunity has a 62% close propensity and has spent 216 days in Engaging, above the 82-day historical norm; prioritize a next-step check before forecast review."
UMXZFLO8,Zane Levy,Summer Sewald,West,GTX Pro,,Engaging,2017-05-29,0.6166601976354045,216.0,82.0,2.6341463414634148,True,0.4796586764150359,"Zane Levy's GTX Pro opportunity has a 62% close propensity and has spent 216 days in Engaging, above the 82-day historical norm; prioritize a next-step check before forecast review."
VXTVHC1Z,Boris Faz,Rocco Neubert,East,GTX Plus Pro,,Engaging,2017-05-28,0.6183428034645705,217.0,82.0,2.6463414634146343,True,0.4796320557968097,"Boris Faz's GTX Plus Pro opportunity has a 62% close propensity and has spent 217 days in Engaging, above the 82-day historical norm; prioritize a next-step check before forecast review."
MWSPTOQK,Zane Levy,Summer Sewald,West,GTX Pro,,Engaging,2017-05-28,0.6183428034645705,217.0,82.0,2.6463414634146343,True,0.4796320557968097,"Zane Levy's GTX Pro opportunity has a 62% close propensity and has spent 217 days in Engaging, above the 82-day historical norm; prioritize a next-step check before forecast review."
BTRIUUWG,Rosie Papadopoulos,Cara Losch,East,GTX Basic,,Engaging,2017-05-16,0.6166601976354045,229.0,87.0,2.632183908045977,True,0.47948696349101005,"Rosie Papadopoulos's GTX Basic opportunity has a 62% close propensity and has spent 229 days in Engaging, above the 87-day historical norm; prioritize a next-step check before forecast review."
G1L2YY5P,Zane Levy,Summer Sewald,West,GTX Basic,,Engaging,2017-05-26,0.6180503753894147,219.0,83.0,2.63855421686747,True,0.4791407499727841,"Zane Levy's GTX Basic opportunity has a 62% close propensity and has spent 219 days in Engaging, above the 83-day historical norm; prioritize a next-step check before forecast review."
7AXR8U55,Boris Faz,Rocco Neubert,East,MG Advanced,,Engaging,2017-05-26,0.5905022589143947,219.0,90.0,2.433333333333333,True,0.4790901983723101,"Boris Faz's MG Advanced opportunity has a 59% close propensity and has spent 219 days in Engaging, above the 90-day historical norm; prioritize a next-step check before forecast review."
P1SGQODJ,Boris Faz,Rocco Neubert,East,GTX Plus Basic,Rangreen,Engaging,2017-03-21,0.7093377532707438,285.0,86.0,3.313953488372093,True,0.4789013906065747,"Boris Faz's GTX Plus Basic opportunity has a 71% close propensity and has spent 285 days in Engaging, well beyond the 86-day historical norm; prioritize a next-step check before forecast review."
7YT7NRV9,Elease Gluck,Celia Rouche,West,MG Special,,Engaging,2017-05-15,0.6307901578037657,230.0,84.25,2.7299703264094957,True,0.4788588009883832,"Elease Gluck's MG Special opportunity has a 63% close propensity and has spent 230 days in Engaging, above the 84-day historical norm; prioritize a next-step check before forecast review."
K7TV5UBZ,James Ascencio,Summer Sewald,West,GTX Plus Pro,,Engaging,2017-05-24,0.6179799508953587,221.0,84.0,2.630952380952381,True,0.47852136525135014,"James Ascencio's GTX Plus Pro opportunity has a 62% close propensity and has spent 221 days in Engaging, above the 84-day historical norm; prioritize a next-step check before forecast review."
13GM5I6M,Kami Bicknell,Summer Sewald,West,GTX Pro,,Engaging,2016-12-29,0.8023611955547779,367.0,82.0,4.475609756097561,True,0.4784652228893943,"Kami Bicknell's GTX Pro opportunity has a 80% close propensity and has spent 367 days in Engaging, well beyond the 82-day historical norm; prioritize a next-step check before forecast review."
LC2RIMSX,Rosalina Dieter,Celia Rouche,West,GTX Pro,Vehement Capital Partners,Engaging,2017-06-10,0.5990836239261448,204.0,82.0,2.4878048780487805,True,0.47827857127727424,"Rosalina Dieter's GTX Pro opportunity has a 60% close propensity and has spent 204 days in Engaging, above the 82-day historical norm; prioritize a next-step check before forecast review."
C7ODMOS2,Zane Levy,Summer Sewald,West,MG Advanced,,Engaging,2017-06-13,0.6029046162044365,201.0,80.0,2.5125,True,0.47795574946711633,"Zane Levy's MG Advanced opportunity has a 60% close propensity and has spent 201 days in Engaging, above the 80-day historical norm; prioritize a next-step check before forecast review."
UGTXH980,Daniell Hammack,Rocco Neubert,East,GTX Pro,,Engaging,2017-06-01,0.6276883681784375,213.0,79.0,2.6962025316455698,True,0.477920282203003,"Daniell Hammack's GTX Pro opportunity has a 63% close propensity and has spent 213 days in Engaging, above the 79-day historical norm; prioritize a next-step check before forecast review."
HY94AVIW,Maureen Marcano,Summer Sewald,West,GTX Basic,,Engaging,2017-05-14,0.6397410471252063,231.0,83.0,2.783132530120482,True,0.47769241575415805,"Maureen Marcano's GTX Basic opportunity has a 64% close propensity and has spent 231 days in Engaging, above the 83-day historical norm; prioritize a next-step check before forecast review."
YXXWQA4G,Zane Levy,Summer Sewald,West,MG Advanced,,Engaging,2017-06-15,0.6003859337239799,199.0,80.0,2.4875,True,0.4774053930794131,"Zane Levy's MG Advanced opportunity has a 60% close propensity and has spent 199 days in Engaging, above the 80-day historical norm; prioritize a next-step check before forecast review."
8G3HB5S6,James Ascencio,Summer Sewald,West,GTX Basic,,Engaging,2017-05-29,0.6166601976354045,216.0,83.0,2.602409638554217,True,0.47688171491048104,"James Ascencio's GTX Basic opportunity has a 62% close propensity and has spent 216 days in Engaging, above the 83-day historical norm; prioritize a next-step check before forecast review."
YRTI0EKE,Rosalina Dieter,Celia Rouche,West,GTX Basic,,Engaging,2017-05-29,0.6166601976354045,216.0,83.0,2.602409638554217,True,0.47688171491048104,"Rosalina Dieter's GTX Basic opportunity has a 62% close propensity and has spent 216 days in Engaging, above the 83-day historical norm; prioritize a next-step check before forecast review."
N3GVE0VP,Markita Hansen,Celia Rouche,West,GTK 500,,Engaging,2017-05-18,0.5984953485526515,227.0,92.0,2.467391304347826,True,0.4768747625712113,"Markita Hansen's GTK 500 opportunity has a 60% close propensity and has spent 227 days in Engaging, above the 92-day historical norm; prioritize a next-step check before forecast review."
AI76U58A,Maureen Marcano,Summer Sewald,West,GTX Basic,Treequote,Engaging,2016-12-25,0.8056199348426324,371.0,83.0,4.469879518072289,True,0.4763470423522889,"Maureen Marcano's GTX Basic opportunity has a 81% close propensity and has spent 371 days in Engaging, well beyond the 83-day historical norm; prioritize a next-step check before forecast review."
K8LRZ95S,Maureen Marcano,Summer Sewald,West,GTX Plus Basic,,Engaging,2017-04-18,0.6559831608408538,257.0,89.0,2.8876404494382024,True,0.4762794847792877,"Maureen Marcano's GTX Plus Basic opportunity has a 66% close propensity and has spent 257 days in Engaging, above the 89-day historical norm; prioritize a next-step check before forecast review."
WM7XURV6,Corliss Cosme,Cara Losch,East,GTX Plus Basic,Groovestreet,Engaging,2017-05-22,0.6166601976354045,223.0,86.0,2.5930232558139537,True,0.476060406420708,"Corliss Cosme's GTX Plus Basic opportunity has a 62% close propensity and has spent 223 days in Engaging, above the 86-day historical norm; prioritize a next-step check before forecast review."
CNM0H9FR,Zane Levy,Summer Sewald,West,GTX Basic,,Engaging,2016-12-02,0.8062848407927424,394.0,83.0,4.746987951807229,True,0.4759148534847174,"Zane Levy's GTX Basic opportunity has a 81% close propensity and has spent 394 days in Engaging, well beyond the 83-day historical norm; prioritize a next-step check before forecast review."
O3KC8QI8,Kami Bicknell,Summer Sewald,West,GTX Plus Basic,,Engaging,2016-12-08,0.8062848407927424,388.0,89.0,4.359550561797753,True,0.4759148534847174,"Kami Bicknell's GTX Plus Basic opportunity has a 81% close propensity and has spent 388 days in Engaging, well beyond the 89-day historical norm; prioritize a next-step check before forecast review."
WALNFJ70,Kary Hendrixson,Summer Sewald,West,GTX Plus Pro,,Engaging,2016-12-08,0.8062848407927424,388.0,84.0,4.619047619047619,True,0.4759148534847174,"Kary Hendrixson's GTX Plus Pro opportunity has a 81% close propensity and has spent 388 days in Engaging, well beyond the 84-day historical norm; prioritize a next-step check before forecast review."
DWUXMAGZ,Corliss Cosme,Cara Losch,East,GTX Plus Pro,,Engaging,2016-12-17,0.8062848407927424,379.0,82.0,4.621951219512195,True,0.4759148534847174,"Corliss Cosme's GTX Plus Pro opportunity has a 81% close propensity and has spent 379 days in Engaging, well beyond the 82-day historical norm; prioritize a next-step check before forecast review."
EUG019AS,Corliss Cosme,Cara Losch,East,GTX Basic,,Engaging,2016-12-23,0.8062848407927424,373.0,87.0,4.287356321839081,True,0.4759148534847174,"Corliss Cosme's GTX Basic opportunity has a 81% close propensity and has spent 373 days in Engaging, well beyond the 87-day historical norm; prioritize a next-step check before forecast review."
2O76H591,James Ascencio,Summer Sewald,West,MG Advanced,,Engaging,2017-06-17,0.6003859337239799,197.0,80.0,2.4625,True,0.4752178930794131,"James Ascencio's MG Advanced opportunity has a 60% close propensity and has spent 197 days in Engaging, above the 80-day historical norm; prioritize a next-step check before forecast review."
HYSOZRCG,Boris Faz,Rocco Neubert,East,GTX Plus Basic,,Engaging,2017-05-23,0.6166601976354045,222.0,86.0,2.5813953488372094,True,0.4750429645602429,"Boris Faz's GTX Plus Basic opportunity has a 62% close propensity and has spent 222 days in Engaging, above the 86-day historical norm; prioritize a next-step check before forecast review."
OK39IHP1,Rosalina Dieter,Celia Rouche,West,MG Special,,Engaging,2017-05-18,0.6321596595600255,227.0,84.25,2.6943620178041545,True,0.47485289784384693,"Rosalina Dieter's MG Special opportunity has a 63% close propensity and has spent 227 days in Engaging, above the 84-day historical norm; prioritize a next-step check before forecast review."
M3IMVC9G,Rosalina Dieter,Celia Rouche,West,GTX Plus Basic,,Engaging,2017-05-16,0.6166601976354045,229.0,89.0,2.5730337078651684,True,0.47431132097518935,"Rosalina Dieter's GTX Plus Basic opportunity has a 62% close propensity and has spent 229 days in Engaging, above the 89-day historical norm; prioritize a next-step check before forecast review."
YT34YUZN,Corliss Cosme,Cara Losch,East,GTX Pro,Betasoloin,Engaging,2017-06-12,0.6150394019268325,202.0,79.0,2.5569620253164556,True,0.4739585659627487,"Corliss Cosme's GTX Pro opportunity has a 62% close propensity and has spent 202 days in Engaging, above the 79-day historical norm; prioritize a next-step check before forecast review."
HTBPSC2D,Kami Bicknell,Summer Sewald,West,GTX Basic,,Engaging,2017-05-31,0.6179799508953587,214.0,83.0,2.5783132530120483,True,0.47391544155657106,"Kami Bicknell's GTX Basic opportunity has a 62% close propensity and has spent 214 days in Engaging, above the 83-day historical norm; prioritize a next-step check before forecast review."
2YLXKON1,Hayden Neloms,Celia Rouche,West,MG Advanced,,Engaging,2017-05-22,0.6461695292340307,223.0,80.0,2.7875,True,0.47389605599788004,"Hayden Neloms's MG Advanced opportunity has a 65% close propensity and has spent 223 days in Engaging, above the 80-day historical norm; prioritize a next-step check before forecast review."
MPME6VZD,Kami Bicknell,Summer Sewald,West,GTX Plus Basic,Dontechi,Engaging,2017-05-29,0.5977116999056371,216.0,89.0,2.4269662921348316,True,0.4738469456231337,"Kami Bicknell's GTX Plus Basic opportunity has a 60% close propensity and has spent 216 days in Engaging, above the 89-day historical norm; prioritize a next-step check before forecast review."
ZK4S74FD,Vicki Laflamme,Celia Rouche,West,GTX Plus Pro,Singletechno,Engaging,2017-05-25,0.6248536801604653,220.0,84.0,2.619047619047619,True,0.4730117745623642,"Vicki Laflamme's GTX Plus Pro opportunity has a 62% close propensity and has spent 220 days in Engaging, above the 84-day historical norm; prioritize a next-step check before forecast review."
7D75QXBD,Kary Hendrixson,Summer Sewald,West,GTX Plus Basic,Groovestreet,Engaging,2017-05-18,0.6165733496381698,227.0,89.0,2.550561797752809,True,0.4724014800385604,"Kary Hendrixson's GTX Plus Basic opportunity has a 62% close propensity and has spent 227 days in Engaging, above the 89-day historical norm; prioritize a next-step check before forecast review."
QNVW1NSS,Wilburn Farren,Cara Losch,East,MG Advanced,,Engaging,2017-05-30,0.5949527713505195,215.0,90.0,2.388888888888889,True,0.4723084763999401,"Wilburn Farren's MG Advanced opportunity has a 59% close propensity and has spent 215 days in Engaging, above the 90-day historical norm; prioritize a next-step check before forecast review."
Y2EC6KYG,Hayden Neloms,Celia Rouche,West,MG Advanced,,Engaging,2017-05-25,0.6437631204852681,220.0,80.0,2.75,True,0.47217897168457573,"Hayden Neloms's MG Advanced opportunity has a 64% close propensity and has spent 220 days in Engaging, above the 80-day historical norm; prioritize a next-step check before forecast review."
WWCMITY9,Rosalina Dieter,Celia Rouche,West,GTX Pro,Funholding,Engaging,2017-06-12,0.6053056794281274,202.0,82.0,2.4634146341463414,True,0.47210008885952204,"Rosalina Dieter's GTX Pro opportunity has a 61% close propensity and has spent 202 days in Engaging, above the 82-day historical norm; prioritize a next-step check before forecast review."
W07RZO17,Kary Hendrixson,Summer Sewald,West,MG Advanced,,Engaging,2017-07-04,0.5766608556248936,180.0,80.0,2.25,True,0.4720454438438192,"Kary Hendrixson's MG Advanced opportunity has a 58% close propensity and has spent 180 days in Engaging, above the 80-day historical norm; prioritize a next-step check before forecast review."
YX4E972E,Markita Hansen,Celia Rouche,West,GTX Pro,Conecom,Engaging,2017-06-14,0.6022076528504835,200.0,82.0,2.4390243902439024,True,0.4719796597935272,"Markita Hansen's GTX Pro opportunity has a 60% close propensity and has spent 200 days in Engaging, above the 82-day historical norm; prioritize a next-step check before forecast review."
N07K7DR7,Rosie Papadopoulos,Cara Losch,East,MG Special,Plexzap,Engaging,2016-12-18,0.8125830560490609,378.0,85.0,4.447058823529412,True,0.4718210135681104,"Rosie Papadopoulos's MG Special opportunity has a 81% close propensity and has spent 378 days in Engaging, well beyond the 85-day historical norm; prioritize a next-step check before forecast review."
CX4ZLSDW,Wilburn Farren,Cara Losch,East,MG Special,,Engaging,2017-05-18,0.6340010660514774,227.0,85.0,2.6705882352941175,True,0.47157577765477493,"Wilburn Farren's MG Special opportunity has a 63% close propensity and has spent 227 days in Engaging, above the 85-day historical norm; prioritize a next-step check before forecast review."
E5V4WT18,Vicki Laflamme,Celia Rouche,West,MG Special,Genco Pura Olive Oil Company,Engaging,2017-05-25,0.6260985397555261,220.0,84.25,2.6112759643916914,True,0.47152259604318103,"Vicki Laflamme's MG Special opportunity has a 63% close propensity and has spent 220 days in Engaging, above the 84-day historical norm; prioritize a next-step check before forecast review."
HU970PDK,James Ascencio,Summer Sewald,West,GTX Plus Pro,Donquadtech,Engaging,2017-05-18,0.6384989898607161,227.0,84.0,2.7023809523809526,True,0.47143398992386787,"James Ascencio's GTX Plus Pro opportunity has a 64% close propensity and has spent 227 days in Engaging, above the 84-day historical norm; prioritize a next-step check before forecast review."
7X0T2QOL,Hayden Neloms,Celia Rouche,West,MG Advanced,,Engaging,2017-05-26,0.6437631204852681,219.0,80.0,2.7375,True,0.47108522168457573,"Hayden Neloms's MG Advanced opportunity has a 64% close propensity and has spent 219 days in Engaging, above the 80-day historical norm; prioritize a next-step check before forecast review."
7KKFQ7LX,Hayden Neloms,Celia Rouche,West,MG Advanced,,Engaging,2017-05-26,0.6437631204852681,219.0,80.0,2.7375,True,0.47108522168457573,"Hayden Neloms's MG Advanced opportunity has a 64% close propensity and has spent 219 days in Engaging, above the 80-day historical norm; prioritize a next-step check before forecast review."
2BXYT4PD,Hayden Neloms,Celia Rouche,West,GTX Plus Pro,Funholding,Engaging,2017-05-18,0.639334215651787,227.0,84.0,2.7023809523809526,True,0.47089109315967176,"Hayden Neloms's GTX Plus Pro opportunity has a 64% close propensity and has spent 227 days in Engaging, above the 84-day historical norm; prioritize a next-step check before forecast review."
BRFHWGVC,Kary Hendrixson,Summer Sewald,West,GTX Plus Basic,,Engaging,2017-05-19,0.6180503753894147,226.0,89.0,2.539325842696629,True,0.4704582672328355,"Kary Hendrixson's GTX Plus Basic opportunity has a 62% close propensity and has spent 226 days in Engaging, above the 89-day historical norm; prioritize a next-step check before forecast review."
R1K16RZO,Maureen Marcano,Summer Sewald,West,GTX Plus Pro,,Engaging,2017-05-01,0.6673846027208606,244.0,84.0,2.9047619047619047,True,0.47036667489810724,"Maureen Marcano's GTX Plus Pro opportunity has a 67% close propensity and has spent 244 days in Engaging, above the 84-day historical norm; prioritize a next-step check before forecast review."
KDPBAHOJ,Kami Bicknell,Summer Sewald,West,MG Advanced,,Engaging,2017-06-20,0.6029046162044365,194.0,80.0,2.425,True,0.4702994994671163,"Kami Bicknell's MG Advanced opportunity has a 60% close propensity and has spent 194 days in Engaging, above the 80-day historical norm; prioritize a next-step check before forecast review."
VH6OFWCV,Zane Levy,Summer Sewald,West,MG Advanced,,Engaging,2017-06-20,0.6029046162044365,194.0,80.0,2.425,True,0.4702994994671163,"Zane Levy's MG Advanced opportunity has a 60% close propensity and has spent 194 days in Engaging, above the 80-day historical norm; prioritize a next-step check before forecast review."
11V16SZZ,Corliss Cosme,Cara Losch,East,GTX Basic,Labdrill,Engaging,2017-05-24,0.6198405841604336,221.0,87.0,2.5402298850574714,True,0.4693737352382469,"Corliss Cosme's GTX Basic opportunity has a 62% close propensity and has spent 221 days in Engaging, above the 87-day historical norm; prioritize a next-step check before forecast review."
CYB0NUCJ,Cassey Cress,Rocco Neubert,East,MG Special,,Engaging,2017-05-23,0.6307901578037657,222.0,85.0,2.611764705882353,True,0.4685158091922582,"Cassey Cress's MG Special opportunity has a 63% close propensity and has spent 222 days in Engaging, above the 85-day historical norm; prioritize a next-step check before forecast review."
OW9OM3UO,Rosalina Dieter,Celia Rouche,West,MG Advanced,,Engaging,2017-07-09,0.5743962124581684,175.0,80.0,2.1875,True,0.46804871190219055,"Rosalina Dieter's MG Advanced opportunity has a 57% close propensity and has spent 175 days in Engaging, above the 80-day historical norm; prioritize a next-step check before forecast review."
3H3TNCP5,James Ascencio,Summer Sewald,West,GTX Plus Basic,Condax,Engaging,2017-05-23,0.6166601976354045,222.0,89.0,2.49438202247191,True,0.4674292985032792,"James Ascencio's GTX Plus Basic opportunity has a 62% close propensity and has spent 222 days in Engaging, above the 89-day historical norm; prioritize a next-step check before forecast review."
0STR2QEA,Corliss Cosme,Cara Losch,East,GTX Plus Pro,Inity,Engaging,2017-05-25,0.642095851886966,220.0,82.0,2.682926829268293,True,0.4673937938344477,"Corliss Cosme's GTX Plus Pro opportunity has a 64% close propensity and has spent 220 days in Engaging, above the 82-day historical norm; prioritize a next-step check before forecast review."
GIPPUV2F,Hayden Neloms,Celia Rouche,West,GTX Plus Basic,Nam-zim,Engaging,2017-05-31,0.6047890604036337,214.0,89.0,2.404494382022472,True,0.46728036916460447,"Hayden Neloms's GTX Plus Basic opportunity has a 60% close propensity and has spent 214 days in Engaging, above the 89-day historical norm; prioritize a next-step check before forecast review."
7VMOJBPN,Kami Bicknell,Summer Sewald,West,GTX Pro,Faxquote,Engaging,2017-06-03,0.6276883681784375,211.0,82.0,2.573170731707317,True,0.4671549997084058,"Kami Bicknell's GTX Pro opportunity has a 63% close propensity and has spent 211 days in Engaging, above the 82-day historical norm; prioritize a next-step check before forecast review."
BO1ZOZG2,Kary Hendrixson,Summer Sewald,West,GTX Plus Basic,Ontomedia,Engaging,2017-05-28,0.610914373227204,217.0,89.0,2.438202247191011,True,0.46624835403153086,"Kary Hendrixson's GTX Plus Basic opportunity has a 61% close propensity and has spent 217 days in Engaging, above the 89-day historical norm; prioritize a next-step check before forecast review."
GXC8JN36,Kary Hendrixson,Summer Sewald,West,GTX Pro,,Engaging,2017-06-04,0.6279778588700984,210.0,82.0,2.5609756097560976,True,0.46589975758809454,"Kary Hendrixson's GTX Pro opportunity has a 63% close propensity and has spent 210 days in Engaging, above the 82-day historical norm; prioritize a next-step check before forecast review."
SPV7OJTH,Cassey Cress,Rocco Neubert,East,MG Advanced,,Engaging,2017-06-02,0.6003859337239799,212.0,90.0,2.3555555555555556,True,0.46586025419052424,"Cassey Cress's MG Advanced opportunity has a 60% close propensity and has spent 212 days in Engaging, above the 90-day historical norm; prioritize a next-step check before forecast review."
PFKDTEYU,Rosie Papadopoulos,Cara Losch,East,GTX Pro,Xx-zobam,Engaging,2017-06-16,0.62350278850546,198.0,79.0,2.5063291139240507,True,0.46402698493980543,"Rosie Papadopoulos's GTX Pro opportunity has a 62% close propensity and has spent 198 days in Engaging, above the 79-day historical norm; prioritize a next-step check before forecast review."
CX0SXNCN,Corliss Cosme,Cara Losch,East,GTX Basic,Treequote,Engaging,2017-05-21,0.633162381664834,224.0,87.0,2.574712643678161,True,0.46373180823969695,"Corliss Cosme's GTX Basic opportunity has a 63% close propensity and has spent 224 days in Engaging, above the 87-day historical norm; prioritize a next-step check before forecast review."
0K59ZLQC,Corliss Cosme,Cara Losch,East,GTX Basic,Donquadtech,Engaging,2017-05-18,0.6384989898607161,227.0,87.0,2.6091954022988504,True,0.46328025429168396,"Corliss Cosme's GTX Basic opportunity has a 64% close propensity and has spent 227 days in Engaging, above the 87-day historical norm; prioritize a next-step check before forecast review."
PIFPDJMN,Kary Hendrixson,Summer Sewald,West,GTX Basic,,Engaging,2017-06-05,0.6263120599438855,209.0,83.0,2.5180722891566263,True,0.4632284863376792,"Kary Hendrixson's GTX Basic opportunity has a 63% close propensity and has spent 209 days in Engaging, above the 83-day historical norm; prioritize a next-step check before forecast review."
YTGQKC7A,Rosalina Dieter,Celia Rouche,West,MG Special,Dalttechnology,Engaging,2017-06-03,0.6244933499109014,211.0,84.25,2.5044510385756675,True,0.46321878843328496,"Rosalina Dieter's MG Special opportunity has a 62% close propensity and has spent 211 days in Engaging, above the 84-day historical norm; prioritize a next-step check before forecast review."
4LXUITP3,Kary Hendrixson,Summer Sewald,West,GTX Basic,,Engaging,2017-06-04,0.6279778588700984,210.0,83.0,2.5301204819277108,True,0.46319993390311076,"Kary Hendrixson's GTX Basic opportunity has a 63% close propensity and has spent 210 days in Engaging, above the 83-day historical norm; prioritize a next-step check before forecast review."
G1AKE0NR,Zane Levy,Summer Sewald,West,GTX Pro,,Engaging,2017-06-07,0.6276186500519864,207.0,82.0,2.524390243902439,True,0.4629320238076723,"Zane Levy's GTX Pro opportunity has a 63% close propensity and has spent 207 days in Engaging, above the 82-day historical norm; prioritize a next-step check before forecast review."
RKVXBXBM,Markita Hansen,Celia Rouche,West,MG Special,,Engaging,2017-06-07,0.618712948894015,207.0,84.25,2.456973293768546,True,0.46282174642363805,"Markita Hansen's MG Special opportunity has a 62% close propensity and has spent 207 days in Engaging, above the 84-day historical norm; prioritize a next-step check before forecast review."
EGEJA2HY,Markita Hansen,Celia Rouche,West,GTX Basic,,Engaging,2017-06-17,0.6083140684344068,197.0,83.0,2.3734939759036147,True,0.4622765784092019,"Markita Hansen's GTX Basic opportunity has a 61% close propensity and has spent 197 days in Engaging, above the 83-day historical norm; prioritize a next-step check before forecast review."
T4FR3FAC,Vicki Laflamme,Celia Rouche,West,MG Advanced,,Engaging,2017-06-29,0.6003859337239799,185.0,80.0,2.3125,True,0.4620928930794131,"Vicki Laflamme's MG Advanced opportunity has a 60% close propensity and has spent 185 days in Engaging, above the 80-day historical norm; prioritize a next-step check before forecast review."
9GYIYGHW,Violet Mclelland,Cara Losch,East,MG Advanced,,Engaging,2017-06-06,0.6029046162044365,208.0,90.0,2.311111111111111,True,0.4603342216893385,"Violet Mclelland's MG Advanced opportunity has a 60% close propensity and has spent 208 days in Engaging, above the 90-day historical norm; prioritize a next-step check before forecast review."
WQAKXOYU,Boris Faz,Rocco Neubert,East,GTX Pro,,Engaging,2017-07-02,0.6022980945413149,182.0,79.0,2.3037974683544302,True,0.46008851702915793,"Boris Faz's GTX Pro opportunity has a 60% close propensity and has spent 182 days in Engaging, above the 79-day historical norm; prioritize a next-step check before forecast review."
HAUB1NBF,Corliss Cosme,Cara Losch,East,GTX Pro,,Engaging,2017-07-02,0.6022980945413149,182.0,79.0,2.3037974683544302,True,0.46008851702915793,"Corliss Cosme's GTX Pro opportunity has a 60% close propensity and has spent 182 days in Engaging, above the 79-day historical norm; prioritize a next-step check before forecast review."
XTE9XJTS,Kary Hendrixson,Summer Sewald,West,MG Special,Zencorporation,Engaging,2017-06-04,0.628703004026679,210.0,84.25,2.492581602373887,True,0.4594439375903738,"Kary Hendrixson's MG Special opportunity has a 63% close propensity and has spent 210 days in Engaging, above the 84-day historical norm; prioritize a next-step check before forecast review."
D17T8PTH,Vicki Laflamme,Celia Rouche,West,GTX Basic,,Engaging,2017-06-08,0.6276883681784375,206.0,83.0,2.4819277108433737,True,0.4591712353828108,"Vicki Laflamme's GTX Basic opportunity has a 63% close propensity and has spent 206 days in Engaging, above the 83-day historical norm; prioritize a next-step check before forecast review."
MV227O65,Maureen Marcano,Summer Sewald,West,GTX Plus Pro,Sonron,Engaging,2017-05-11,0.6686896597870673,234.0,84.0,2.7857142857142856,True,0.4591017211384062,"Maureen Marcano's GTX Plus Pro opportunity has a 67% close propensity and has spent 234 days in Engaging, above the 84-day historical norm; prioritize a next-step check before forecast review."
HBN3R2TJ,Elease Gluck,Celia Rouche,West,MG Advanced,,Engaging,2017-07-17,0.5766608556248936,167.0,80.0,2.0875,True,0.45782669384381924,"Elease Gluck's MG Advanced opportunity has a 58% close propensity and has spent 167 days in Engaging, above the 80-day historical norm; prioritize a next-step check before forecast review."
96798U7Y,Rosie Papadopoulos,Cara Losch,East,GTX Pro,,Engaging,2017-06-20,0.6263120599438855,194.0,79.0,2.4556962025316458,True,0.45777057875799343,"Rosie Papadopoulos's GTX Pro opportunity has a 63% close propensity and has spent 194 days in Engaging, above the 79-day historical norm; prioritize a next-step check before forecast review."
NEFPSWOJ,Markita Hansen,Celia Rouche,West,GTX Plus Basic,Toughzap,Engaging,2017-06-16,0.5953426265388431,198.0,89.0,2.2247191011235956,True,0.45769021409806665,"Markita Hansen's GTX Plus Basic opportunity has a 60% close propensity and has spent 198 days in Engaging, above the 89-day historical norm; prioritize a next-step check before forecast review."
C6TQMD3C,Vicki Laflamme,Celia Rouche,West,GTX Plus Pro,,Engaging,2017-06-07,0.6276186500519864,207.0,84.0,2.4642857142857144,True,0.4576728774662089,"Vicki Laflamme's GTX Plus Pro opportunity has a 63% close propensity and has spent 207 days in Engaging, above the 84-day historical norm; prioritize a next-step check before forecast review."
WEKW3XIN,Cassey Cress,Rocco Neubert,East,GTX Plus Pro,Condax,Engaging,2017-06-20,0.6150394019268325,194.0,82.0,2.3658536585365852,True,0.45723658386951005,"Cassey Cress's GTX Plus Pro opportunity has a 62% close propensity and has spent 194 days in Engaging, above the 82-day historical norm; prioritize a next-step check before forecast review."
RUAU1ORD,Zane Levy,Summer Sewald,West,GTX Basic,,Engaging,2017-06-10,0.6276883681784375,204.0,83.0,2.4578313253012047,True,0.457062801647871,"Zane Levy's GTX Basic opportunity has a 63% close propensity and has spent 204 days in Engaging, above the 83-day historical norm; prioritize a next-step check before forecast review."
XRWMLGOG,James Ascencio,Summer Sewald,West,MG Advanced,,Engaging,2017-07-18,0.5766608556248936,166.0,80.0,2.075,True,0.45673294384381924,"James Ascencio's MG Advanced opportunity has a 58% close propensity and has spent 166 days in Engaging, above the 80-day historical norm; prioritize a next-step check before forecast review."
EPSIB2JR,Violet Mclelland,Cara Losch,East,MG Special,Zoomit,Engaging,2017-05-26,0.6449389477939682,219.0,85.0,2.5764705882352943,True,0.4562308604045089,"Violet Mclelland's MG Special opportunity has a 64% close propensity and has spent 219 days in Engaging, above the 85-day historical norm; prioritize a next-step check before forecast review."
TDJ3N8EJ,Kami Bicknell,Summer Sewald,West,MG Advanced,Kinnamplus,Engaging,2017-07-20,0.5740933051847464,164.0,80.0,2.05,True,0.45621435162991475,"Kami Bicknell's MG Advanced opportunity has a 57% close propensity and has spent 164 days in Engaging, above the 80-day historical norm; prioritize a next-step check before forecast review."
MCA0202R,Kary Hendrixson,Summer Sewald,West,GTX Basic,,Engaging,2017-06-12,0.6263120599438855,202.0,83.0,2.433734939759036,True,0.4558489682653901,"Kary Hendrixson's GTX Basic opportunity has a 63% close propensity and has spent 202 days in Engaging, above the 83-day historical norm; prioritize a next-step check before forecast review."
3A7G5K0E,Rosalina Dieter,Celia Rouche,West,GTX Basic,,Engaging,2017-06-12,0.6263120599438855,202.0,83.0,2.433734939759036,True,0.4558489682653901,"Rosalina Dieter's GTX Basic opportunity has a 63% close propensity and has spent 202 days in Engaging, above the 83-day historical norm; prioritize a next-step check before forecast review."
477HSG28,Vicki Laflamme,Celia Rouche,West,GTX Basic,,Engaging,2017-06-11,0.6279778588700984,203.0,83.0,2.4457831325301207,True,0.4558204158308216,"Vicki Laflamme's GTX Basic opportunity has a 63% close propensity and has spent 203 days in Engaging, above the 83-day historical norm; prioritize a next-step check before forecast review."
BJO4VYLK,Daniell Hammack,Rocco Neubert,East,GTX Pro,,Engaging,2017-06-21,0.6276186500519864,193.0,79.0,2.4430379746835444,True,0.45581370025101897,"Daniell Hammack's GTX Pro opportunity has a 63% close propensity and has spent 193 days in Engaging, above the 79-day historical norm; prioritize a next-step check before forecast review."
A1TDRYHZ,Rosie Papadopoulos,Cara Losch,East,MG Advanced,Rangreen,Engaging,2017-03-18,0.7296307236282222,288.0,90.0,3.2,True,0.4557400296416555,"Rosie Papadopoulos's MG Advanced opportunity has a 73% close propensity and has spent 288 days in Engaging, well beyond the 90-day historical norm; prioritize a next-step check before forecast review."
EFIR7HGR,Daniell Hammack,Rocco Neubert,East,MG Advanced,Groovestreet,Engaging,2017-06-18,0.5931935684574376,196.0,90.0,2.1777777777777776,True,0.45497973605822106,"Daniell Hammack's MG Advanced opportunity has a 59% close propensity and has spent 196 days in Engaging, above the 90-day historical norm; prioritize a next-step check before forecast review."
VSYO182N,Kary Hendrixson,Summer Sewald,West,GTX Pro,Dalttechnology,Engaging,2017-07-01,0.6005023134846921,183.0,82.0,2.231707317073171,True,0.45494788647885265,"Kary Hendrixson's GTX Pro opportunity has a 60% close propensity and has spent 183 days in Engaging, above the 82-day historical norm; prioritize a next-step check before forecast review."
SE6OIGYN,Violet Mclelland,Cara Losch,East,GTX Plus Basic,Isdom,Engaging,2017-06-12,0.616271411604593,202.0,86.0,2.3488372093023258,True,0.45494683827096805,"Violet Mclelland's GTX Plus Basic opportunity has a 62% close propensity and has spent 202 days in Engaging, above the 86-day historical norm; prioritize a next-step check before forecast review."
7FZ9CBZ3,Anna Snelling,Dustin Brinkmann,Central,GTX Plus Pro,Scotfind,Engaging,2017-07-24,0.569496279808254,160.0,80.0,2.0,True,0.4548274181246349,"Anna Snelling's GTX Plus Pro opportunity has a 57% close propensity and has spent 160 days in Engaging, above the 80-day historical norm; prioritize a next-step check before forecast review."
04SCU6DK,Corliss Cosme,Cara Losch,East,MG Advanced,,Engaging,2017-07-01,0.5740933051847464,183.0,90.0,2.033333333333333,True,0.4547560182965814,"Corliss Cosme's MG Advanced opportunity has a 57% close propensity and has spent 183 days in Engaging, above the 90-day historical norm; prioritize a next-step check before forecast review."
BCA6Y34B,Rosie Papadopoulos,Cara Losch,East,MG Advanced,,Engaging,2017-07-01,0.5740933051847464,183.0,90.0,2.033333333333333,True,0.4547560182965814,"Rosie Papadopoulos's MG Advanced opportunity has a 57% close propensity and has spent 183 days in Engaging, above the 90-day historical norm; prioritize a next-step check before forecast review."
CFI2GXN1,Boris Faz,Rocco Neubert,East,GTX Pro,,Engaging,2017-07-07,0.6020012857052947,177.0,79.0,2.240506329113924,True,0.4547434680890268,"Boris Faz's GTX Pro opportunity has a 60% close propensity and has spent 177 days in Engaging, above the 79-day historical norm; prioritize a next-step check before forecast review."
2MKG6ZDD,James Ascencio,Summer Sewald,West,GTX Basic,Domzoom,Engaging,2017-06-20,0.6150394019268325,194.0,83.0,2.3373493975903616,True,0.4547424610367155,"James Ascencio's GTX Basic opportunity has a 62% close propensity and has spent 194 days in Engaging, above the 83-day historical norm; prioritize a next-step check before forecast review."
ZTVWSE98,Rosalina Dieter,Celia Rouche,West,MG Special,,Engaging,2017-06-01,0.6416480525754683,213.0,84.25,2.5281899109792283,True,0.45414538303662805,"Rosalina Dieter's MG Special opportunity has a 64% close propensity and has spent 213 days in Engaging, above the 84-day historical norm; prioritize a next-step check before forecast review."
FOJG3OCO,Corliss Cosme,Cara Losch,East,GTX Plus Pro,,Engaging,2017-07-01,0.6020012857052947,183.0,82.0,2.231707317073171,True,0.45397355453546095,"Corliss Cosme's GTX Plus Pro opportunity has a 60% close propensity and has spent 183 days in Engaging, above the 82-day historical norm; prioritize a next-step check before forecast review."
AY3KTIXX,James Ascencio,Summer Sewald,West,GTX Plus Pro,Cheers,Engaging,2017-06-08,0.6320565360275622,206.0,84.0,2.4523809523809526,True,0.45374658491541797,"James Ascencio's GTX Plus Pro opportunity has a 63% close propensity and has spent 206 days in Engaging, above the 84-day historical norm; prioritize a next-step check before forecast review."
74KGIZW4,Kary Hendrixson,Summer Sewald,West,GTX Pro,Betasoloin,Engaging,2017-06-24,0.6149524160117533,190.0,82.0,2.317073170731707,True,0.45302483203138477,"Kary Hendrixson's GTX Pro opportunity has a 61% close propensity and has spent 190 days in Engaging, above the 82-day historical norm; prioritize a next-step check before forecast review."
3VC45PML,James Ascencio,Summer Sewald,West,GTX Basic,,Engaging,2017-06-14,0.6276186500519864,200.0,83.0,2.4096385542168677,True,0.4528912509601848,"James Ascencio's GTX Basic opportunity has a 63% close propensity and has spent 200 days in Engaging, above the 83-day historical norm; prioritize a next-step check before forecast review."
5URQT67R,Markita Hansen,Celia Rouche,West,GTK 500,Treequote,Engaging,2017-06-14,0.5959954637905455,200.0,92.0,2.1739130434782608,True,0.4528203398404933,"Markita Hansen's GTK 500 opportunity has a 60% close propensity and has spent 200 days in Engaging, above the 92-day historical norm; prioritize a next-step check before forecast review."
4EGO7VCJ,Kami Bicknell,Summer Sewald,West,GTX Pro,,Engaging,2017-07-02,0.6022980945413149,182.0,82.0,2.2195121951219514,True,0.45271355562131604,"Kami Bicknell's GTX Pro opportunity has a 60% close propensity and has spent 182 days in Engaging, above the 82-day historical norm; prioritize a next-step check before forecast review."
AR33M33M,Hayden Neloms,Celia Rouche,West,GTX Plus Basic,,Engaging,2017-07-01,0.5804647800102327,183.0,89.0,2.056179775280899,True,0.4526136233304274,"Hayden Neloms's GTX Plus Basic opportunity has a 58% close propensity and has spent 183 days in Engaging, above the 89-day historical norm; prioritize a next-step check before forecast review."
13FIM9V3,Corliss Cosme,Cara Losch,East,GTX Pro,,Engaging,2017-06-24,0.6276883681784375,190.0,79.0,2.4050632911392404,True,0.45244559865869916,"Corliss Cosme's GTX Pro opportunity has a 63% close propensity and has spent 190 days in Engaging, above the 79-day historical norm; prioritize a next-step check before forecast review."
QV3TAWDT,Rosie Papadopoulos,Cara Losch,East,GTX Pro,,Engaging,2017-07-10,0.6005904435883033,174.0,79.0,2.2025316455696204,True,0.45233773065494465,"Rosie Papadopoulos's GTX Pro opportunity has a 60% close propensity and has spent 174 days in Engaging, above the 79-day historical norm; prioritize a next-step check before forecast review."
7HSRDCCK,Kary Hendrixson,Summer Sewald,West,GTX Plus Pro,,Engaging,2017-06-13,0.6263120599438855,201.0,84.0,2.392857142857143,True,0.4522721610364744,"Kary Hendrixson's GTX Plus Pro opportunity has a 63% close propensity and has spent 201 days in Engaging, above the 84-day historical norm; prioritize a next-step check before forecast review."
FHYD80FB,Kami Bicknell,Summer Sewald,West,GTX Pro,,Engaging,2017-06-17,0.6276883681784375,197.0,82.0,2.402439024390244,True,0.45221597531816193,"Kami Bicknell's GTX Pro opportunity has a 63% close propensity and has spent 197 days in Engaging, above the 82-day historical norm; prioritize a next-step check before forecast review."
1ORXGKVH,Kary Hendrixson,Summer Sewald,West,GTX Pro,Sonron,Engaging,2017-06-17,0.6276883681784375,197.0,82.0,2.402439024390244,True,0.45221597531816193,"Kary Hendrixson's GTX Pro opportunity has a 63% close propensity and has spent 197 days in Engaging, above the 82-day historical norm; prioritize a next-step check before forecast review."
IBZI95HI,James Ascencio,Summer Sewald,West,GTX Plus Basic,Zoomit,Engaging,2017-05-26,0.6356143846285905,219.0,89.0,2.460674157303371,True,0.45215963875546106,"James Ascencio's GTX Plus Basic opportunity has a 64% close propensity and has spent 219 days in Engaging, above the 89-day historical norm; prioritize a next-step check before forecast review."
XYRO1TLJ,Markita Hansen,Celia Rouche,West,GTX Pro,,Engaging,2017-06-29,0.6083140684344068,185.0,82.0,2.2560975609756095,True,0.4520043921030014,"Markita Hansen's GTX Pro opportunity has a 61% close propensity and has spent 185 days in Engaging, above the 82-day historical norm; prioritize a next-step check before forecast review."
H176AX96,James Ascencio,Summer Sewald,West,MG Advanced,Gekko & Co,Engaging,2017-06-18,0.6346210340333132,196.0,80.0,2.45,True,0.4518713278783465,"James Ascencio's MG Advanced opportunity has a 63% close propensity and has spent 196 days in Engaging, above the 80-day historical norm; prioritize a next-step check before forecast review."
HKV37WU9,Vicki Laflamme,Celia Rouche,West,GTX Basic,,Engaging,2017-06-15,0.6276883681784375,199.0,83.0,2.397590361445783,True,0.4517917173105216,"Vicki Laflamme's GTX Basic opportunity has a 63% close propensity and has spent 199 days in Engaging, above the 83-day historical norm; prioritize a next-step check before forecast review."
49T60OCI,Cassey Cress,Rocco Neubert,East,GTX Plus Pro,Scottech,Engaging,2017-07-04,0.6005904435883033,180.0,82.0,2.1951219512195124,True,0.4516893823993102,"Cassey Cress's GTX Plus Pro opportunity has a 60% close propensity and has spent 180 days in Engaging, above the 82-day historical norm; prioritize a next-step check before forecast review."
H9N9DP3D,Vicki Laflamme,Celia Rouche,West,GTX Basic,,Engaging,2017-07-01,0.6020012857052947,183.0,83.0,2.2048192771084336,True,0.45162085103854643,"Vicki Laflamme's GTX Basic opportunity has a 60% close propensity and has spent 183 days in Engaging, above the 83-day historical norm; prioritize a next-step check before forecast review."
Z6R4KJFU,Daniell Hammack,Rocco Neubert,East,GTX Pro,,Engaging,2017-06-25,0.6279778588700984,189.0,79.0,2.392405063291139,True,0.4511498347724107,"Daniell Hammack's GTX Pro opportunity has a 63% close propensity and has spent 189 days in Engaging, above the 79-day historical norm; prioritize a next-step check before forecast review."
6BIZ2MB6,Maureen Marcano,Summer Sewald,West,MG Special,,Engaging,2017-05-24,0.6591356479717329,221.0,84.25,2.623145400593472,True,0.4510870513703024,"Maureen Marcano's MG Special opportunity has a 66% close propensity and has spent 221 days in Engaging, above the 84-day historical norm; prioritize a next-step check before forecast review."
HEWKNHTH,Daniell Hammack,Rocco Neubert,East,GTX Plus Pro,,Engaging,2017-06-18,0.6279778588700984,196.0,82.0,2.3902439024390243,True,0.4509607331978507,"Daniell Hammack's GTX Plus Pro opportunity has a 63% close propensity and has spent 196 days in Engaging, above the 82-day historical norm; prioritize a next-step check before forecast review."
7J0ZLDB1,Zane Levy,Summer Sewald,West,MG Special,,Engaging,2017-06-05,0.6402937759633492,209.0,84.25,2.4807121661721068,True,0.4508713601638823,"Zane Levy's MG Special opportunity has a 64% close propensity and has spent 209 days in Engaging, above the 84-day historical norm; prioritize a next-step check before forecast review."
T4FQOS6J,Maureen Marcano,Summer Sewald,West,GTX Plus Basic,Opentech,Engaging,2017-05-14,0.6560155564646526,231.0,89.0,2.595505617977528,True,0.4506966298710095,"Maureen Marcano's GTX Plus Basic opportunity has a 66% close propensity and has spent 231 days in Engaging, above the 89-day historical norm; prioritize a next-step check before forecast review."
HABN7JBG,Elease Gluck,Celia Rouche,West,GTX Basic,Rantouch,Engaging,2017-06-17,0.6262260732260513,197.0,83.0,2.3734939759036147,True,0.45063377529463294,"Elease Gluck's GTX Basic opportunity has a 63% close propensity and has spent 197 days in Engaging, above the 83-day historical norm; prioritize a next-step check before forecast review."
35LLMROC,Kary Hendrixson,Summer Sewald,West,GTX Basic,,Engaging,2017-07-03,0.6005904435883033,181.0,83.0,2.180722891566265,True,0.45042946467965106,"Kary Hendrixson's GTX Basic opportunity has a 60% close propensity and has spent 181 days in Engaging, above the 83-day historical norm; prioritize a next-step check before forecast review."
HTF7TYQS,Daniell Hammack,Rocco Neubert,East,GTX Pro,,Engaging,2017-06-27,0.6263120599438855,187.0,79.0,2.367088607594937,True,0.45001741420103136,"Daniell Hammack's GTX Pro opportunity has a 63% close propensity and has spent 187 days in Engaging, above the 79-day historical norm; prioritize a next-step check before forecast review."
R443AUAG,Violet Mclelland,Cara Losch,East,GTX Pro,,Engaging,2017-06-27,0.6263120599438855,187.0,79.0,2.367088607594937,True,0.45001741420103136,"Violet Mclelland's GTX Pro opportunity has a 63% close propensity and has spent 187 days in Engaging, above the 79-day historical norm; prioritize a next-step check before forecast review."
KSOW4MUK,Kami Bicknell,Summer Sewald,West,GTX Basic,,Engaging,2017-06-17,0.6276883681784375,197.0,83.0,2.3734939759036147,True,0.44968328357558185,"Kami Bicknell's GTX Basic opportunity has a 63% close propensity and has spent 197 days in Engaging, above the 83-day historical norm; prioritize a next-step check before forecast review."
TIPG6R0Z,Vicki Laflamme,Celia Rouche,West,GTX Basic,,Engaging,2017-06-17,0.6276883681784375,197.0,83.0,2.3734939759036147,True,0.44968328357558185,"Vicki Laflamme's GTX Basic opportunity has a 63% close propensity and has spent 197 days in Engaging, above the 83-day historical norm; prioritize a next-step check before forecast review."
0AQGBN7B,Maureen Marcano,Summer Sewald,West,GTX Plus Basic,,Engaging,2017-05-08,0.6673846027208606,237.0,89.0,2.662921348314607,True,0.44920562620896864,"Maureen Marcano's GTX Plus Basic opportunity has a 67% close propensity and has spent 237 days in Engaging, above the 89-day historical norm; prioritize a next-step check before forecast review."
PCVNB0NO,Zane Levy,Summer Sewald,West,GTX Basic,,Engaging,2017-06-19,0.6263120599438855,195.0,83.0,2.3493975903614457,True,0.4484694501931009,"Zane Levy's GTX Basic opportunity has a 63% close propensity and has spent 195 days in Engaging, above the 83-day historical norm; prioritize a next-step check before forecast review."
XU836DFA,Kami Bicknell,Summer Sewald,West,GTX Basic,,Engaging,2017-06-18,0.6279778588700984,196.0,83.0,2.36144578313253,True,0.44844089775853246,"Kami Bicknell's GTX Basic opportunity has a 63% close propensity and has spent 196 days in Engaging, above the 83-day historical norm; prioritize a next-step check before forecast review."
TNWCER5C,Rosie Papadopoulos,Cara Losch,East,GTX Plus Basic,,Engaging,2017-06-12,0.6263120599438855,202.0,86.0,2.3488372093023258,True,0.44842041685042794,"Rosie Papadopoulos's GTX Plus Basic opportunity has a 63% close propensity and has spent 202 days in Engaging, above the 86-day historical norm; prioritize a next-step check before forecast review."
F8QQEW1W,Kami Bicknell,Summer Sewald,West,GTX Plus Basic,,Engaging,2017-06-04,0.6279778588700984,210.0,89.0,2.359550561797753,True,0.4482750658917394,"Kami Bicknell's GTX Plus Basic opportunity has a 63% close propensity and has spent 210 days in Engaging, above the 89-day historical norm; prioritize a next-step check before forecast review."
14CNQKX8,Kary Hendrixson,Summer Sewald,West,GTX Pro,,Engaging,2017-06-21,0.6276186500519864,193.0,82.0,2.3536585365853657,True,0.4479929994174284,"Kary Hendrixson's GTX Pro opportunity has a 63% close propensity and has spent 193 days in Engaging, above the 82-day historical norm; prioritize a next-step check before forecast review."
XQY4Z4KI,Rosie Papadopoulos,Cara Losch,East,MG Special,,Engaging,2017-06-06,0.6402937759633492,208.0,85.0,2.447058823529412,True,0.4479266926826465,"Rosie Papadopoulos's MG Special opportunity has a 64% close propensity and has spent 208 days in Engaging, above the 85-day historical norm; prioritize a next-step check before forecast review."
YYTZSTL0,Rosie Papadopoulos,Cara Losch,East,GTX Plus Pro,,Engaging,2017-07-07,0.6020012857052947,177.0,82.0,2.158536585365854,True,0.44757111551107065,"Rosie Papadopoulos's GTX Plus Pro opportunity has a 60% close propensity and has spent 177 days in Engaging, above the 82-day historical norm; prioritize a next-step check before forecast review."
8SVMGDPA,Maureen Marcano,Summer Sewald,West,GTX Plus Basic,Donquadtech,Engaging,2017-05-09,0.6684093053954399,236.0,89.0,2.651685393258427,True,0.44755642340307644,"Maureen Marcano's GTX Plus Basic opportunity has a 67% close propensity and has spent 236 days in Engaging, above the 89-day historical norm; prioritize a next-step check before forecast review."
SXYJU7LC,Kami Bicknell,Summer Sewald,West,GTX Basic,,Engaging,2017-07-05,0.6019298079702864,179.0,83.0,2.1566265060240966,True,0.4474504440964223,"Kami Bicknell's GTX Basic opportunity has a 60% close propensity and has spent 179 days in Engaging, above the 83-day historical norm; prioritize a next-step check before forecast review."
5M5TW9RC,Cassey Cress,Rocco Neubert,East,GTX Plus Basic,Umbrella Corporation,Engaging,2017-07-07,0.5887148355417244,177.0,86.0,2.058139534883721,True,0.4474225662002047,"Cassey Cress's GTX Plus Basic opportunity has a 59% close propensity and has spent 177 days in Engaging, above the 86-day historical norm; prioritize a next-step check before forecast review."
QU220OFI,Boris Faz,Rocco Neubert,East,GTX Basic,Finhigh,Engaging,2017-07-08,0.5844404275451557,176.0,87.0,2.0229885057471266,True,0.4471252163485224,"Boris Faz's GTX Basic opportunity has a 58% close propensity and has spent 176 days in Engaging, above the 87-day historical norm; prioritize a next-step check before forecast review."
H3DYTZIQ,Cassey Cress,Rocco Neubert,East,GTX Plus Basic,Scottech,Engaging,2017-06-18,0.6192038091541129,196.0,86.0,2.2790697674418605,True,0.4469361287009894,"Cassey Cress's GTX Plus Basic opportunity has a 62% close propensity and has spent 196 days in Engaging, above the 86-day historical norm; prioritize a next-step check before forecast review."
R9AVNYCO,Zane Levy,Summer Sewald,West,GTX Plus Basic,Conecom,Engaging,2017-06-07,0.6261562443612744,207.0,89.0,2.3258426966292136,True,0.4465096771202278,"Zane Levy's GTX Plus Basic opportunity has a 63% close propensity and has spent 207 days in Engaging, above the 89-day historical norm; prioritize a next-step check before forecast review."
QP0QCP8Y,Kary Hendrixson,Summer Sewald,West,GTX Plus Pro,Dalttechnology,Engaging,2017-07-05,0.6004307452255221,179.0,84.0,2.130952380952381,True,0.4461783489367439,"Kary Hendrixson's GTX Plus Pro opportunity has a 60% close propensity and has spent 179 days in Engaging, above the 84-day historical norm; prioritize a next-step check before forecast review."
IQMW1VDP,Violet Mclelland,Cara Losch,East,MG Special,,Engaging,2017-06-07,0.6415794558348958,207.0,85.0,2.4352941176470586,True,0.44606158900143533,"Violet Mclelland's MG Special opportunity has a 64% close propensity and has spent 207 days in Engaging, above the 85-day historical norm; prioritize a next-step check before forecast review."
LD4F6QTP,Anna Snelling,Dustin Brinkmann,Central,GTX Plus Pro,Groovestreet,Engaging,2017-07-20,0.5904197023587566,164.0,80.0,2.05,True,0.4456021934668082,"Anna Snelling's GTX Plus Pro opportunity has a 59% close propensity and has spent 164 days in Engaging, above the 80-day historical norm; prioritize a next-step check before forecast review."
246MLWZ7,Zane Levy,Summer Sewald,West,GTX Basic,Rangreen,Engaging,2017-05-09,0.6972415126930869,236.0,83.0,2.8433734939759034,True,0.4455881974723851,"Zane Levy's GTX Basic opportunity has a 70% close propensity and has spent 236 days in Engaging, above the 83-day historical norm; prioritize a next-step check before forecast review."
JS5N8USN,Corliss Cosme,Cara Losch,East,GTX Plus Basic,,Engaging,2017-06-14,0.6276186500519864,200.0,86.0,2.3255813953488373,True,0.4455362495592321,"Corliss Cosme's GTX Plus Basic opportunity has a 63% close propensity and has spent 200 days in Engaging, above the 86-day historical norm; prioritize a next-step check before forecast review."
E29GOFUV,Elease Gluck,Celia Rouche,West,MG Special,Sumace,Engaging,2017-06-20,0.62457949627458,194.0,84.25,2.3026706231454006,True,0.44550700694674555,"Elease Gluck's MG Special opportunity has a 62% close propensity and has spent 194 days in Engaging, above the 84-day historical norm; prioritize a next-step check before forecast review."
B6Z5NFV0,Wilburn Farren,Cara Losch,East,MG Advanced,,Engaging,2017-06-20,0.604800918655663,194.0,90.0,2.1555555555555554,True,0.4454905139849301,"Wilburn Farren's MG Advanced opportunity has a 60% close propensity and has spent 194 days in Engaging, above the 90-day historical norm; prioritize a next-step check before forecast review."
QU6CFZ22,Cassey Cress,Rocco Neubert,East,MG Advanced,,Engaging,2017-06-23,0.6003859337239799,191.0,90.0,2.1222222222222222,True,0.44544358752385754,"Cassey Cress's MG Advanced opportunity has a 60% close propensity and has spent 191 days in Engaging, above the 90-day historical norm; prioritize a next-step check before forecast review."
NK1B8YME,Cassey Cress,Rocco Neubert,East,GTX Plus Pro,,Engaging,2017-07-09,0.6022980945413149,175.0,82.0,2.1341463414634148,True,0.44524404342619406,"Cassey Cress's GTX Plus Pro opportunity has a 60% close propensity and has spent 175 days in Engaging, above the 82-day historical norm; prioritize a next-step check before forecast review."
CQYAMIQ3,Zane Levy,Summer Sewald,West,GTX Pro,,Engaging,2017-07-09,0.6022980945413149,175.0,82.0,2.1341463414634148,True,0.44524404342619406,"Zane Levy's GTX Pro opportunity has a 60% close propensity and has spent 175 days in Engaging, above the 82-day historical norm; prioritize a next-step check before forecast review."
S2J63YRV,Rosie Papadopoulos,Cara Losch,East,MG Special,,Engaging,2017-06-08,0.6416480525754683,206.0,85.0,2.4235294117647057,True,0.4449875893553573,"Rosie Papadopoulos's MG Special opportunity has a 64% close propensity and has spent 206 days in Engaging, above the 85-day historical norm; prioritize a next-step check before forecast review."
6AO6E15O,Rosalina Dieter,Celia Rouche,West,GTX Pro,Statholdings,Engaging,2017-07-09,0.6028941839232674,175.0,82.0,2.1341463414634148,True,0.44485658532792494,"Rosalina Dieter's GTX Pro opportunity has a 60% close propensity and has spent 175 days in Engaging, above the 82-day historical norm; prioritize a next-step check before forecast review."
EBLSL27F,Boris Faz,Rocco Neubert,East,GTX Plus Pro,,Engaging,2017-06-24,0.6276883681784375,190.0,82.0,2.317073170731707,True,0.44474646312304,"Boris Faz's GTX Plus Pro opportunity has a 63% close propensity and has spent 190 days in Engaging, above the 82-day historical norm; prioritize a next-step check before forecast review."
QKXCMJVB,James Ascencio,Summer Sewald,West,GTX Basic,,Engaging,2017-07-08,0.6020012857052947,176.0,83.0,2.1204819277108435,True,0.4442413329662573,"James Ascencio's GTX Basic opportunity has a 60% close propensity and has spent 176 days in Engaging, above the 83-day historical norm; prioritize a next-step check before forecast review."
0T9KUEQ2,Cassey Cress,Rocco Neubert,East,GTX Plus Pro,,Engaging,2017-07-11,0.6005904435883033,173.0,82.0,2.1097560975609757,True,0.4442198702041883,"Cassey Cress's GTX Plus Pro opportunity has a 60% close propensity and has spent 173 days in Engaging, above the 82-day historical norm; prioritize a next-step check before forecast review."
K1K48OTP,Kary Hendrixson,Summer Sewald,West,GTX Plus Pro,Conecom,Engaging,2017-07-07,0.6005023134846921,177.0,84.0,2.107142857142857,True,0.44404849623495013,"Kary Hendrixson's GTX Plus Pro opportunity has a 60% close propensity and has spent 177 days in Engaging, above the 84-day historical norm; prioritize a next-step check before forecast review."
FHM7LYZ3,Corliss Cosme,Cara Losch,East,MG Special,,Engaging,2017-06-09,0.6416480525754683,205.0,85.0,2.411764705882353,True,0.4439581775906515,"Corliss Cosme's MG Special opportunity has a 64% close propensity and has spent 205 days in Engaging, above the 85-day historical norm; prioritize a next-step check before forecast review."
SIBR2J01,Maureen Marcano,Summer Sewald,West,MG Special,,Engaging,2017-05-31,0.6591356479717329,214.0,84.25,2.540059347181009,True,0.44381702169671194,"Maureen Marcano's MG Special opportunity has a 66% close propensity and has spent 214 days in Engaging, above the 84-day historical norm; prioritize a next-step check before forecast review."
23NAJF9W,Zane Levy,Summer Sewald,West,GTX Pro,Plussunin,Engaging,2017-06-26,0.6263120599438855,188.0,82.0,2.292682926829268,True,0.4435069171340354,"Zane Levy's GTX Pro opportunity has a 63% close propensity and has spent 188 days in Engaging, above the 82-day historical norm; prioritize a next-step check before forecast review."
A8QRKXG3,Vicki Laflamme,Celia Rouche,West,GTX Pro,,Engaging,2017-06-25,0.6279778588700984,189.0,82.0,2.3048780487804876,True,0.44349122100272875,"Vicki Laflamme's GTX Pro opportunity has a 63% close propensity and has spent 189 days in Engaging, above the 82-day historical norm; prioritize a next-step check before forecast review."
T4AW06MM,Anna Snelling,Dustin Brinkmann,Central,GTX Plus Pro,,Engaging,2017-07-22,0.591930797784381,162.0,80.0,2.025,True,0.44243248144015235,"Anna Snelling's GTX Plus Pro opportunity has a 59% close propensity and has spent 162 days in Engaging, above the 80-day historical norm; prioritize a next-step check before forecast review."
REO3FMSB,Corliss Cosme,Cara Losch,East,MG Advanced,Massive Dynamic,Engaging,2017-06-09,0.6259802486572268,205.0,90.0,2.2777777777777777,True,0.44241839392835813,"Corliss Cosme's MG Advanced opportunity has a 63% close propensity and has spent 205 days in Engaging, above the 90-day historical norm; prioritize a next-step check before forecast review."
Z9S1ZX7W,Daniell Hammack,Rocco Neubert,East,GTX Plus Basic,Condax,Engaging,2017-07-02,0.6048107232028344,182.0,86.0,2.116279069767442,True,0.44204744852280886,"Daniell Hammack's GTX Plus Basic opportunity has a 60% close propensity and has spent 182 days in Engaging, above the 86-day historical norm; prioritize a next-step check before forecast review."
961ED0B1,Corliss Cosme,Cara Losch,East,GTX Plus Basic,,Engaging,2017-06-19,0.6263120599438855,195.0,86.0,2.2674418604651163,True,0.4412983238271721,"Corliss Cosme's GTX Plus Basic opportunity has a 63% close propensity and has spent 195 days in Engaging, above the 86-day historical norm; prioritize a next-step check before forecast review."
513PSPBN,Anna Snelling,Dustin Brinkmann,Central,GTX Plus Pro,,Engaging,2017-07-24,0.5905085399622786,160.0,80.0,2.0,True,0.44116944902451893,"Anna Snelling's GTX Plus Pro opportunity has a 59% close propensity and has spent 160 days in Engaging, above the 80-day historical norm; prioritize a next-step check before forecast review."
24REVMX7,Rosalina Dieter,Celia Rouche,West,GTX Basic,,Engaging,2017-06-25,0.6279778588700984,189.0,83.0,2.2771084337349397,True,0.44106137968624326,"Rosalina Dieter's GTX Basic opportunity has a 63% close propensity and has spent 189 days in Engaging, above the 83-day historical norm; prioritize a next-step check before forecast review."
ZT52DT8H,Daniell Hammack,Rocco Neubert,East,MG Advanced,,Engaging,2017-06-26,0.6029046162044365,188.0,90.0,2.088888888888889,True,0.4408897772448941,"Daniell Hammack's MG Advanced opportunity has a 60% close propensity and has spent 188 days in Engaging, above the 90-day historical norm; prioritize a next-step check before forecast review."
I3KQNE9V,Darcel Schlecht,Melvin Marxen,Central,GTX Plus Pro,Isdom,Engaging,2017-07-19,0.5995610786320659,165.0,80.0,2.0625,True,0.44075404888915715,"Darcel Schlecht's GTX Plus Pro opportunity has a 60% close propensity and has spent 165 days in Engaging, above the 80-day historical norm; prioritize a next-step check before forecast review."
WTAM4BED,Cassey Cress,Rocco Neubert,East,MG Special,,Engaging,2017-06-13,0.6402937759633492,201.0,85.0,2.364705882352941,True,0.44072081032970534,"Cassey Cress's MG Special opportunity has a 64% close propensity and has spent 201 days in Engaging, above the 85-day historical norm; prioritize a next-step check before forecast review."
BJOY31DL,Violet Mclelland,Cara Losch,East,MG Special,Betasoloin,Engaging,2017-06-23,0.6244933499109014,191.0,85.0,2.2470588235294118,True,0.44069696961673754,"Violet Mclelland's MG Special opportunity has a 62% close propensity and has spent 191 days in Engaging, above the 85-day historical norm; prioritize a next-step check before forecast review."
R0XNAFUB,Zane Levy,Summer Sewald,West,GTX Basic,,Engaging,2017-07-12,0.6019298079702864,172.0,83.0,2.072289156626506,True,0.4400709260241331,"Zane Levy's GTX Basic opportunity has a 60% close propensity and has spent 172 days in Engaging, above the 83-day historical norm; prioritize a next-step check before forecast review."
E3XLWCWX,Marty Freudenburg,Melvin Marxen,Central,GTX Plus Pro,Ontomedia,Engaging,2017-07-19,0.6009375483271098,165.0,80.0,2.0625,True,0.43985934358737866,"Marty Freudenburg's GTX Plus Pro opportunity has a 60% close propensity and has spent 165 days in Engaging, above the 80-day historical norm; prioritize a next-step check before forecast review."
JB3J080M,Kary Hendrixson,Summer Sewald,West,GTX Plus Pro,,Engaging,2017-07-11,0.6005904435883033,173.0,84.0,2.0595238095238093,True,0.4398245450009362,"Kary Hendrixson's GTX Plus Pro opportunity has a 60% close propensity and has spent 173 days in Engaging, above the 84-day historical norm; prioritize a next-step check before forecast review."
BRFZCNMP,Corliss Cosme,Cara Losch,East,GTX Plus Basic,,Engaging,2017-07-06,0.6020012857052947,178.0,86.0,2.0697674418604652,True,0.4398038154543492,"Corliss Cosme's GTX Plus Basic opportunity has a 60% close propensity and has spent 178 days in Engaging, above the 86-day historical norm; prioritize a next-step check before forecast review."
OXNWRI4I,Rosalina Dieter,Celia Rouche,West,MG Special,,Engaging,2017-06-15,0.6416480525754683,199.0,84.25,2.3620178041543025,True,0.43960532368944705,"Rosalina Dieter's MG Special opportunity has a 64% close propensity and has spent 199 days in Engaging, above the 84-day historical norm; prioritize a next-step check before forecast review."
V71FMJBD,Rosie Papadopoulos,Cara Losch,East,MG Advanced,,Engaging,2017-06-28,0.6029046162044365,186.0,90.0,2.066666666666667,True,0.4389453328004497,"Rosie Papadopoulos's MG Advanced opportunity has a 60% close propensity and has spent 186 days in Engaging, above the 90-day historical norm; prioritize a next-step check before forecast review."
AWORM94L,Cassey Cress,Rocco Neubert,East,GTX Basic,,Engaging,2017-07-05,0.6019298079702864,179.0,87.0,2.057471264367816,True,0.43877436045149776,"Cassey Cress's GTX Basic opportunity has a 60% close propensity and has spent 179 days in Engaging, above the 87-day historical norm; prioritize a next-step check before forecast review."
2FNTCPOU,Vicki Laflamme,Celia Rouche,West,GTX Plus Pro,,Engaging,2017-06-25,0.6279778588700984,189.0,84.0,2.25,True,0.43868939173443605,"Vicki Laflamme's GTX Plus Pro opportunity has a 63% close propensity and has spent 189 days in Engaging, above the 84-day historical norm; prioritize a next-step check before forecast review."
O9WYT5ST,Zane Levy,Summer Sewald,West,GTX Pro,Kan-code,Engaging,2017-06-23,0.6387782616719034,191.0,82.0,2.3292682926829267,True,0.43860510552301885,"Zane Levy's GTX Pro opportunity has a 64% close propensity and has spent 191 days in Engaging, above the 82-day historical norm; prioritize a next-step check before forecast review."
3C5GNT3Q,Vicki Laflamme,Celia Rouche,West,MG Special,,Engaging,2017-06-16,0.6416480525754683,198.0,84.25,2.350148367952522,True,0.4385667480217913,"Vicki Laflamme's MG Special opportunity has a 64% close propensity and has spent 198 days in Engaging, above the 84-day historical norm; prioritize a next-step check before forecast review."
HLDA8IA1,Elease Gluck,Celia Rouche,West,MG Special,,Engaging,2017-07-02,0.6166283277648502,182.0,84.25,2.1602373887240356,True,0.4382123584662005,"Elease Gluck's MG Special opportunity has a 62% close propensity and has spent 182 days in Engaging, above the 84-day historical norm; prioritize a next-step check before forecast review."
RTWAUR7C,Gladys Colclough,Melvin Marxen,Central,GTX Plus Pro,Y-corporation,Engaging,2017-07-24,0.5950677016357471,160.0,80.0,2.0,True,0.4382059939367644,"Gladys Colclough's GTX Plus Pro opportunity has a 60% close propensity and has spent 160 days in Engaging, above the 80-day historical norm; prioritize a next-step check before forecast review."
ZU3GICE9,Maureen Marcano,Summer Sewald,West,GTX Basic,,Engaging,2017-06-15,0.6488601879596871,199.0,83.0,2.397590361445783,True,0.4380300344527094,"Maureen Marcano's GTX Basic opportunity has a 65% close propensity and has spent 199 days in Engaging, above the 83-day historical norm; prioritize a next-step check before forecast review."
JUHQ1POT,Boris Faz,Rocco Neubert,East,GTX Plus Basic,Streethex,Engaging,2017-07-01,0.6126695451540235,183.0,86.0,2.127906976744186,True,0.437956656115001,"Boris Faz's GTX Plus Basic opportunity has a 61% close propensity and has spent 183 days in Engaging, above the 86-day historical norm; prioritize a next-step check before forecast review."
8JH8YA79,Kami Bicknell,Summer Sewald,West,GTX Basic,,Engaging,2017-07-14,0.6020012857052947,170.0,83.0,2.0481927710843375,True,0.437916031761438,"Kami Bicknell's GTX Basic opportunity has a 60% close propensity and has spent 170 days in Engaging, above the 83-day historical norm; prioritize a next-step check before forecast review."
0D37PQA0,Violet Mclelland,Cara Losch,East,GTX Plus Basic,,Engaging,2017-07-08,0.6020012857052947,176.0,86.0,2.046511627906977,True,0.4377689317334189,"Violet Mclelland's GTX Plus Basic opportunity has a 60% close propensity and has spent 176 days in Engaging, above the 86-day historical norm; prioritize a next-step check before forecast review."
L1YN7LDL,Cassey Cress,Rocco Neubert,East,MG Special,Bluth Company,Engaging,2017-06-16,0.6402091583096143,198.0,85.0,2.3294117647058825,True,0.4376875765105154,"Cassey Cress's MG Special opportunity has a 64% close propensity and has spent 198 days in Engaging, above the 85-day historical norm; prioritize a next-step check before forecast review."
BBOWBQA6,Niesha Huffines,Melvin Marxen,Central,GTX Plus Pro,Blackzim,Engaging,2017-07-20,0.602928731386706,164.0,80.0,2.05,True,0.43747132459864113,"Niesha Huffines's GTX Plus Pro opportunity has a 60% close propensity and has spent 164 days in Engaging, above the 80-day historical norm; prioritize a next-step check before forecast review."
EMUG64GW,Kary Hendrixson,Summer Sewald,West,GTX Basic,,Engaging,2017-06-29,0.6276883681784375,185.0,83.0,2.2289156626506026,True,0.4370326811659433,"Kary Hendrixson's GTX Basic opportunity has a 63% close propensity and has spent 185 days in Engaging, above the 83-day historical norm; prioritize a next-step check before forecast review."
0LRVHITK,Violet Mclelland,Cara Losch,East,MG Special,,Engaging,2017-06-16,0.6416480525754683,198.0,85.0,2.3294117647058825,True,0.4367522952377103,"Violet Mclelland's MG Special opportunity has a 64% close propensity and has spent 198 days in Engaging, above the 85-day historical norm; prioritize a next-step check before forecast review."
B3A6VXVQ,Corliss Cosme,Cara Losch,East,GTX Basic,Acme Corporation,Engaging,2017-07-08,0.6005023134846921,176.0,87.0,2.0229885057471266,True,0.4366849904878237,"Corliss Cosme's GTX Basic opportunity has a 60% close propensity and has spent 176 days in Engaging, above the 87-day historical norm; prioritize a next-step check before forecast review."
GG85QBTM,Elease Gluck,Celia Rouche,West,GTK 500,Lexiqvolax,Engaging,2017-06-10,0.6276883681784375,204.0,92.0,2.217391304347826,True,0.43602429981445034,"Elease Gluck's GTK 500 opportunity has a 63% close propensity and has spent 204 days in Engaging, above the 92-day historical norm; prioritize a next-step check before forecast review."
HIV4W2E0,Kary Hendrixson,Summer Sewald,West,GTX Plus Basic,Betasoloin,Engaging,2017-07-02,0.6048107232028344,182.0,89.0,2.044943820224719,True,0.4358056141878206,"Kary Hendrixson's GTX Plus Basic opportunity has a 60% close propensity and has spent 182 days in Engaging, above the 89-day historical norm; prioritize a next-step check before forecast review."
JHCA115A,Vicki Laflamme,Celia Rouche,West,GTX Pro,Green-Plus,Engaging,2017-07-19,0.6004307452255221,165.0,82.0,2.0121951219512195,True,0.4357870887741423,"Vicki Laflamme's GTX Pro opportunity has a 60% close propensity and has spent 165 days in Engaging, above the 82-day historical norm; prioritize a next-step check before forecast review."
5653N8BM,Rosie Papadopoulos,Cara Losch,East,GTX Plus Basic,Zoomit,Engaging,2017-06-11,0.6474137813423374,203.0,86.0,2.36046511627907,True,0.4357217398018993,"Rosie Papadopoulos's GTX Plus Basic opportunity has a 65% close propensity and has spent 203 days in Engaging, above the 86-day historical norm; prioritize a next-step check before forecast review."
BJJQSJD8,Daniell Hammack,Rocco Neubert,East,GTX Plus Basic,Zotware,Engaging,2017-06-09,0.6509724430345855,205.0,86.0,2.383720930232558,True,0.43544349342286826,"Daniell Hammack's GTX Plus Basic opportunity has a 65% close propensity and has spent 205 days in Engaging, above the 86-day historical norm; prioritize a next-step check before forecast review."
U177IWW0,Maureen Marcano,Summer Sewald,West,GTX Plus Basic,,Engaging,2017-05-22,0.6673846027208606,223.0,89.0,2.50561797752809,True,0.4354415812651484,"Maureen Marcano's GTX Plus Basic opportunity has a 67% close propensity and has spent 223 days in Engaging, above the 89-day historical norm; prioritize a next-step check before forecast review."
RUFJMV3I,James Ascencio,Summer Sewald,West,MG Special,,Engaging,2017-06-20,0.6402937759633492,194.0,84.25,2.3026706231454006,True,0.4352927251490455,"James Ascencio's MG Special opportunity has a 64% close propensity and has spent 194 days in Engaging, above the 84-day historical norm; prioritize a next-step check before forecast review."
CCLIVXMG,Elease Gluck,Celia Rouche,West,GTX Pro,,Engaging,2017-07-19,0.6019298079702864,165.0,82.0,2.0121951219512195,True,0.4348126979900455,"Elease Gluck's GTX Pro opportunity has a 60% close propensity and has spent 165 days in Engaging, above the 82-day historical norm; prioritize a next-step check before forecast review."
USJWM3F3,Violet Mclelland,Cara Losch,East,GTX Basic,,Engaging,2017-07-10,0.6005904435883033,174.0,87.0,2.0,True,0.4346162116676029,"Violet Mclelland's GTX Basic opportunity has a 60% close propensity and has spent 174 days in Engaging, above the 87-day historical norm; prioritize a next-step check before forecast review."
LLQCQOCR,Kary Hendrixson,Summer Sewald,West,GTX Plus Basic,,Engaging,2017-06-19,0.6263120599438855,195.0,89.0,2.191011235955056,True,0.4346106441825418,"Kary Hendrixson's GTX Plus Basic opportunity has a 63% close propensity and has spent 195 days in Engaging, above the 89-day historical norm; prioritize a next-step check before forecast review."
3YDXZ4FA,Versie Hillebrand,Dustin Brinkmann,Central,GTX Plus Pro,,Engaging,2017-07-21,0.6057374841386253,163.0,80.0,2.0375,True,0.4345518853098936,"Versie Hillebrand's GTX Plus Pro opportunity has a 61% close propensity and has spent 163 days in Engaging, above the 80-day historical norm; prioritize a next-step check before forecast review."
1FEHFRKX,Anna Snelling,Dustin Brinkmann,Central,GTX Plus Pro,Labdrill,Engaging,2017-07-20,0.6088108128773618,164.0,80.0,2.05,True,0.4336479716297148,"Anna Snelling's GTX Plus Pro opportunity has a 61% close propensity and has spent 164 days in Engaging, above the 80-day historical norm; prioritize a next-step check before forecast review."
F3EOBN5A,Moses Frase,Dustin Brinkmann,Central,GTX Plus Pro,Genco Pura Olive Oil Company,Engaging,2017-07-20,0.6095021665377491,164.0,80.0,2.05,True,0.43319859175046305,"Moses Frase's GTX Plus Pro opportunity has a 61% close propensity and has spent 164 days in Engaging, above the 80-day historical norm; prioritize a next-step check before forecast review."
OT26ZUZ7,Daniell Hammack,Rocco Neubert,East,GTX Pro,Betatech,Engaging,2017-07-09,0.6319648993164217,175.0,79.0,2.2151898734177213,True,0.43305192936837644,"Daniell Hammack's GTX Pro opportunity has a 63% close propensity and has spent 175 days in Engaging, above the 79-day historical norm; prioritize a next-step check before forecast review."
ORM1IRQ2,Violet Mclelland,Cara Losch,East,MG Special,,Engaging,2017-07-07,0.616335401126298,177.0,85.0,2.0823529411764707,True,0.43158787162084744,"Violet Mclelland's MG Special opportunity has a 62% close propensity and has spent 177 days in Engaging, above the 85-day historical norm; prioritize a next-step check before forecast review."
10THTNLC,Zane Levy,Summer Sewald,West,GTX Plus Basic,,Engaging,2017-06-22,0.6276883681784375,192.0,89.0,2.157303370786517,True,0.4307666056278358,"Zane Levy's GTX Plus Basic opportunity has a 63% close propensity and has spent 192 days in Engaging, above the 89-day historical norm; prioritize a next-step check before forecast review."
CBQRKYZP,Marty Freudenburg,Melvin Marxen,Central,GTX Plus Pro,Silis,Engaging,2017-07-21,0.6116008728232232,163.0,80.0,2.0375,True,0.43074068266490495,"Marty Freudenburg's GTX Plus Pro opportunity has a 61% close propensity and has spent 163 days in Engaging, above the 80-day historical norm; prioritize a next-step check before forecast review."
T56J7ES7,Kami Bicknell,Summer Sewald,West,GTX Plus Basic,Nam-zim,Engaging,2017-06-09,0.6476022433987151,205.0,89.0,2.303370786516854,True,0.43060348561105993,"Kami Bicknell's GTX Plus Basic opportunity has a 65% close propensity and has spent 205 days in Engaging, above the 89-day historical norm; prioritize a next-step check before forecast review."
VHZFABAC,Daniell Hammack,Rocco Neubert,East,MG Special,,Engaging,2017-06-22,0.6416480525754683,192.0,85.0,2.2588235294117647,True,0.43057582464947497,"Daniell Hammack's MG Special opportunity has a 64% close propensity and has spent 192 days in Engaging, above the 85-day historical norm; prioritize a next-step check before forecast review."
D193SPY4,Violet Mclelland,Cara Losch,East,MG Special,Plussunin,Engaging,2017-07-08,0.616335401126298,176.0,85.0,2.070588235294118,True,0.4305584598561416,"Violet Mclelland's MG Special opportunity has a 62% close propensity and has spent 176 days in Engaging, above the 85-day historical norm; prioritize a next-step check before forecast review."
SZAMHBGA,Violet Mclelland,Cara Losch,East,MG Advanced,Nam-zim,Engaging,2017-06-28,0.6161456233288751,186.0,90.0,2.066666666666667,True,0.4303386781695645,"Violet Mclelland's MG Advanced opportunity has a 62% close propensity and has spent 186 days in Engaging, above the 90-day historical norm; prioritize a next-step check before forecast review."
HSYU33MS,Vicki Laflamme,Celia Rouche,West,MG Special,,Engaging,2017-06-24,0.6416480525754683,190.0,84.25,2.255192878338279,True,0.430258142680545,"Vicki Laflamme's MG Special opportunity has a 64% close propensity and has spent 190 days in Engaging, above the 84-day historical norm; prioritize a next-step check before forecast review."
ZD1X3R4G,Corliss Cosme,Cara Losch,East,GTX Plus Basic,,Engaging,2017-06-29,0.6276883681784375,185.0,86.0,2.1511627906976742,True,0.43022930487006206,"Corliss Cosme's GTX Plus Basic opportunity has a 63% close propensity and has spent 185 days in Engaging, above the 86-day historical norm; prioritize a next-step check before forecast review."
BMH2FEGF,Boris Faz,Rocco Neubert,East,GTX Plus Basic,,Engaging,2017-06-30,0.6276883681784375,184.0,86.0,2.13953488372093,True,0.42921186300959696,"Boris Faz's GTX Plus Basic opportunity has a 63% close propensity and has spent 184 days in Engaging, above the 86-day historical norm; prioritize a next-step check before forecast review."
ND0OV6MQ,Kary Hendrixson,Summer Sewald,West,GTX Plus Basic,,Engaging,2017-06-26,0.6263120599438855,188.0,89.0,2.1123595505617976,True,0.42772862171063175,"Kary Hendrixson's GTX Plus Basic opportunity has a 63% close propensity and has spent 188 days in Engaging, above the 89-day historical norm; prioritize a next-step check before forecast review."
S2SC8AP7,Violet Mclelland,Cara Losch,East,MG Special,,Engaging,2017-06-25,0.6419328808230664,189.0,85.0,2.223529411764706,True,0.42730245099441855,"Violet Mclelland's MG Special opportunity has a 64% close propensity and has spent 189 days in Engaging, above the 85-day historical norm; prioritize a next-step check before forecast review."
21OMR381,Corliss Cosme,Cara Losch,East,MG Special,,Engaging,2017-07-12,0.6162648567508158,172.0,85.0,2.023529411764706,True,0.42648666664138146,"Corliss Cosme's MG Special opportunity has a 62% close propensity and has spent 172 days in Engaging, above the 85-day historical norm; prioritize a next-step check before forecast review."
8BYEALF9,Vicki Laflamme,Celia Rouche,West,MG Special,,Engaging,2017-07-14,0.616335401126298,170.0,84.25,2.0178041543026706,True,0.42593985276938995,"Vicki Laflamme's MG Special opportunity has a 62% close propensity and has spent 170 days in Engaging, above the 84-day historical norm; prioritize a next-step check before forecast review."
4LOHS2AJ,Rosie Papadopoulos,Cara Losch,East,MG Special,,Engaging,2017-07-13,0.616335401126298,171.0,85.0,2.011764705882353,True,0.42541140103261216,"Rosie Papadopoulos's MG Special opportunity has a 62% close propensity and has spent 171 days in Engaging, above the 85-day historical norm; prioritize a next-step check before forecast review."
CI9S6CST,Rosalina Dieter,Celia Rouche,West,MG Special,,Engaging,2017-07-15,0.616335401126298,169.0,84.25,2.00593471810089,True,0.4249012771017342,"Rosalina Dieter's MG Special opportunity has a 62% close propensity and has spent 169 days in Engaging, above the 84-day historical norm; prioritize a next-step check before forecast review."
3T23AW36,James Ascencio,Summer Sewald,West,GTX Plus Basic,,Engaging,2017-06-30,0.6276883681784375,184.0,89.0,2.067415730337079,True,0.42290143708851,"James Ascencio's GTX Plus Basic opportunity has a 63% close propensity and has spent 184 days in Engaging, above the 89-day historical norm; prioritize a next-step check before forecast review."
AW4PSTWR,Rosie Papadopoulos,Cara Losch,East,GTX Basic,Ron-tech,Engaging,2017-06-25,0.6426395311532233,189.0,87.0,2.1724137931034484,True,0.4223705116469566,"Rosie Papadopoulos's GTX Basic opportunity has a 64% close propensity and has spent 189 days in Engaging, above the 87-day historical norm; prioritize a next-step check before forecast review."
UGB3A3CE,Maureen Marcano,Summer Sewald,West,MG Special,,Engaging,2017-07-04,0.6425358928542426,180.0,84.25,2.136498516320475,True,0.41929528982278386,"Maureen Marcano's MG Special opportunity has a 64% close propensity and has spent 180 days in Engaging, above the 84-day historical norm; prioritize a next-step check before forecast review."
54OH0061,Maureen Marcano,Summer Sewald,West,GTX Pro,,Engaging,2017-06-19,0.6764294510011951,195.0,82.0,2.3780487804878048,True,0.4184001251419061,"Maureen Marcano's GTX Pro opportunity has a 68% close propensity and has spent 195 days in Engaging, above the 82-day historical norm; prioritize a next-step check before forecast review."
81PWOUF0,Maureen Marcano,Summer Sewald,West,GTX Pro,,Engaging,2017-07-06,0.6535757162448864,178.0,82.0,2.1707317073170733,True,0.41511480883106777,"Maureen Marcano's GTX Pro opportunity has a 65% close propensity and has spent 178 days in Engaging, above the 82-day historical norm; prioritize a next-step check before forecast review."
M2A8EY5Q,Hayden Neloms,Celia Rouche,West,GTX Plus Pro,,Engaging,2017-07-16,0.6337842763163624,168.0,84.0,2.0,True,0.4130402203943645,"Hayden Neloms's GTX Plus Pro opportunity has a 63% close propensity and has spent 168 days in Engaging, above the 84-day historical norm; prioritize a next-step check before forecast review."
WA4TPQ5U,Maureen Marcano,Summer Sewald,West,GTX Plus Basic,Zoomit,Engaging,2017-06-13,0.6760783076932703,201.0,89.0,2.258426966292135,True,0.4081614595499361,"Maureen Marcano's GTX Plus Basic opportunity has a 68% close propensity and has spent 201 days in Engaging, above the 89-day historical norm; prioritize a next-step check before forecast review."
0T2CY70E,Lajuana Vencill,Dustin Brinkmann,Central,MG Advanced,,Engaging,2017-07-22,0.44914054103291706,162.0,84.0,1.9285714285714286,False,0.526808648328604,"Lajuana Vencill's MG Advanced opportunity has a 45% close propensity and has spent 162 days in Engaging, near the 84-day historical norm; prioritize a next-step check before forecast review."
YCQTM2BQ,Lajuana Vencill,Dustin Brinkmann,Central,MG Advanced,,Engaging,2017-07-25,0.4522061742335252,159.0,84.0,1.8928571428571428,False,0.5216909867482086,"Lajuana Vencill's MG Advanced opportunity has a 45% close propensity and has spent 159 days in Engaging, near the 84-day historical norm; prioritize a next-step check before forecast review."
KPH05GU8,Lajuana Vencill,Dustin Brinkmann,Central,MG Advanced,The New York Inquirer,Engaging,2017-07-26,0.4522061742335252,158.0,84.0,1.880952380952381,False,0.520649320081542,"Lajuana Vencill's MG Advanced opportunity has a 45% close propensity and has spent 158 days in Engaging, near the 84-day historical norm; prioritize a next-step check before forecast review."
VBB0LCEN,Lajuana Vencill,Dustin Brinkmann,Central,MG Advanced,,Engaging,2017-07-26,0.4522061742335252,158.0,84.0,1.880952380952381,False,0.520649320081542,"Lajuana Vencill's MG Advanced opportunity has a 45% close propensity and has spent 158 days in Engaging, near the 84-day historical norm; prioritize a next-step check before forecast review."
JH643YRI,Lajuana Vencill,Dustin Brinkmann,Central,MG Advanced,Umbrella Corporation,Engaging,2017-07-25,0.4561666017495959,159.0,84.0,1.8928571428571428,False,0.5191167088627627,"Lajuana Vencill's MG Advanced opportunity has a 46% close propensity and has spent 159 days in Engaging, near the 84-day historical norm; prioritize a next-step check before forecast review."
EMH2I8XE,Lajuana Vencill,Dustin Brinkmann,Central,MG Advanced,Acme Corporation,Engaging,2017-07-31,0.4522061742335252,153.0,84.0,1.8214285714285714,False,0.5154409867482086,"Lajuana Vencill's MG Advanced opportunity has a 45% close propensity and has spent 153 days in Engaging, near the 84-day historical norm; prioritize a next-step check before forecast review."
UBO7V799,Lajuana Vencill,Dustin Brinkmann,Central,MG Advanced,,Engaging,2017-07-31,0.4522061742335252,153.0,84.0,1.8214285714285714,False,0.5154409867482086,"Lajuana Vencill's MG Advanced opportunity has a 45% close propensity and has spent 153 days in Engaging, near the 84-day historical norm; prioritize a next-step check before forecast review."
OD895EQM,Lajuana Vencill,Dustin Brinkmann,Central,GTX Plus Pro,,Engaging,2017-07-26,0.47818161753274196,158.0,80.0,1.975,False,0.5119944486037177,"Lajuana Vencill's GTX Plus Pro opportunity has a 48% close propensity and has spent 158 days in Engaging, near the 80-day historical norm; prioritize a next-step check before forecast review."
LDQITW5C,Lajuana Vencill,Dustin Brinkmann,Central,MG Advanced,Acme Corporation,Engaging,2017-08-03,0.45580055830852767,150.0,84.0,1.7857142857142858,False,0.509979637099457,"Lajuana Vencill's MG Advanced opportunity has a 46% close propensity and has spent 150 days in Engaging, near the 84-day historical norm; prioritize a next-step check before forecast review."
PDMZ1I99,Lajuana Vencill,Dustin Brinkmann,Central,MG Advanced,Globex Corporation,Engaging,2017-08-06,0.45627001598680617,147.0,84.0,1.75,False,0.506549489608576,"Lajuana Vencill's MG Advanced opportunity has a 46% close propensity and has spent 147 days in Engaging, near the 84-day historical norm; prioritize a next-step check before forecast review."
LORMJLTE,Lajuana Vencill,Dustin Brinkmann,Central,GTX Plus Basic,Konmatfix,Engaging,2017-07-19,0.48089540259330543,165.0,87.0,1.896551724137931,False,0.5033662641764205,"Lajuana Vencill's GTX Plus Basic opportunity has a 48% close propensity and has spent 165 days in Engaging, near the 87-day historical norm; prioritize a next-step check before forecast review."
I2ESAAIK,Lajuana Vencill,Dustin Brinkmann,Central,GTX Plus Basic,,Engaging,2017-07-22,0.4777884539162932,162.0,87.0,1.8620689655172413,False,0.5023685394371681,"Lajuana Vencill's GTX Plus Basic opportunity has a 48% close propensity and has spent 162 days in Engaging, near the 87-day historical norm; prioritize a next-step check before forecast review."
HIVUC1C4,Lajuana Vencill,Dustin Brinkmann,Central,MG Special,,Engaging,2017-07-19,0.48860834824748933,165.0,85.0,1.9411764705882353,False,0.5022575148156025,"Lajuana Vencill's MG Special opportunity has a 49% close propensity and has spent 165 days in Engaging, near the 85-day historical norm; prioritize a next-step check before forecast review."
VJ9K12PY,Lajuana Vencill,Dustin Brinkmann,Central,MG Special,,Engaging,2017-07-21,0.4882146325574511,163.0,85.0,1.9176470588235295,False,0.5004546064847156,"Lajuana Vencill's MG Special opportunity has a 49% close propensity and has spent 163 days in Engaging, near the 85-day historical norm; prioritize a next-step check before forecast review."
7W9S4DCZ,Lajuana Vencill,Dustin Brinkmann,Central,MG Special,Dalttechnology,Engaging,2017-07-28,0.4817262124006619,156.0,85.0,1.8352941176470587,False,0.49746619723368746,"Lajuana Vencill's MG Special opportunity has a 48% close propensity and has spent 156 days in Engaging, near the 85-day historical norm; prioritize a next-step check before forecast review."
EZDMNAK8,Lajuana Vencill,Dustin Brinkmann,Central,MG Advanced,Plussunin,Engaging,2017-08-14,0.45887378239889787,139.0,84.0,1.6547619047619047,False,0.49652370810738305,"Lajuana Vencill's MG Advanced opportunity has a 46% close propensity and has spent 139 days in Engaging, near the 84-day historical norm; prioritize a next-step check before forecast review."
2CZUU9E0,Lajuana Vencill,Dustin Brinkmann,Central,GTX Basic,,Engaging,2017-07-22,0.4777884539162932,162.0,90.25,1.7950138504155124,False,0.49650121686576676,"Lajuana Vencill's GTX Basic opportunity has a 48% close propensity and has spent 162 days in Engaging, near the 90-day historical norm; prioritize a next-step check before forecast review."
E3Z74U5K,Lajuana Vencill,Dustin Brinkmann,Central,GTX Basic,,Engaging,2017-07-24,0.4767878023845447,160.0,90.25,1.7728531855955678,False,0.49521258218965813,"Lajuana Vencill's GTX Basic opportunity has a 48% close propensity and has spent 160 days in Engaging, near the 90-day historical norm; prioritize a next-step check before forecast review."
HHWZEWDV,Lajuana Vencill,Dustin Brinkmann,Central,GTX Plus Basic,,Engaging,2017-07-31,0.4767878023845447,153.0,87.0,1.7586206896551724,False,0.4939672387948736,"Lajuana Vencill's GTX Plus Basic opportunity has a 48% close propensity and has spent 153 days in Engaging, near the 87-day historical norm; prioritize a next-step check before forecast review."
K6MTPSB5,Lajuana Vencill,Dustin Brinkmann,Central,GTX Basic,,Engaging,2017-07-23,0.4825287384589334,161.0,90.25,1.7839335180055402,False,0.49245050282717806,"Lajuana Vencill's GTX Basic opportunity has a 48% close propensity and has spent 161 days in Engaging, near the 90-day historical norm; prioritize a next-step check before forecast review."
D2QPN9LN,Lajuana Vencill,Dustin Brinkmann,Central,GTX Basic,,Engaging,2017-07-23,0.4825287384589334,161.0,90.25,1.7839335180055402,False,0.49245050282717806,"Lajuana Vencill's GTX Basic opportunity has a 48% close propensity and has spent 161 days in Engaging, near the 90-day historical norm; prioritize a next-step check before forecast review."
XV41LZYE,Lajuana Vencill,Dustin Brinkmann,Central,GTX Basic,,Engaging,2017-07-28,0.4777884539162932,156.0,90.25,1.7285318559556786,False,0.4906840423505313,"Lajuana Vencill's GTX Basic opportunity has a 48% close propensity and has spent 156 days in Engaging, near the 90-day historical norm; prioritize a next-step check before forecast review."
0RI2I8ZL,Lajuana Vencill,Dustin Brinkmann,Central,GTX Basic,,Engaging,2017-07-28,0.4777884539162932,156.0,90.25,1.7285318559556786,False,0.4906840423505313,"Lajuana Vencill's GTX Basic opportunity has a 48% close propensity and has spent 156 days in Engaging, near the 90-day historical norm; prioritize a next-step check before forecast review."
SPMQ0BHA,Lajuana Vencill,Dustin Brinkmann,Central,GTX Basic,,Engaging,2017-07-29,0.4777884539162932,155.0,90.25,1.7174515235457064,False,0.48971451326465876,"Lajuana Vencill's GTX Basic opportunity has a 48% close propensity and has spent 155 days in Engaging, near the 90-day historical norm; prioritize a next-step check before forecast review."
5W29OCB8,Lajuana Vencill,Dustin Brinkmann,Central,MG Special,Bioholding,Engaging,2017-07-30,0.4906552687440009,154.0,85.0,1.811764705882353,False,0.4896034870811053,"Lajuana Vencill's MG Special opportunity has a 49% close propensity and has spent 154 days in Engaging, near the 85-day historical norm; prioritize a next-step check before forecast review."
WU81R3XH,Lajuana Vencill,Dustin Brinkmann,Central,GTX Basic,,Engaging,2017-07-31,0.4767878023845447,153.0,90.25,1.6952908587257618,False,0.48842587858855013,"Lajuana Vencill's GTX Basic opportunity has a 48% close propensity and has spent 153 days in Engaging, near the 90-day historical norm; prioritize a next-step check before forecast review."
GZ6SFRAT,Lajuana Vencill,Dustin Brinkmann,Central,MG Special,Hottechi,Engaging,2017-07-25,0.5029474728893382,159.0,85.0,1.8705882352941177,False,0.4867606132101655,"Lajuana Vencill's MG Special opportunity has a 50% close propensity and has spent 159 days in Engaging, near the 85-day historical norm; prioritize a next-step check before forecast review."
UHIIYU2J,Lajuana Vencill,Dustin Brinkmann,Central,GTX Basic,,Engaging,2017-07-30,0.4825287384589334,154.0,90.25,1.706371191135734,False,0.48566379922607,"Lajuana Vencill's GTX Basic opportunity has a 48% close propensity and has spent 154 days in Engaging, near the 90-day historical norm; prioritize a next-step check before forecast review."
ERTQ4SN3,Lajuana Vencill,Dustin Brinkmann,Central,MG Special,Zumgoity,Engaging,2017-07-29,0.49995460380832085,155.0,85.0,1.8235294117647058,False,0.4845883310540032,"Lajuana Vencill's MG Special opportunity has a 50% close propensity and has spent 155 days in Engaging, near the 85-day historical norm; prioritize a next-step check before forecast review."
YE7F777U,Lajuana Vencill,Dustin Brinkmann,Central,GTX Basic,,Engaging,2017-08-01,0.49076860168477876,152.0,90.25,1.6842105263157894,False,0.4783688299575254,"Lajuana Vencill's GTX Basic opportunity has a 49% close propensity and has spent 152 days in Engaging, near the 90-day historical norm; prioritize a next-step check before forecast review."
3BA9OPGY,Lajuana Vencill,Dustin Brinkmann,Central,MG Special,,Engaging,2017-08-03,0.5022088824876811,150.0,85.0,1.7647058823529411,False,0.47797599108888955,"Lajuana Vencill's MG Special opportunity has a 50% close propensity and has spent 150 days in Engaging, near the 85-day historical norm; prioritize a next-step check before forecast review."
V3G1HBTZ,Lajuana Vencill,Dustin Brinkmann,Central,GTX Basic,Nam-zim,Engaging,2017-07-28,0.4974287026449185,156.0,90.25,1.7285318559556786,False,0.47791788067692487,"Lajuana Vencill's GTX Basic opportunity has a 50% close propensity and has spent 156 days in Engaging, near the 90-day historical norm; prioritize a next-step check before forecast review."
CPOA6FVA,Lajuana Vencill,Dustin Brinkmann,Central,GTX Basic,,Engaging,2017-08-04,0.491771016453656,149.0,90.25,1.6509695290858726,False,0.4748086731001375,"Lajuana Vencill's GTX Basic opportunity has a 49% close propensity and has spent 149 days in Engaging, near the 90-day historical norm; prioritize a next-step check before forecast review."
2KWJIZX6,Lajuana Vencill,Dustin Brinkmann,Central,GTX Plus Basic,,Engaging,2017-08-10,0.491771016453656,143.0,87.0,1.6436781609195403,False,0.4741706783855834,"Lajuana Vencill's GTX Plus Basic opportunity has a 49% close propensity and has spent 143 days in Engaging, near the 87-day historical norm; prioritize a next-step check before forecast review."
FS60AX8A,Lajuana Vencill,Dustin Brinkmann,Central,GTX Basic,,Engaging,2017-08-08,0.49076860168477876,145.0,90.25,1.6066481994459834,False,0.47158212635641733,"Lajuana Vencill's GTX Basic opportunity has a 49% close propensity and has spent 145 days in Engaging, near the 90-day historical norm; prioritize a next-step check before forecast review."
EVXPG3V5,Lajuana Vencill,Dustin Brinkmann,Central,GTX Basic,The New York Inquirer,Engaging,2017-08-09,0.4906022359867199,144.0,90.25,1.5955678670360112,False,0.470720734974283,"Lajuana Vencill's GTX Basic opportunity has a 49% close propensity and has spent 144 days in Engaging, near the 90-day historical norm; prioritize a next-step check before forecast review."
XGHMOHYQ,Lajuana Vencill,Dustin Brinkmann,Central,GTX Basic,,Engaging,2017-08-15,0.49076860168477876,138.0,90.25,1.5290858725761773,False,0.4647954227553093,"Lajuana Vencill's GTX Basic opportunity has a 49% close propensity and has spent 138 days in Engaging, near the 90-day historical norm; prioritize a next-step check before forecast review."
DFSFEADV,Lajuana Vencill,Dustin Brinkmann,Central,GTX Basic,,Engaging,2017-08-13,0.49651812644130233,140.0,90.25,1.551246537396122,False,0.4629972898353142,"Lajuana Vencill's GTX Basic opportunity has a 50% close propensity and has spent 140 days in Engaging, near the 90-day historical norm; prioritize a next-step check before forecast review."
G7H64S20,Anna Snelling,Dustin Brinkmann,Central,MG Advanced,,Engaging,2017-07-23,0.5602887019344404,161.0,84.0,1.9166666666666667,False,0.4535206770759471,"Anna Snelling's MG Advanced opportunity has a 56% close propensity and has spent 161 days in Engaging, near the 84-day historical norm; prioritize a next-step check before forecast review."
E9J482PX,Anna Snelling,Dustin Brinkmann,Central,MG Advanced,,Engaging,2017-07-22,0.5638282983447674,162.0,84.0,1.9285714285714286,False,0.45226160607590116,"Anna Snelling's MG Advanced opportunity has a 56% close propensity and has spent 162 days in Engaging, near the 84-day historical norm; prioritize a next-step check before forecast review."
EFKPYBI9,Gladys Colclough,Melvin Marxen,Central,MG Advanced,Xx-holding,Engaging,2017-07-26,0.5595046187790963,158.0,84.0,1.880952380952381,False,0.45090533112692077,"Gladys Colclough's MG Advanced opportunity has a 56% close propensity and has spent 158 days in Engaging, near the 84-day historical norm; prioritize a next-step check before forecast review."
COSC7XVA,Gladys Colclough,Melvin Marxen,Central,MG Advanced,,Engaging,2017-07-21,0.5690305036144638,163.0,84.0,1.9404761904761905,False,0.44992183931726515,"Gladys Colclough's MG Advanced opportunity has a 57% close propensity and has spent 163 days in Engaging, near the 84-day historical norm; prioritize a next-step check before forecast review."
E2KGQVEO,Daniell Hammack,Rocco Neubert,East,MG Advanced,,Engaging,2017-07-06,0.5740933051847464,178.0,90.0,1.9777777777777779,False,0.4498949071854703,"Daniell Hammack's MG Advanced opportunity has a 57% close propensity and has spent 178 days in Engaging, near the 90-day historical norm; prioritize a next-step check before forecast review."
K7056XS7,Rosie Papadopoulos,Cara Losch,East,MG Advanced,Kinnamplus,Engaging,2017-07-05,0.5766608556248936,179.0,90.0,1.988888888888889,False,0.449198221621597,"Rosie Papadopoulos's MG Advanced opportunity has a 58% close propensity and has spent 179 days in Engaging, near the 90-day historical norm; prioritize a next-step check before forecast review."
MLD3WEJC,Moses Frase,Dustin Brinkmann,Central,MG Advanced,Xx-holding,Engaging,2017-07-25,0.5658063626125247,159.0,84.0,1.8928571428571428,False,0.44785086430185894,"Moses Frase's MG Advanced opportunity has a 57% close propensity and has spent 159 days in Engaging, near the 84-day historical norm; prioritize a next-step check before forecast review."
4DLY9ZDH,Anna Snelling,Dustin Brinkmann,Central,MG Advanced,Dalttechnology,Engaging,2017-07-25,0.5664109938411662,159.0,84.0,1.8928571428571428,False,0.447457854003242,"Anna Snelling's MG Advanced opportunity has a 57% close propensity and has spent 159 days in Engaging, near the 84-day historical norm; prioritize a next-step check before forecast review."
7LD79NYD,Marty Freudenburg,Melvin Marxen,Central,MG Advanced,,Engaging,2017-07-19,0.5760745005491534,165.0,84.0,1.9642857142857142,False,0.44742657464305025,"Marty Freudenburg's MG Advanced opportunity has a 58% close propensity and has spent 165 days in Engaging, near the 84-day historical norm; prioritize a next-step check before forecast review."
4OYGRQGO,Kami Bicknell,Summer Sewald,West,MG Advanced,,Engaging,2017-07-29,0.5740933051847464,155.0,80.0,1.9375,False,0.4463706016299148,"Kami Bicknell's MG Advanced opportunity has a 57% close propensity and has spent 155 days in Engaging, near the 80-day historical norm; prioritize a next-step check before forecast review."
X9HFP474,Daniell Hammack,Rocco Neubert,East,GTX Basic,Dontechi,Engaging,2017-07-12,0.5805825908543885,172.0,87.0,1.9770114942528736,False,0.44560982169177393,"Daniell Hammack's GTX Basic opportunity has a 58% close propensity and has spent 172 days in Engaging, near the 87-day historical norm; prioritize a next-step check before forecast review."
B1ZN2CFP,Anna Snelling,Dustin Brinkmann,Central,MG Advanced,,Engaging,2017-07-29,0.5638282983447674,155.0,84.0,1.8452380952380953,False,0.44496993940923446,"Anna Snelling's MG Advanced opportunity has a 56% close propensity and has spent 155 days in Engaging, near the 84-day historical norm; prioritize a next-step check before forecast review."
LXS3Z82E,Niesha Huffines,Melvin Marxen,Central,MG Advanced,,Engaging,2017-07-23,0.573809038915403,161.0,84.0,1.9166666666666667,False,0.4447324580383214,"Niesha Huffines's MG Advanced opportunity has a 57% close propensity and has spent 161 days in Engaging, near the 84-day historical norm; prioritize a next-step check before forecast review."
82K9NWKO,Gladys Colclough,Melvin Marxen,Central,MG Advanced,,Engaging,2017-07-27,0.5690305036144638,157.0,84.0,1.869047619047619,False,0.44367183931726517,"Gladys Colclough's MG Advanced opportunity has a 57% close propensity and has spent 157 days in Engaging, near the 84-day historical norm; prioritize a next-step check before forecast review."
8AK3KGFA,Gladys Colclough,Melvin Marxen,Central,MG Advanced,,Engaging,2017-07-25,0.5722373250142446,159.0,84.0,1.8928571428571428,False,0.44367073874074103,"Gladys Colclough's MG Advanced opportunity has a 57% close propensity and has spent 159 days in Engaging, near the 84-day historical norm; prioritize a next-step check before forecast review."
TTKPNDTP,Versie Hillebrand,Dustin Brinkmann,Central,MG Advanced,,Engaging,2017-07-22,0.5779077983154282,162.0,84.0,1.9285714285714286,False,0.44310993109497165,"Versie Hillebrand's MG Advanced opportunity has a 58% close propensity and has spent 162 days in Engaging, near the 84-day historical norm; prioritize a next-step check before forecast review."
VV6T07G4,Darcel Schlecht,Melvin Marxen,Central,MG Advanced,,Engaging,2017-07-24,0.5760745005491534,160.0,84.0,1.9047619047619047,False,0.442218241309717,"Darcel Schlecht's MG Advanced opportunity has a 58% close propensity and has spent 160 days in Engaging, near the 84-day historical norm; prioritize a next-step check before forecast review."
WLDFQR7Z,Darcel Schlecht,Melvin Marxen,Central,MG Advanced,Bubba Gump,Engaging,2017-07-21,0.5809834226654599,163.0,84.0,1.9404761904761905,False,0.44215244193411773,"Darcel Schlecht's MG Advanced opportunity has a 58% close propensity and has spent 163 days in Engaging, near the 84-day historical norm; prioritize a next-step check before forecast review."
R69OYH4Z,Vicki Laflamme,Celia Rouche,West,GTX Pro,Umbrella Corporation,Engaging,2017-07-21,0.5887148355417244,163.0,82.0,1.9878048780487805,False,0.44126828372714744,"Vicki Laflamme's GTX Pro opportunity has a 59% close propensity and has spent 163 days in Engaging, near the 82-day historical norm; prioritize a next-step check before forecast review."
XFCKQ7RI,Darcel Schlecht,Melvin Marxen,Central,MG Advanced,,Engaging,2017-07-25,0.5760745005491534,159.0,84.0,1.8928571428571428,False,0.44117657464305027,"Darcel Schlecht's MG Advanced opportunity has a 58% close propensity and has spent 159 days in Engaging, near the 84-day historical norm; prioritize a next-step check before forecast review."
8TD2LLOF,Darcel Schlecht,Melvin Marxen,Central,MG Advanced,,Engaging,2017-07-26,0.5760745005491534,158.0,84.0,1.880952380952381,False,0.44013490797638366,"Darcel Schlecht's MG Advanced opportunity has a 58% close propensity and has spent 158 days in Engaging, near the 84-day historical norm; prioritize a next-step check before forecast review."
PNISVWNN,Darcel Schlecht,Melvin Marxen,Central,MG Advanced,Scotfind,Engaging,2017-07-21,0.584454021797795,163.0,84.0,1.9404761904761905,False,0.4398965524980999,"Darcel Schlecht's MG Advanced opportunity has a 58% close propensity and has spent 163 days in Engaging, near the 84-day historical norm; prioritize a next-step check before forecast review."
JOLNKYNH,Moses Frase,Dustin Brinkmann,Central,MG Advanced,,Engaging,2017-07-22,0.5832752335269921,162.0,84.0,1.9285714285714286,False,0.4396210982074551,"Moses Frase's MG Advanced opportunity has a 58% close propensity and has spent 162 days in Engaging, near the 84-day historical norm; prioritize a next-step check before forecast review."
TV2M081C,Moses Frase,Dustin Brinkmann,Central,MG Advanced,,Engaging,2017-07-22,0.5832752335269921,162.0,84.0,1.9285714285714286,False,0.4396210982074551,"Moses Frase's MG Advanced opportunity has a 58% close propensity and has spent 162 days in Engaging, near the 84-day historical norm; prioritize a next-step check before forecast review."
SJGOQMLT,Moses Frase,Dustin Brinkmann,Central,MG Advanced,,Engaging,2017-07-22,0.5832752335269921,162.0,84.0,1.9285714285714286,False,0.4396210982074551,"Moses Frase's MG Advanced opportunity has a 58% close propensity and has spent 162 days in Engaging, near the 84-day historical norm; prioritize a next-step check before forecast review."
SZS2IPM3,Versie Hillebrand,Dustin Brinkmann,Central,MG Advanced,Doncon,Engaging,2017-07-24,0.5804691577256726,160.0,84.0,1.9047619047619047,False,0.4393617141449795,"Versie Hillebrand's MG Advanced opportunity has a 58% close propensity and has spent 160 days in Engaging, near the 84-day historical norm; prioritize a next-step check before forecast review."
O8C2G4G2,Cassey Cress,Rocco Neubert,East,MG Advanced,,Engaging,2017-07-17,0.5766608556248936,167.0,90.0,1.8555555555555556,False,0.43753155495493035,"Cassey Cress's MG Advanced opportunity has a 58% close propensity and has spent 167 days in Engaging, near the 90-day historical norm; prioritize a next-step check before forecast review."
WOO9JXOQ,Gladys Colclough,Melvin Marxen,Central,MG Advanced,Sumace,Engaging,2017-07-31,0.5722373250142446,153.0,84.0,1.8214285714285714,False,0.437420738740741,"Gladys Colclough's MG Advanced opportunity has a 57% close propensity and has spent 153 days in Engaging, near the 84-day historical norm; prioritize a next-step check before forecast review."
RN7M3757,Versie Hillebrand,Dustin Brinkmann,Central,MG Advanced,,Engaging,2017-07-30,0.5743962124581684,154.0,84.0,1.8333333333333333,False,0.4370591285688572,"Versie Hillebrand's MG Advanced opportunity has a 57% close propensity and has spent 154 days in Engaging, near the 84-day historical norm; prioritize a next-step check before forecast review."
N9GIC5PC,Anna Snelling,Dustin Brinkmann,Central,GTX Plus Pro,,Engaging,2017-07-27,0.591930797784381,157.0,80.0,1.9625,False,0.4369637314401524,"Anna Snelling's GTX Plus Pro opportunity has a 59% close propensity and has spent 157 days in Engaging, near the 80-day historical norm; prioritize a next-step check before forecast review."
1T5WFCEJ,Anna Snelling,Dustin Brinkmann,Central,GTX Plus Pro,,Engaging,2017-07-27,0.591930797784381,157.0,80.0,1.9625,False,0.4369637314401524,"Anna Snelling's GTX Plus Pro opportunity has a 59% close propensity and has spent 157 days in Engaging, near the 80-day historical norm; prioritize a next-step check before forecast review."
0KRVN3V5,Anna Snelling,Dustin Brinkmann,Central,MG Advanced,Hatfan,Engaging,2017-07-21,0.5899673595856422,163.0,84.0,1.9404761904761905,False,0.43631288293599924,"Anna Snelling's MG Advanced opportunity has a 59% close propensity and has spent 163 days in Engaging, near the 84-day historical norm; prioritize a next-step check before forecast review."
R7H0M07R,Darcel Schlecht,Melvin Marxen,Central,MG Advanced,,Engaging,2017-07-27,0.5809834226654599,157.0,84.0,1.869047619047619,False,0.43590244193411776,"Darcel Schlecht's MG Advanced opportunity has a 58% close propensity and has spent 157 days in Engaging, near the 84-day historical norm; prioritize a next-step check before forecast review."
JQ5AOYQ8,Darcel Schlecht,Melvin Marxen,Central,MG Advanced,,Engaging,2017-07-27,0.5809834226654599,157.0,84.0,1.869047619047619,False,0.43590244193411776,"Darcel Schlecht's MG Advanced opportunity has a 58% close propensity and has spent 157 days in Engaging, near the 84-day historical norm; prioritize a next-step check before forecast review."
DMG5EOFC,Violet Mclelland,Cara Losch,East,MG Advanced,Lexiqvolax,Engaging,2017-07-19,0.5766608556248936,165.0,90.0,1.8333333333333333,False,0.4355871105104859,"Violet Mclelland's MG Advanced opportunity has a 58% close propensity and has spent 165 days in Engaging, near the 90-day historical norm; prioritize a next-step check before forecast review."
0TC6I9SJ,Darcel Schlecht,Melvin Marxen,Central,GTX Pro,Dontechi,Engaging,2017-07-24,0.5835689253177971,160.0,85.0,1.8823529411764706,False,0.4353860808963731,"Darcel Schlecht's GTX Pro opportunity has a 58% close propensity and has spent 160 days in Engaging, near the 85-day historical norm; prioritize a next-step check before forecast review."
T0TDA2O1,Anna Snelling,Dustin Brinkmann,Central,GTX Plus Pro,,Engaging,2017-07-29,0.591930797784381,155.0,80.0,1.9375,False,0.4347762314401524,"Anna Snelling's GTX Plus Pro opportunity has a 59% close propensity and has spent 155 days in Engaging, near the 80-day historical norm; prioritize a next-step check before forecast review."
CMW6IQJI,Niesha Huffines,Melvin Marxen,Central,MG Advanced,Faxquote,Engaging,2017-07-25,0.587063067779272,159.0,84.0,1.8928571428571428,False,0.4340340059434732,"Niesha Huffines's MG Advanced opportunity has a 59% close propensity and has spent 159 days in Engaging, near the 84-day historical norm; prioritize a next-step check before forecast review."
P3K1DVYB,Moses Frase,Dustin Brinkmann,Central,MG Advanced,,Engaging,2017-07-26,0.5858273648135385,158.0,84.0,1.880952380952381,False,0.4337955462045333,"Moses Frase's MG Advanced opportunity has a 59% close propensity and has spent 158 days in Engaging, near the 84-day historical norm; prioritize a next-step check before forecast review."
BB1PRS3T,Moses Frase,Dustin Brinkmann,Central,MG Advanced,,Engaging,2017-07-26,0.5858273648135385,158.0,84.0,1.880952380952381,False,0.4337955462045333,"Moses Frase's MG Advanced opportunity has a 59% close propensity and has spent 158 days in Engaging, near the 84-day historical norm; prioritize a next-step check before forecast review."
7A3R2M9T,Vicki Laflamme,Celia Rouche,West,GTX Plus Pro,Sonron,Engaging,2017-07-17,0.6005904435883033,167.0,84.0,1.9880952380952381,False,0.43357454500093623,"Vicki Laflamme's GTX Plus Pro opportunity has a 60% close propensity and has spent 167 days in Engaging, near the 84-day historical norm; prioritize a next-step check before forecast review."
ZC987DAQ,Markita Hansen,Celia Rouche,West,MG Advanced,,Engaging,2017-08-07,0.5793907304512417,146.0,80.0,1.825,False,0.4330835252066929,"Markita Hansen's MG Advanced opportunity has a 58% close propensity and has spent 146 days in Engaging, near the 80-day historical norm; prioritize a next-step check before forecast review."
AZN2K0V9,Anna Snelling,Dustin Brinkmann,Central,MG Advanced,Ganjaflex,Engaging,2017-08-03,0.5742547507293814,150.0,84.0,1.7857142857142858,False,0.4329844120259021,"Anna Snelling's MG Advanced opportunity has a 57% close propensity and has spent 150 days in Engaging, near the 84-day historical norm; prioritize a next-step check before forecast review."
S0Z4QVL2,Vicki Laflamme,Celia Rouche,West,GTX Pro,,Engaging,2017-07-21,0.6020012857052947,163.0,82.0,1.9878048780487805,False,0.4326320911208268,"Vicki Laflamme's GTX Pro opportunity has a 60% close propensity and has spent 163 days in Engaging, near the 82-day historical norm; prioritize a next-step check before forecast review."
R6OZIG5J,Darcel Schlecht,Melvin Marxen,Central,MG Advanced,,Engaging,2017-07-30,0.5812850036755276,154.0,84.0,1.8333333333333333,False,0.43258141427757374,"Darcel Schlecht's MG Advanced opportunity has a 58% close propensity and has spent 154 days in Engaging, near the 84-day historical norm; prioritize a next-step check before forecast review."
DVT7NPEH,Darcel Schlecht,Melvin Marxen,Central,MG Advanced,,Engaging,2017-07-30,0.5812850036755276,154.0,84.0,1.8333333333333333,False,0.43258141427757374,"Darcel Schlecht's MG Advanced opportunity has a 58% close propensity and has spent 154 days in Engaging, near the 84-day historical norm; prioritize a next-step check before forecast review."
18YA4UUP,Versie Hillebrand,Dustin Brinkmann,Central,GTX Plus Pro,Xx-zobam,Engaging,2017-07-27,0.5988896156428059,157.0,80.0,1.9625,False,0.4324404998321762,"Versie Hillebrand's GTX Plus Pro opportunity has a 60% close propensity and has spent 157 days in Engaging, near the 80-day historical norm; prioritize a next-step check before forecast review."
9C3YHNBY,Gladys Colclough,Melvin Marxen,Central,MG Advanced,,Engaging,2017-08-01,0.5788047430286029,152.0,84.0,1.8095238095238095,False,0.4321102503647415,"Gladys Colclough's MG Advanced opportunity has a 58% close propensity and has spent 152 days in Engaging, near the 84-day historical norm; prioritize a next-step check before forecast review."
33BMGHPN,Gladys Colclough,Melvin Marxen,Central,MG Special,Opentech,Engaging,2017-07-22,0.5918152085087028,162.0,85.0,1.9058823529411764,False,0.4320848203516961,"Gladys Colclough's MG Special opportunity has a 59% close propensity and has spent 162 days in Engaging, near the 85-day historical norm; prioritize a next-step check before forecast review."
RV5Y8DRY,Marty Freudenburg,Melvin Marxen,Central,GTX Plus Pro,,Engaging,2017-07-25,0.6030166800783741,159.0,80.0,1.9875,False,0.43194540794905684,"Marty Freudenburg's GTX Plus Pro opportunity has a 60% close propensity and has spent 159 days in Engaging, near the 80-day historical norm; prioritize a next-step check before forecast review."
DZQW0KQ4,Markita Hansen,Celia Rouche,West,GTX Plus Pro,,Engaging,2017-07-31,0.5807478864762247,153.0,84.0,1.8214285714285714,False,0.431888873790454,"Markita Hansen's GTX Plus Pro opportunity has a 58% close propensity and has spent 153 days in Engaging, near the 84-day historical norm; prioritize a next-step check before forecast review."
G7RZTAMV,Gladys Colclough,Melvin Marxen,Central,GTX Plus Pro,,Engaging,2017-07-27,0.6000472612235097,157.0,80.0,1.9625,False,0.4316880302047187,"Gladys Colclough's GTX Plus Pro opportunity has a 60% close propensity and has spent 157 days in Engaging, near the 80-day historical norm; prioritize a next-step check before forecast review."
ISQJD695,Boris Faz,Rocco Neubert,East,GTX Basic,Sunnamplex,Engaging,2017-07-16,0.596691569898153,168.0,87.0,1.9310344827586208,False,0.4311159968075799,"Boris Faz's GTX Basic opportunity has a 60% close propensity and has spent 168 days in Engaging, near the 87-day historical norm; prioritize a next-step check before forecast review."
11LIZUQE,Cassey Cress,Rocco Neubert,East,MG Advanced,,Engaging,2017-07-24,0.5766608556248936,160.0,90.0,1.7777777777777777,False,0.4307259993993747,"Cassey Cress's MG Advanced opportunity has a 58% close propensity and has spent 160 days in Engaging, near the 90-day historical norm; prioritize a next-step check before forecast review."
HI9S2MRZ,Elease Gluck,Celia Rouche,West,GTX Plus Basic,,Engaging,2017-07-09,0.6022980945413149,175.0,89.0,1.9662921348314606,False,0.4305568003458981,"Elease Gluck's GTX Plus Basic opportunity has a 60% close propensity and has spent 175 days in Engaging, near the 89-day historical norm; prioritize a next-step check before forecast review."
HTEAOHFO,Kami Bicknell,Summer Sewald,West,GTX Basic,,Engaging,2017-07-21,0.6020012857052947,163.0,83.0,1.963855421686747,False,0.4305365136891488,"Kami Bicknell's GTX Basic opportunity has a 60% close propensity and has spent 163 days in Engaging, near the 83-day historical norm; prioritize a next-step check before forecast review."
REAFB3C3,Zane Levy,Summer Sewald,West,GTX Basic,,Engaging,2017-07-21,0.6020012857052947,163.0,83.0,1.963855421686747,False,0.4305365136891488,"Zane Levy's GTX Basic opportunity has a 60% close propensity and has spent 163 days in Engaging, near the 83-day historical norm; prioritize a next-step check before forecast review."
0Z8ZAS2M,Zane Levy,Summer Sewald,West,GTX Basic,,Engaging,2017-07-21,0.6020012857052947,163.0,83.0,1.963855421686747,False,0.4305365136891488,"Zane Levy's GTX Basic opportunity has a 60% close propensity and has spent 163 days in Engaging, near the 83-day historical norm; prioritize a next-step check before forecast review."
VRCYXSP1,Zane Levy,Summer Sewald,West,GTX Basic,,Engaging,2017-07-21,0.6020012857052947,163.0,83.0,1.963855421686747,False,0.4305365136891488,"Zane Levy's GTX Basic opportunity has a 60% close propensity and has spent 163 days in Engaging, near the 83-day historical norm; prioritize a next-step check before forecast review."
9Q7NSPTF,Cassey Cress,Rocco Neubert,East,GTX Plus Pro,,Engaging,2017-07-23,0.6022980945413149,161.0,82.0,1.9634146341463414,False,0.4303050190359502,"Cassey Cress's GTX Plus Pro opportunity has a 60% close propensity and has spent 161 days in Engaging, near the 82-day historical norm; prioritize a next-step check before forecast review."
ZGFB0IF1,Anna Snelling,Dustin Brinkmann,Central,GTX Plus Basic,,Engaging,2017-07-20,0.591930797784381,164.0,87.0,1.8850574712643677,False,0.4301875101757846,"Anna Snelling's GTX Plus Basic opportunity has a 59% close propensity and has spent 164 days in Engaging, near the 87-day historical norm; prioritize a next-step check before forecast review."
9V2SW5MV,Marty Freudenburg,Melvin Marxen,Central,MG Advanced,,Engaging,2017-08-03,0.5800682577522525,150.0,84.0,1.7857142857142858,False,0.42920563246103594,"Marty Freudenburg's MG Advanced opportunity has a 58% close propensity and has spent 150 days in Engaging, near the 84-day historical norm; prioritize a next-step check before forecast review."
S50ETCN7,Anna Snelling,Dustin Brinkmann,Central,GTX Plus Basic,,Engaging,2017-07-21,0.591930797784381,163.0,87.0,1.8735632183908046,False,0.4291817630493478,"Anna Snelling's GTX Plus Basic opportunity has a 59% close propensity and has spent 163 days in Engaging, near the 87-day historical norm; prioritize a next-step check before forecast review."
8TFYRWZ6,Gladys Colclough,Melvin Marxen,Central,MG Advanced,Mathtouch,Engaging,2017-07-22,0.5994029791884342,162.0,84.0,1.9285714285714286,False,0.4291380635275177,"Gladys Colclough's MG Advanced opportunity has a 60% close propensity and has spent 162 days in Engaging, near the 84-day historical norm; prioritize a next-step check before forecast review."
SJ3QA8KP,Niesha Huffines,Melvin Marxen,Central,MG Advanced,Treequote,Engaging,2017-07-28,0.5898585273685025,156.0,84.0,1.8571428571428572,False,0.42909195721047333,"Niesha Huffines's MG Advanced opportunity has a 59% close propensity and has spent 156 days in Engaging, near the 84-day historical norm; prioritize a next-step check before forecast review."
NU4ACGMY,Darcel Schlecht,Melvin Marxen,Central,GTX Pro,,Engaging,2017-07-19,0.6013542571762558,165.0,85.0,1.9411764705882353,False,0.4289726740119043,"Darcel Schlecht's GTX Pro opportunity has a 60% close propensity and has spent 165 days in Engaging, near the 85-day historical norm; prioritize a next-step check before forecast review."
7439NGIG,Marty Freudenburg,Melvin Marxen,Central,GTX Pro,Sumace,Engaging,2017-07-20,0.5999260705505963,164.0,85.0,1.9294117647058824,False,0.4288715835538771,"Marty Freudenburg's GTX Pro opportunity has a 60% close propensity and has spent 164 days in Engaging, near the 85-day historical norm; prioritize a next-step check before forecast review."
LDK61ORQ,Hayden Neloms,Celia Rouche,West,MG Special,Xx-zobam,Engaging,2017-07-19,0.6041950502648958,165.0,84.25,1.9584569732937684,False,0.42863820249102247,"Hayden Neloms's MG Special opportunity has a 60% close propensity and has spent 165 days in Engaging, near the 84-day historical norm; prioritize a next-step check before forecast review."
56LUBQTV,Moses Frase,Dustin Brinkmann,Central,MG Advanced,,Engaging,2017-07-31,0.5858273648135385,153.0,84.0,1.8214285714285714,False,0.4285872128712,"Moses Frase's MG Advanced opportunity has a 59% close propensity and has spent 153 days in Engaging, near the 84-day historical norm; prioritize a next-step check before forecast review."
JGXK8P6T,Zane Levy,Summer Sewald,West,MG Advanced,,Engaging,2017-08-01,0.5964229642922194,152.0,80.0,1.9,False,0.4285750732100574,"Zane Levy's MG Advanced opportunity has a 60% close propensity and has spent 152 days in Engaging, near the 80-day historical norm; prioritize a next-step check before forecast review."
LUTZ8UQM,Darcel Schlecht,Melvin Marxen,Central,GTX Pro,Isdom,Engaging,2017-07-25,0.5924789340528408,159.0,85.0,1.8705882352941177,False,0.42856516345388873,"Darcel Schlecht's GTX Pro opportunity has a 59% close propensity and has spent 159 days in Engaging, near the 85-day historical norm; prioritize a next-step check before forecast review."
1QKDD1OI,Darcel Schlecht,Melvin Marxen,Central,GTX Pro,Isdom,Engaging,2017-07-25,0.5924789340528408,159.0,85.0,1.8705882352941177,False,0.42856516345388873,"Darcel Schlecht's GTX Pro opportunity has a 59% close propensity and has spent 159 days in Engaging, near the 85-day historical norm; prioritize a next-step check before forecast review."
O28I4VDY,Corliss Cosme,Cara Losch,East,GTX Plus Basic,,Engaging,2017-07-18,0.6005904435883033,166.0,86.0,1.930232558139535,False,0.4285115605048122,"Corliss Cosme's GTX Plus Basic opportunity has a 60% close propensity and has spent 166 days in Engaging, near the 86-day historical norm; prioritize a next-step check before forecast review."
PXNDLIL2,Lajuana Vencill,Dustin Brinkmann,Central,MG Special,Initech,Engaging,2017-08-13,0.5628057678257377,140.0,85.0,1.6470588235294117,False,0.42829389797209405,"Lajuana Vencill's MG Special opportunity has a 56% close propensity and has spent 140 days in Engaging, near the 85-day historical norm; prioritize a next-step check before forecast review."
MIGDLH14,Zane Levy,Summer Sewald,West,GTX Basic,,Engaging,2017-07-23,0.6022980945413149,161.0,83.0,1.9397590361445782,False,0.4282351542107959,"Zane Levy's GTX Basic opportunity has a 60% close propensity and has spent 161 days in Engaging, near the 83-day historical norm; prioritize a next-step check before forecast review."
751V8OFM,Gladys Colclough,Melvin Marxen,Central,GTX Plus Basic,Funholding,Engaging,2017-07-22,0.5921599840811024,162.0,87.0,1.8620689655172413,False,0.42802704483004206,"Gladys Colclough's GTX Plus Basic opportunity has a 59% close propensity and has spent 162 days in Engaging, near the 87-day historical norm; prioritize a next-step check before forecast review."
0R5KAHNB,Moses Frase,Dustin Brinkmann,Central,MG Advanced,Umbrella Corporation,Engaging,2017-08-03,0.5819118143883375,150.0,84.0,1.7857142857142858,False,0.4280073206475806,"Moses Frase's MG Advanced opportunity has a 58% close propensity and has spent 150 days in Engaging, near the 84-day historical norm; prioritize a next-step check before forecast review."
7FVBMH48,Markita Hansen,Celia Rouche,West,MG Advanced,,Engaging,2017-08-13,0.5771299818954364,140.0,80.0,1.75,False,0.4279905117679663,"Markita Hansen's MG Advanced opportunity has a 58% close propensity and has spent 140 days in Engaging, near the 80-day historical norm; prioritize a next-step check before forecast review."
SXFE42KG,Cecily Lampkin,Dustin Brinkmann,Central,MG Advanced,Gogozoom,Engaging,2017-07-25,0.596462034277757,159.0,84.0,1.8928571428571428,False,0.42792467771945797,"Cecily Lampkin's MG Advanced opportunity has a 60% close propensity and has spent 159 days in Engaging, near the 84-day historical norm; prioritize a next-step check before forecast review."
PJ75Q8VM,Jonathan Berthelot,Melvin Marxen,Central,GTX Pro,,Engaging,2017-07-20,0.6014257698256993,164.0,85.0,1.9294117647058824,False,0.4278967790250602,"Jonathan Berthelot's GTX Pro opportunity has a 60% close propensity and has spent 164 days in Engaging, near the 85-day historical norm; prioritize a next-step check before forecast review."
Q65B52C5,Niesha Huffines,Melvin Marxen,Central,GTX Basic,Kan-code,Engaging,2017-07-31,0.5701304924902592,153.0,90.25,1.6952908587257618,False,0.4277531300198357,"Niesha Huffines's GTX Basic opportunity has a 57% close propensity and has spent 153 days in Engaging, near the 90-day historical norm; prioritize a next-step check before forecast review."
3CB3WNBM,Boris Faz,Rocco Neubert,East,GTX Basic,Kinnamplus,Engaging,2017-07-17,0.6005904435883033,167.0,87.0,1.9195402298850575,False,0.4275759817825454,"Boris Faz's GTX Basic opportunity has a 60% close propensity and has spent 167 days in Engaging, near the 87-day historical norm; prioritize a next-step check before forecast review."
4QQOSYGL,Corliss Cosme,Cara Losch,East,MG Advanced,,Engaging,2017-07-29,0.5740933051847464,155.0,90.0,1.7222222222222223,False,0.42753379607435926,"Corliss Cosme's MG Advanced opportunity has a 57% close propensity and has spent 155 days in Engaging, near the 90-day historical norm; prioritize a next-step check before forecast review."
N909ADDC,Vicki Laflamme,Celia Rouche,West,MG Advanced,,Engaging,2017-08-02,0.5964229642922194,151.0,80.0,1.8875,False,0.4274813232100574,"Vicki Laflamme's MG Advanced opportunity has a 60% close propensity and has spent 151 days in Engaging, near the 80-day historical norm; prioritize a next-step check before forecast review."
Q5GNQ823,Vicki Laflamme,Celia Rouche,West,GTX Pro,,Engaging,2017-07-26,0.6019298079702864,158.0,82.0,1.9268292682926829,False,0.4273431857949236,"Vicki Laflamme's GTX Pro opportunity has a 60% close propensity and has spent 158 days in Engaging, near the 82-day historical norm; prioritize a next-step check before forecast review."
ZNEQXZZK,Anna Snelling,Dustin Brinkmann,Central,MG Advanced,Donquadtech,Engaging,2017-07-25,0.5973894795745296,159.0,84.0,1.8928571428571428,False,0.4273218382765558,"Anna Snelling's MG Advanced opportunity has a 60% close propensity and has spent 159 days in Engaging, near the 84-day historical norm; prioritize a next-step check before forecast review."
VD2KHXRY,Zane Levy,Summer Sewald,West,GTX Pro,Toughzap,Engaging,2017-07-27,0.6005023134846921,157.0,82.0,1.9146341463414633,False,0.4272039840398282,"Zane Levy's GTX Pro opportunity has a 60% close propensity and has spent 157 days in Engaging, near the 82-day historical norm; prioritize a next-step check before forecast review."
RFXH6VDX,Hayden Neloms,Celia Rouche,West,GTX Plus Basic,,Engaging,2017-07-27,0.5804647800102327,157.0,89.0,1.7640449438202248,False,0.4270518255776184,"Hayden Neloms's GTX Plus Basic opportunity has a 58% close propensity and has spent 157 days in Engaging, near the 89-day historical norm; prioritize a next-step check before forecast review."
IG540SIB,Cecily Lampkin,Dustin Brinkmann,Central,MG Advanced,,Engaging,2017-07-30,0.590457258822312,154.0,84.0,1.8333333333333333,False,0.4266194484321638,"Cecily Lampkin's MG Advanced opportunity has a 59% close propensity and has spent 154 days in Engaging, near the 84-day historical norm; prioritize a next-step check before forecast review."
FUI9BIS3,Moses Frase,Dustin Brinkmann,Central,MG Advanced,Funholding,Engaging,2017-08-04,0.5824633330165084,149.0,84.0,1.7738095238095237,False,0.4266071668726028,"Moses Frase's MG Advanced opportunity has a 58% close propensity and has spent 149 days in Engaging, near the 84-day historical norm; prioritize a next-step check before forecast review."
39EYEBMK,Violet Mclelland,Cara Losch,East,GTX Basic,,Engaging,2017-07-18,0.6005904435883033,166.0,87.0,1.9080459770114941,False,0.42657023465610866,"Violet Mclelland's GTX Basic opportunity has a 60% close propensity and has spent 166 days in Engaging, near the 87-day historical norm; prioritize a next-step check before forecast review."
055Z2OAS,Anna Snelling,Dustin Brinkmann,Central,MG Special,Dontechi,Engaging,2017-07-19,0.6053684839865805,165.0,85.0,1.9411764705882353,False,0.4263634265851932,"Anna Snelling's MG Special opportunity has a 61% close propensity and has spent 165 days in Engaging, near the 85-day historical norm; prioritize a next-step check before forecast review."
3SD04QJ4,Wilburn Farren,Cara Losch,East,MG Advanced,,Engaging,2017-07-29,0.5760304417011625,155.0,90.0,1.7222222222222223,False,0.42627465733868886,"Wilburn Farren's MG Advanced opportunity has a 58% close propensity and has spent 155 days in Engaging, near the 90-day historical norm; prioritize a next-step check before forecast review."
WQ5U8PPM,Niesha Huffines,Melvin Marxen,Central,GTX Plus Basic,Umbrella Corporation,Engaging,2017-07-26,0.5886857102359977,158.0,87.0,1.8160919540229885,False,0.42626233432361305,"Niesha Huffines's GTX Plus Basic opportunity has a 59% close propensity and has spent 158 days in Engaging, near the 87-day historical norm; prioritize a next-step check before forecast review."
R9GI5SJ5,Vicki Laflamme,Celia Rouche,West,MG Advanced,Domzoom,Engaging,2017-08-05,0.593890862482955,148.0,80.0,1.85,False,0.4258459393860793,"Vicki Laflamme's MG Advanced opportunity has a 59% close propensity and has spent 148 days in Engaging, near the 80-day historical norm; prioritize a next-step check before forecast review."
1RXGKOUE,Versie Hillebrand,Dustin Brinkmann,Central,GTX Plus Pro,,Engaging,2017-07-29,0.6057374841386253,155.0,80.0,1.9375,False,0.4258018853098936,"Versie Hillebrand's GTX Plus Pro opportunity has a 61% close propensity and has spent 155 days in Engaging, near the 80-day historical norm; prioritize a next-step check before forecast review."
OT5G3M9A,Cecily Lampkin,Dustin Brinkmann,Central,MG Advanced,Treequote,Engaging,2017-07-22,0.6047635305015211,162.0,84.0,1.9285714285714286,False,0.42565370517401124,"Cecily Lampkin's MG Advanced opportunity has a 60% close propensity and has spent 162 days in Engaging, near the 84-day historical norm; prioritize a next-step check before forecast review."
NSO0UHK1,Daniell Hammack,Rocco Neubert,East,GTX Plus Basic,,Engaging,2017-07-20,0.6020012857052947,164.0,86.0,1.9069767441860466,False,0.42555962940783754,"Daniell Hammack's GTX Plus Basic opportunity has a 60% close propensity and has spent 164 days in Engaging, near the 86-day historical norm; prioritize a next-step check before forecast review."
GQ7H31ZJ,Darcel Schlecht,Melvin Marxen,Central,GTX Pro,Funholding,Engaging,2017-07-27,0.5940036703395749,157.0,85.0,1.8470588235294119,False,0.42551526133809986,"Darcel Schlecht's GTX Pro opportunity has a 59% close propensity and has spent 157 days in Engaging, near the 85-day historical norm; prioritize a next-step check before forecast review."
YY2DWBG5,Versie Hillebrand,Dustin Brinkmann,Central,MG Advanced,Ron-tech,Engaging,2017-07-24,0.6019152336394735,160.0,84.0,1.9047619047619047,False,0.4254217648010089,"Versie Hillebrand's MG Advanced opportunity has a 60% close propensity and has spent 160 days in Engaging, near the 84-day historical norm; prioritize a next-step check before forecast review."
T50TV9SO,Zane Levy,Summer Sewald,West,GTX Basic,,Engaging,2017-07-26,0.6019298079702864,158.0,83.0,1.9036144578313252,False,0.4253118898795548,"Zane Levy's GTX Basic opportunity has a 60% close propensity and has spent 158 days in Engaging, near the 83-day historical norm; prioritize a next-step check before forecast review."
LAYVBSH4,Anna Snelling,Dustin Brinkmann,Central,GTX Basic,,Engaging,2017-07-19,0.591858737637167,165.0,90.25,1.8282548476454294,False,0.4252641197048165,"Anna Snelling's GTX Basic opportunity has a 59% close propensity and has spent 165 days in Engaging, near the 90-day historical norm; prioritize a next-step check before forecast review."
7TFHGN6O,Darcel Schlecht,Melvin Marxen,Central,GTX Plus Pro,Inity,Engaging,2017-07-26,0.6117859066488286,158.0,80.0,1.975,False,0.4251516606782614,"Darcel Schlecht's GTX Plus Pro opportunity has a 61% close propensity and has spent 158 days in Engaging, near the 80-day historical norm; prioritize a next-step check before forecast review."
Y3TOQUQI,Marty Freudenburg,Melvin Marxen,Central,GTX Basic,Zotware,Engaging,2017-07-25,0.5831297334320028,159.0,90.25,1.7617728531855956,False,0.4251207979229378,"Marty Freudenburg's GTX Basic opportunity has a 58% close propensity and has spent 159 days in Engaging, near the 90-day historical norm; prioritize a next-step check before forecast review."
HJRM13DI,Marty Freudenburg,Melvin Marxen,Central,MG Special,Treequote,Engaging,2017-07-25,0.5980308143237613,159.0,85.0,1.8705882352941177,False,0.4249564412777904,"Marty Freudenburg's MG Special opportunity has a 60% close propensity and has spent 159 days in Engaging, near the 85-day historical norm; prioritize a next-step check before forecast review."
OMJHW2J1,Versie Hillebrand,Dustin Brinkmann,Central,MG Advanced,,Engaging,2017-08-06,0.5819737437945667,147.0,84.0,1.75,False,0.4248420665335316,"Versie Hillebrand's MG Advanced opportunity has a 58% close propensity and has spent 147 days in Engaging, near the 84-day historical norm; prioritize a next-step check before forecast review."
G6CMP5I9,Versie Hillebrand,Dustin Brinkmann,Central,MG Advanced,,Engaging,2017-08-06,0.5819737437945667,147.0,84.0,1.75,False,0.4248420665335316,"Versie Hillebrand's MG Advanced opportunity has a 58% close propensity and has spent 147 days in Engaging, near the 84-day historical norm; prioritize a next-step check before forecast review."
WGFTBY3W,Darcel Schlecht,Melvin Marxen,Central,GTX Pro,,Engaging,2017-07-24,0.6000142431016158,160.0,85.0,1.8823529411764706,False,0.4246966243368909,"Darcel Schlecht's GTX Pro opportunity has a 60% close propensity and has spent 160 days in Engaging, near the 85-day historical norm; prioritize a next-step check before forecast review."
NCCB118E,Darcel Schlecht,Melvin Marxen,Central,GTX Pro,,Engaging,2017-07-24,0.6000142431016158,160.0,85.0,1.8823529411764706,False,0.4246966243368909,"Darcel Schlecht's GTX Pro opportunity has a 60% close propensity and has spent 160 days in Engaging, near the 85-day historical norm; prioritize a next-step check before forecast review."
H2FCUPHJ,Niesha Huffines,Melvin Marxen,Central,GTX Pro,,Engaging,2017-07-24,0.6000142431016158,160.0,85.0,1.8823529411764706,False,0.4246966243368909,"Niesha Huffines's GTX Pro opportunity has a 60% close propensity and has spent 160 days in Engaging, near the 85-day historical norm; prioritize a next-step check before forecast review."
GEQ7KT9J,Wilburn Farren,Cara Losch,East,GTX Plus Basic,Plussunin,Engaging,2017-07-20,0.6038990678409498,164.0,86.0,1.9069767441860466,False,0.4243260710196617,"Wilburn Farren's GTX Plus Basic opportunity has a 60% close propensity and has spent 164 days in Engaging, near the 86-day historical norm; prioritize a next-step check before forecast review."
PQOHTS9I,Jonathan Berthelot,Melvin Marxen,Central,GTX Pro,Inity,Engaging,2017-07-19,0.6088067670818056,165.0,85.0,1.9411764705882353,False,0.4241285425732969,"Jonathan Berthelot's GTX Pro opportunity has a 61% close propensity and has spent 165 days in Engaging, near the 85-day historical norm; prioritize a next-step check before forecast review."
CDVDL9I5,Jonathan Berthelot,Melvin Marxen,Central,GTX Plus Basic,,Engaging,2017-07-20,0.6014257698256993,164.0,87.0,1.8850574712643677,False,0.4240157783489277,"Jonathan Berthelot's GTX Plus Basic opportunity has a 60% close propensity and has spent 164 days in Engaging, near the 87-day historical norm; prioritize a next-step check before forecast review."
AERVH1AC,Niesha Huffines,Melvin Marxen,Central,GTX Plus Basic,,Engaging,2017-07-20,0.6014257698256993,164.0,87.0,1.8850574712643677,False,0.4240157783489277,"Niesha Huffines's GTX Plus Basic opportunity has a 60% close propensity and has spent 164 days in Engaging, near the 87-day historical norm; prioritize a next-step check before forecast review."
2GFL3TAF,Darcel Schlecht,Melvin Marxen,Central,GTX Pro,,Engaging,2017-07-25,0.6000142431016158,159.0,85.0,1.8705882352941177,False,0.4236672125721851,"Darcel Schlecht's GTX Pro opportunity has a 60% close propensity and has spent 159 days in Engaging, near the 85-day historical norm; prioritize a next-step check before forecast review."
CUSWE9PB,Darcel Schlecht,Melvin Marxen,Central,GTX Pro,,Engaging,2017-07-25,0.6000142431016158,159.0,85.0,1.8705882352941177,False,0.4236672125721851,"Darcel Schlecht's GTX Pro opportunity has a 60% close propensity and has spent 159 days in Engaging, near the 85-day historical norm; prioritize a next-step check before forecast review."
FPLXC8Z3,Kary Hendrixson,Summer Sewald,West,GTX Plus Pro,,Engaging,2017-07-26,0.6019298079702864,158.0,84.0,1.880952380952381,False,0.42332895815264715,"Kary Hendrixson's GTX Plus Pro opportunity has a 60% close propensity and has spent 158 days in Engaging, near the 84-day historical norm; prioritize a next-step check before forecast review."
AWCGYWTE,Moses Frase,Dustin Brinkmann,Central,MG Special,Kinnamplus,Engaging,2017-07-22,0.6054053708429831,162.0,85.0,1.9058823529411764,False,0.4232512148344139,"Moses Frase's MG Special opportunity has a 61% close propensity and has spent 162 days in Engaging, near the 85-day historical norm; prioritize a next-step check before forecast review."
M2ZRU2UH,Rosalina Dieter,Celia Rouche,West,GTX Basic,,Engaging,2017-07-28,0.6020012857052947,156.0,83.0,1.8795180722891567,False,0.4231569956168597,"Rosalina Dieter's GTX Basic opportunity has a 60% close propensity and has spent 156 days in Engaging, near the 83-day historical norm; prioritize a next-step check before forecast review."
6V7FT2YU,Darcel Schlecht,Melvin Marxen,Central,GTX Pro,,Engaging,2017-07-20,0.608747612259927,164.0,85.0,1.9294117647058824,False,0.42313758144281216,"Darcel Schlecht's GTX Pro opportunity has a 61% close propensity and has spent 164 days in Engaging, near the 85-day historical norm; prioritize a next-step check before forecast review."
02K37JAK,Jonathan Berthelot,Melvin Marxen,Central,GTX Plus Basic,,Engaging,2017-07-21,0.6014257698256993,163.0,87.0,1.8735632183908046,False,0.42301003122249087,"Jonathan Berthelot's GTX Plus Basic opportunity has a 60% close propensity and has spent 163 days in Engaging, near the 87-day historical norm; prioritize a next-step check before forecast review."
6F5TIV66,Jonathan Berthelot,Melvin Marxen,Central,GTX Plus Basic,,Engaging,2017-07-21,0.6014257698256993,163.0,87.0,1.8735632183908046,False,0.42301003122249087,"Jonathan Berthelot's GTX Plus Basic opportunity has a 60% close propensity and has spent 163 days in Engaging, near the 87-day historical norm; prioritize a next-step check before forecast review."
1XJFMYCW,Anna Snelling,Dustin Brinkmann,Central,MG Special,Golddex,Engaging,2017-07-27,0.5979989566007713,157.0,85.0,1.8470588235294119,False,0.4229183252683222,"Anna Snelling's MG Special opportunity has a 60% close propensity and has spent 157 days in Engaging, near the 85-day historical norm; prioritize a next-step check before forecast review."
L6223VHA,Darcel Schlecht,Melvin Marxen,Central,GTX Pro,Sumace,Engaging,2017-07-26,0.5998544678484115,158.0,85.0,1.8588235294117648,False,0.42274165472206193,"Darcel Schlecht's GTX Pro opportunity has a 60% close propensity and has spent 158 days in Engaging, near the 85-day historical norm; prioritize a next-step check before forecast review."
QRR70537,Anna Snelling,Dustin Brinkmann,Central,GTX Basic,,Engaging,2017-07-22,0.591930797784381,162.0,90.25,1.7950138504155124,False,0.4223086933515097,"Anna Snelling's GTX Basic opportunity has a 59% close propensity and has spent 162 days in Engaging, near the 90-day historical norm; prioritize a next-step check before forecast review."
OI3UIKVF,Hayden Neloms,Celia Rouche,West,GTX Plus Basic,Konmatfix,Engaging,2017-07-20,0.5984376789197015,164.0,89.0,1.8426966292134832,False,0.42225146375837386,"Hayden Neloms's GTX Plus Basic opportunity has a 60% close propensity and has spent 164 days in Engaging, near the 89-day historical norm; prioritize a next-step check before forecast review."
EJDRMHNC,Boris Faz,Rocco Neubert,East,MG Special,,Engaging,2017-07-17,0.6149428702672665,167.0,85.0,1.964705882352941,False,0.4221988990321591,"Boris Faz's MG Special opportunity has a 61% close propensity and has spent 167 days in Engaging, near the 85-day historical norm; prioritize a next-step check before forecast review."
S6YZO6UQ,Darcel Schlecht,Melvin Marxen,Central,GTX Pro,,Engaging,2017-07-21,0.608747612259927,163.0,85.0,1.9176470588235295,False,0.42210816967810627,"Darcel Schlecht's GTX Pro opportunity has a 61% close propensity and has spent 163 days in Engaging, near the 85-day historical norm; prioritize a next-step check before forecast review."
PI45UJKA,Darcel Schlecht,Melvin Marxen,Central,GTX Pro,,Engaging,2017-07-21,0.608747612259927,163.0,85.0,1.9176470588235295,False,0.42210816967810627,"Darcel Schlecht's GTX Pro opportunity has a 61% close propensity and has spent 163 days in Engaging, near the 85-day historical norm; prioritize a next-step check before forecast review."
ZTQD4PLQ,Jonathan Berthelot,Melvin Marxen,Central,GTX Plus Basic,,Engaging,2017-07-22,0.6014257698256993,162.0,87.0,1.8620689655172413,False,0.42200428409605406,"Jonathan Berthelot's GTX Plus Basic opportunity has a 60% close propensity and has spent 162 days in Engaging, near the 87-day historical norm; prioritize a next-step check before forecast review."
TJ7PNIXL,Darcel Schlecht,Melvin Marxen,Central,GTX Pro,,Engaging,2017-07-26,0.6013542571762558,158.0,85.0,1.8588235294117648,False,0.42176679165896314,"Darcel Schlecht's GTX Pro opportunity has a 60% close propensity and has spent 158 days in Engaging, near the 85-day historical norm; prioritize a next-step check before forecast review."
VMBM5EKL,Darcel Schlecht,Melvin Marxen,Central,GTX Pro,,Engaging,2017-07-26,0.6013542571762558,158.0,85.0,1.8588235294117648,False,0.42176679165896314,"Darcel Schlecht's GTX Pro opportunity has a 60% close propensity and has spent 158 days in Engaging, near the 85-day historical norm; prioritize a next-step check before forecast review."
0PT4RY4P,Cecily Lampkin,Dustin Brinkmann,Central,MG Advanced,,Engaging,2017-07-31,0.596462034277757,153.0,84.0,1.8214285714285714,False,0.42167467771945794,"Cecily Lampkin's MG Advanced opportunity has a 60% close propensity and has spent 153 days in Engaging, near the 84-day historical norm; prioritize a next-step check before forecast review."
DZP0MNRM,Niesha Huffines,Melvin Marxen,Central,GTX Plus Basic,Konex,Engaging,2017-07-25,0.5973699195262994,159.0,87.0,1.8275862068965518,False,0.4216233454113537,"Niesha Huffines's GTX Plus Basic opportunity has a 60% close propensity and has spent 159 days in Engaging, near the 87-day historical norm; prioritize a next-step check before forecast review."
KIKG1BGV,Moses Frase,Dustin Brinkmann,Central,MG Advanced,Domzoom,Engaging,2017-08-02,0.5933454612310384,151.0,84.0,1.7976190476190477,False,0.4216171168664917,"Moses Frase's MG Advanced opportunity has a 59% close propensity and has spent 151 days in Engaging, near the 84-day historical norm; prioritize a next-step check before forecast review."
RC4LEDIA,Marty Freudenburg,Melvin Marxen,Central,MG Advanced,,Engaging,2017-08-09,0.5826259753534442,144.0,84.0,1.7142857142857142,False,0.4212931160202613,"Marty Freudenburg's MG Advanced opportunity has a 58% close propensity and has spent 144 days in Engaging, near the 84-day historical norm; prioritize a next-step check before forecast review."
FY5MBCWQ,Darcel Schlecht,Melvin Marxen,Central,GTX Pro,,Engaging,2017-07-22,0.608747612259927,162.0,85.0,1.9058823529411764,False,0.4210787579134004,"Darcel Schlecht's GTX Pro opportunity has a 61% close propensity and has spent 162 days in Engaging, near the 85-day historical norm; prioritize a next-step check before forecast review."
0S6OQ9AO,Marty Freudenburg,Melvin Marxen,Central,GTX Plus Basic,,Engaging,2017-07-24,0.6000142431016158,160.0,87.0,1.839080459770115,False,0.42091028221383486,"Marty Freudenburg's GTX Plus Basic opportunity has a 60% close propensity and has spent 160 days in Engaging, near the 87-day historical norm; prioritize a next-step check before forecast review."
OVLGWURN,Kary Hendrixson,Summer Sewald,West,GTX Basic,,Engaging,2017-07-30,0.6022980945413149,154.0,83.0,1.855421686746988,False,0.42085563613850674,"Kary Hendrixson's GTX Basic opportunity has a 60% close propensity and has spent 154 days in Engaging, near the 83-day historical norm; prioritize a next-step check before forecast review."
ZJLW1OPF,Darcel Schlecht,Melvin Marxen,Central,GTX Pro,Xx-zobam,Engaging,2017-07-28,0.5998675634599949,156.0,85.0,1.8352941176470587,False,0.4206743190451209,"Darcel Schlecht's GTX Pro opportunity has a 60% close propensity and has spent 156 days in Engaging, near the 85-day historical norm; prioritize a next-step check before forecast review."
OSG9KZGB,Anna Snelling,Dustin Brinkmann,Central,GTX Plus Basic,Kan-code,Engaging,2017-08-07,0.5789866478501031,146.0,87.0,1.6781609195402298,False,0.4204977593572031,"Anna Snelling's GTX Plus Basic opportunity has a 58% close propensity and has spent 146 days in Engaging, near the 87-day historical norm; prioritize a next-step check before forecast review."
37UCYEDY,Cassey Cress,Rocco Neubert,East,GTX Plus Basic,Bluth Company,Engaging,2017-07-26,0.6004307452255221,158.0,86.0,1.8372093023255813,False,0.420475829556899,"Cassey Cress's GTX Plus Basic opportunity has a 60% close propensity and has spent 158 days in Engaging, near the 86-day historical norm; prioritize a next-step check before forecast review."
0XBGT413,Gladys Colclough,Melvin Marxen,Central,GTX Pro,,Engaging,2017-07-30,0.5973354082549683,154.0,85.0,1.811764705882353,False,0.4202613963989765,"Gladys Colclough's GTX Pro opportunity has a 60% close propensity and has spent 154 days in Engaging, near the 85-day historical norm; prioritize a next-step check before forecast review."
GE4QGOCI,Moses Frase,Dustin Brinkmann,Central,MG Special,,Engaging,2017-07-21,0.6115938395706529,163.0,85.0,1.9176470588235295,False,0.42025812192613443,"Moses Frase's MG Special opportunity has a 61% close propensity and has spent 163 days in Engaging, near the 85-day historical norm; prioritize a next-step check before forecast review."
QELHQ898,Zane Levy,Summer Sewald,West,GTX Plus Basic,Statholdings,Engaging,2017-07-22,0.5985787477131653,162.0,89.0,1.8202247191011236,False,0.42019347690779085,"Zane Levy's GTX Plus Basic opportunity has a 60% close propensity and has spent 162 days in Engaging, near the 89-day historical norm; prioritize a next-step check before forecast review."
0HVUV9OY,Gladys Colclough,Melvin Marxen,Central,GTX Basic,,Engaging,2017-07-21,0.5970373736487233,163.0,90.25,1.8060941828254848,False,0.4199589481255598,"Gladys Colclough's GTX Basic opportunity has a 60% close propensity and has spent 163 days in Engaging, near the 90-day historical norm; prioritize a next-step check before forecast review."
OBC504T8,Niesha Huffines,Melvin Marxen,Central,GTX Plus Basic,,Engaging,2017-07-25,0.6000142431016158,159.0,87.0,1.8275862068965518,False,0.41990453508739806,"Niesha Huffines's GTX Plus Basic opportunity has a 60% close propensity and has spent 159 days in Engaging, near the 87-day historical norm; prioritize a next-step check before forecast review."
I9SPENCQ,Violet Mclelland,Cara Losch,East,GTX Plus Basic,Cheers,Engaging,2017-07-21,0.6091930990835891,163.0,86.0,1.8953488372093024,False,0.41986750885148105,"Violet Mclelland's GTX Plus Basic opportunity has a 61% close propensity and has spent 163 days in Engaging, near the 86-day historical norm; prioritize a next-step check before forecast review."
Q1HNDPKW,Darcel Schlecht,Melvin Marxen,Central,GTX Pro,,Engaging,2017-07-23,0.6090426573420368,161.0,85.0,1.8941176470588235,False,0.41985756684532316,"Darcel Schlecht's GTX Pro opportunity has a 61% close propensity and has spent 161 days in Engaging, near the 85-day historical norm; prioritize a next-step check before forecast review."
7K31BXX3,Jonathan Berthelot,Melvin Marxen,Central,GTX Pro,,Engaging,2017-07-28,0.6014257698256993,156.0,85.0,1.8352941176470587,False,0.4196614849074131,"Jonathan Berthelot's GTX Pro opportunity has a 60% close propensity and has spent 156 days in Engaging, near the 85-day historical norm; prioritize a next-step check before forecast review."
MV7I9RKH,Marty Freudenburg,Melvin Marxen,Central,GTX Plus Basic,Treequote,Engaging,2017-07-21,0.6070094840258021,163.0,87.0,1.8735632183908046,False,0.419380616992424,"Marty Freudenburg's GTX Plus Basic opportunity has a 61% close propensity and has spent 163 days in Engaging, near the 87-day historical norm; prioritize a next-step check before forecast review."
XNHTLVT1,Gladys Colclough,Melvin Marxen,Central,MG Special,,Engaging,2017-07-22,0.6114348736889208,162.0,85.0,1.9058823529411764,False,0.41933203798455443,"Gladys Colclough's MG Special opportunity has a 61% close propensity and has spent 162 days in Engaging, near the 85-day historical norm; prioritize a next-step check before forecast review."
LHBWJAD3,Darcel Schlecht,Melvin Marxen,Central,GTX Plus Basic,,Engaging,2017-07-20,0.608747612259927,164.0,87.0,1.8850574712643677,False,0.4192565807666796,"Darcel Schlecht's GTX Plus Basic opportunity has a 61% close propensity and has spent 164 days in Engaging, near the 87-day historical norm; prioritize a next-step check before forecast review."
KRWKDPWW,Darcel Schlecht,Melvin Marxen,Central,GTX Plus Basic,,Engaging,2017-07-20,0.608747612259927,164.0,87.0,1.8850574712643677,False,0.4192565807666796,"Darcel Schlecht's GTX Plus Basic opportunity has a 61% close propensity and has spent 164 days in Engaging, near the 87-day historical norm; prioritize a next-step check before forecast review."
UJTU7DUB,Moses Frase,Dustin Brinkmann,Central,MG Special,,Engaging,2017-07-22,0.6115938395706529,162.0,85.0,1.9058823529411764,False,0.41922871016142854,"Moses Frase's MG Special opportunity has a 61% close propensity and has spent 162 days in Engaging, near the 85-day historical norm; prioritize a next-step check before forecast review."
X8M3SCVF,Darcel Schlecht,Melvin Marxen,Central,GTX Basic,,Engaging,2017-07-19,0.6013542571762558,165.0,90.25,1.8282548476454294,False,0.4190920320044088,"Darcel Schlecht's GTX Basic opportunity has a 60% close propensity and has spent 165 days in Engaging, near the 90-day historical norm; prioritize a next-step check before forecast review."
R55U5QI4,Darcel Schlecht,Melvin Marxen,Central,GTX Plus Pro,Scottech,Engaging,2017-07-30,0.614511661329901,154.0,80.0,1.925,False,0.41900492013556434,"Darcel Schlecht's GTX Plus Pro opportunity has a 61% close propensity and has spent 154 days in Engaging, near the 80-day historical norm; prioritize a next-step check before forecast review."
1976N63N,Darcel Schlecht,Melvin Marxen,Central,GTX Plus Basic,Kinnamplus,Engaging,2017-07-26,0.5998544678484115,158.0,87.0,1.8160919540229885,False,0.41900264187554404,"Darcel Schlecht's GTX Plus Basic opportunity has a 60% close propensity and has spent 158 days in Engaging, near the 87-day historical norm; prioritize a next-step check before forecast review."
1O72EKFY,James Ascencio,Summer Sewald,West,GTX Plus Pro,,Engaging,2017-07-31,0.6005904435883033,153.0,84.0,1.8214285714285714,False,0.4189912116676029,"James Ascencio's GTX Plus Pro opportunity has a 60% close propensity and has spent 153 days in Engaging, near the 84-day historical norm; prioritize a next-step check before forecast review."
YBY3PA1S,Gladys Colclough,Melvin Marxen,Central,GTX Basic,,Engaging,2017-07-22,0.5970373736487233,162.0,90.25,1.7950138504155124,False,0.41898941903968717,"Gladys Colclough's GTX Basic opportunity has a 60% close propensity and has spent 162 days in Engaging, near the 90-day historical norm; prioritize a next-step check before forecast review."
S3LATQVJ,Versie Hillebrand,Dustin Brinkmann,Central,GTX Plus Basic,Kinnamplus,Engaging,2017-07-23,0.6048107232028344,161.0,87.0,1.8505747126436782,False,0.4187983172744795,"Versie Hillebrand's GTX Plus Basic opportunity has a 60% close propensity and has spent 161 days in Engaging, near the 87-day historical norm; prioritize a next-step check before forecast review."
0NSRB3EO,Jonathan Berthelot,Melvin Marxen,Central,MG Special,,Engaging,2017-07-20,0.6157673832308351,164.0,85.0,1.9294117647058824,False,0.4185747303117219,"Jonathan Berthelot's MG Special opportunity has a 62% close propensity and has spent 164 days in Engaging, near the 85-day historical norm; prioritize a next-step check before forecast review."
Q9VC6GV0,Anna Snelling,Dustin Brinkmann,Central,MG Special,Konmatfix,Engaging,2017-07-19,0.6178638848196888,165.0,85.0,1.9411764705882353,False,0.4182414160436729,"Anna Snelling's MG Special opportunity has a 62% close propensity and has spent 165 days in Engaging, near the 85-day historical norm; prioritize a next-step check before forecast review."
6GG9CSTV,Gladys Colclough,Melvin Marxen,Central,MG Special,,Engaging,2017-07-23,0.6117291848202813,161.0,85.0,1.8941176470588235,False,0.4181113239844642,"Gladys Colclough's MG Special opportunity has a 61% close propensity and has spent 161 days in Engaging, near the 85-day historical norm; prioritize a next-step check before forecast review."
5WSQ6D2E,Gladys Colclough,Melvin Marxen,Central,MG Special,,Engaging,2017-07-23,0.6117291848202813,161.0,85.0,1.8941176470588235,False,0.4181113239844642,"Gladys Colclough's MG Special opportunity has a 61% close propensity and has spent 161 days in Engaging, near the 85-day historical norm; prioritize a next-step check before forecast review."
8Y4LJOJ0,Versie Hillebrand,Dustin Brinkmann,Central,GTX Plus Basic,,Engaging,2017-07-24,0.6043311814046982,160.0,87.0,1.839080459770115,False,0.4181042723168312,"Versie Hillebrand's GTX Plus Basic opportunity has a 60% close propensity and has spent 160 days in Engaging, near the 87-day historical norm; prioritize a next-step check before forecast review."
90G292UY,Jonathan Berthelot,Melvin Marxen,Central,GTX Basic,,Engaging,2017-07-20,0.6014257698256993,164.0,90.25,1.817174515235457,False,0.41807601969639796,"Jonathan Berthelot's GTX Basic opportunity has a 60% close propensity and has spent 164 days in Engaging, near the 90-day historical norm; prioritize a next-step check before forecast review."
JDHHDOX8,Jonathan Berthelot,Melvin Marxen,Central,GTX Basic,,Engaging,2017-07-20,0.6014257698256993,164.0,90.25,1.817174515235457,False,0.41807601969639796,"Jonathan Berthelot's GTX Basic opportunity has a 60% close propensity and has spent 164 days in Engaging, near the 90-day historical norm; prioritize a next-step check before forecast review."
KTWP0SMT,Jonathan Berthelot,Melvin Marxen,Central,GTX Basic,,Engaging,2017-07-20,0.6014257698256993,164.0,90.25,1.817174515235457,False,0.41807601969639796,"Jonathan Berthelot's GTX Basic opportunity has a 60% close propensity and has spent 164 days in Engaging, near the 90-day historical norm; prioritize a next-step check before forecast review."
A2YIYWNW,Cassey Cress,Rocco Neubert,East,MG Advanced,,Engaging,2017-08-01,0.5842272522771402,152.0,90.0,1.6888888888888889,False,0.41803006379763663,"Cassey Cress's MG Advanced opportunity has a 58% close propensity and has spent 152 days in Engaging, near the 90-day historical norm; prioritize a next-step check before forecast review."
OVA9HMN1,Anna Snelling,Dustin Brinkmann,Central,GTX Plus Pro,,Engaging,2017-08-05,0.6063811865886959,148.0,80.0,1.85,False,0.4177272287173477,"Anna Snelling's GTX Plus Pro opportunity has a 61% close propensity and has spent 148 days in Engaging, near the 80-day historical norm; prioritize a next-step check before forecast review."
E26Z10W7,James Ascencio,Summer Sewald,West,MG Special,,Engaging,2017-07-22,0.616335401126298,162.0,84.25,1.9228486646884273,False,0.41763124742814367,"James Ascencio's MG Special opportunity has a 62% close propensity and has spent 162 days in Engaging, near the 84-day historical norm; prioritize a next-step check before forecast review."
7OZ7L8BB,Gladys Colclough,Melvin Marxen,Central,GTX Basic,,Engaging,2017-07-24,0.5962418846561666,160.0,90.25,1.7728531855955678,False,0.4175674287131039,"Gladys Colclough's GTX Basic opportunity has a 60% close propensity and has spent 160 days in Engaging, near the 90-day historical norm; prioritize a next-step check before forecast review."
FSEV7ZJC,Darcel Schlecht,Melvin Marxen,Central,GTX Pro,,Engaging,2017-07-31,0.6000142431016158,153.0,85.0,1.8,False,0.41749074198394975,"Darcel Schlecht's GTX Pro opportunity has a 60% close propensity and has spent 153 days in Engaging, near the 85-day historical norm; prioritize a next-step check before forecast review."
OEP0IJ6S,Darcel Schlecht,Melvin Marxen,Central,GTX Pro,,Engaging,2017-07-31,0.6000142431016158,153.0,85.0,1.8,False,0.41749074198394975,"Darcel Schlecht's GTX Pro opportunity has a 60% close propensity and has spent 153 days in Engaging, near the 85-day historical norm; prioritize a next-step check before forecast review."
X33HL9WS,Daniell Hammack,Rocco Neubert,East,GTX Plus Basic,,Engaging,2017-07-28,0.6020012857052947,156.0,86.0,1.813953488372093,False,0.4174200945241166,"Daniell Hammack's GTX Plus Basic opportunity has a 60% close propensity and has spent 156 days in Engaging, near the 86-day historical norm; prioritize a next-step check before forecast review."
2WDSO6PG,Niesha Huffines,Melvin Marxen,Central,GTX Basic,Hatfan,Engaging,2017-07-19,0.603958007410958,165.0,90.25,1.8282548476454294,False,0.41739959435185237,"Niesha Huffines's GTX Basic opportunity has a 60% close propensity and has spent 165 days in Engaging, near the 90-day historical norm; prioritize a next-step check before forecast review."
P66UXGPS,Darcel Schlecht,Melvin Marxen,Central,GTX Plus Basic,,Engaging,2017-07-22,0.608747612259927,162.0,87.0,1.8620689655172413,False,0.4172450865138061,"Darcel Schlecht's GTX Plus Basic opportunity has a 61% close propensity and has spent 162 days in Engaging, near the 87-day historical norm; prioritize a next-step check before forecast review."
EVDKJDY3,Jonathan Berthelot,Melvin Marxen,Central,GTX Plus Basic,,Engaging,2017-07-27,0.6014257698256993,157.0,87.0,1.8045977011494252,False,0.4169755484638702,"Jonathan Berthelot's GTX Plus Basic opportunity has a 60% close propensity and has spent 157 days in Engaging, near the 87-day historical norm; prioritize a next-step check before forecast review."
T9QD8U1Y,Darcel Schlecht,Melvin Marxen,Central,MG Special,Betasoloin,Engaging,2017-07-21,0.6168702841360112,163.0,85.0,1.9176470588235295,False,0.4168284329586516,"Darcel Schlecht's MG Special opportunity has a 62% close propensity and has spent 163 days in Engaging, near the 85-day historical norm; prioritize a next-step check before forecast review."
ERD6D5K3,Anna Snelling,Dustin Brinkmann,Central,GTX Basic,,Engaging,2017-07-30,0.5884527956461443,154.0,90.25,1.706371191135734,False,0.41681316205438296,"Anna Snelling's GTX Basic opportunity has a 59% close propensity and has spent 154 days in Engaging, near the 90-day historical norm; prioritize a next-step check before forecast review."
VVM42VWQ,Anna Snelling,Dustin Brinkmann,Central,GTX Basic,,Engaging,2017-07-30,0.5884527956461443,154.0,90.25,1.706371191135734,False,0.41681316205438296,"Anna Snelling's GTX Basic opportunity has a 59% close propensity and has spent 154 days in Engaging, near the 90-day historical norm; prioritize a next-step check before forecast review."
S9JXWIBD,Gladys Colclough,Melvin Marxen,Central,GTX Plus Basic,,Engaging,2017-07-30,0.5973354082549683,154.0,87.0,1.7701149425287357,False,0.41661704210553496,"Gladys Colclough's GTX Plus Basic opportunity has a 60% close propensity and has spent 154 days in Engaging, near the 87-day historical norm; prioritize a next-step check before forecast review."
PQL5GITI,Gladys Colclough,Melvin Marxen,Central,GTX Basic,,Engaging,2017-07-25,0.5962418846561666,159.0,90.25,1.7617728531855956,False,0.4165978996272313,"Gladys Colclough's GTX Basic opportunity has a 60% close propensity and has spent 159 days in Engaging, near the 90-day historical norm; prioritize a next-step check before forecast review."
IQFDPIND,Versie Hillebrand,Dustin Brinkmann,Central,GTX Basic,,Engaging,2017-07-19,0.6056662378712186,165.0,90.25,1.8282548476454294,False,0.4162892445526829,"Versie Hillebrand's GTX Basic opportunity has a 61% close propensity and has spent 165 days in Engaging, near the 90-day historical norm; prioritize a next-step check before forecast review."
EJJCUJ3P,Darcel Schlecht,Melvin Marxen,Central,GTX Plus Basic,,Engaging,2017-07-23,0.6090426573420368,161.0,87.0,1.8505747126436782,False,0.41604756008399796,"Darcel Schlecht's GTX Plus Basic opportunity has a 61% close propensity and has spent 161 days in Engaging, near the 87-day historical norm; prioritize a next-step check before forecast review."
ODFL6HOF,Darcel Schlecht,Melvin Marxen,Central,GTX Plus Basic,,Engaging,2017-07-23,0.6090426573420368,161.0,87.0,1.8505747126436782,False,0.41604756008399796,"Darcel Schlecht's GTX Plus Basic opportunity has a 61% close propensity and has spent 161 days in Engaging, near the 87-day historical norm; prioritize a next-step check before forecast review."
WL6CZ7N4,Marty Freudenburg,Melvin Marxen,Central,GTX Plus Basic,,Engaging,2017-07-28,0.6014257698256993,156.0,87.0,1.793103448275862,False,0.4159698013374334,"Marty Freudenburg's GTX Plus Basic opportunity has a 60% close propensity and has spent 156 days in Engaging, near the 87-day historical norm; prioritize a next-step check before forecast review."
M6JT5RL8,Darcel Schlecht,Melvin Marxen,Central,GTX Pro,,Engaging,2017-07-27,0.608747612259927,157.0,85.0,1.8470588235294119,False,0.415931699089871,"Darcel Schlecht's GTX Pro opportunity has a 61% close propensity and has spent 157 days in Engaging, near the 85-day historical norm; prioritize a next-step check before forecast review."
45H84LNT,Darcel Schlecht,Melvin Marxen,Central,GTX Pro,,Engaging,2017-07-27,0.608747612259927,157.0,85.0,1.8470588235294119,False,0.415931699089871,"Darcel Schlecht's GTX Pro opportunity has a 61% close propensity and has spent 157 days in Engaging, near the 85-day historical norm; prioritize a next-step check before forecast review."
E8MIFXOH,Darcel Schlecht,Melvin Marxen,Central,GTX Pro,,Engaging,2017-07-27,0.608747612259927,157.0,85.0,1.8470588235294119,False,0.415931699089871,"Darcel Schlecht's GTX Pro opportunity has a 61% close propensity and has spent 157 days in Engaging, near the 85-day historical norm; prioritize a next-step check before forecast review."
UO8DLVVQ,Darcel Schlecht,Melvin Marxen,Central,GTX Pro,,Engaging,2017-07-27,0.608747612259927,157.0,85.0,1.8470588235294119,False,0.415931699089871,"Darcel Schlecht's GTX Pro opportunity has a 61% close propensity and has spent 157 days in Engaging, near the 85-day historical norm; prioritize a next-step check before forecast review."
1R2CLEGQ,Anna Snelling,Dustin Brinkmann,Central,MG Special,,Engaging,2017-07-20,0.6200219723091388,164.0,85.0,1.9294117647058824,False,0.4158092474108245,"Anna Snelling's MG Special opportunity has a 62% close propensity and has spent 164 days in Engaging, near the 85-day historical norm; prioritize a next-step check before forecast review."
GVJFKHNL,Gladys Colclough,Melvin Marxen,Central,MG Special,Silis,Engaging,2017-07-21,0.6185642311139244,163.0,85.0,1.9176470588235295,False,0.415727367423008,"Gladys Colclough's MG Special opportunity has a 62% close propensity and has spent 163 days in Engaging, near the 85-day historical norm; prioritize a next-step check before forecast review."
MBYOJR5A,Marty Freudenburg,Melvin Marxen,Central,GTX Plus Pro,,Engaging,2017-08-01,0.616338668335595,152.0,80.0,1.9,False,0.4156298655818632,"Marty Freudenburg's GTX Plus Pro opportunity has a 62% close propensity and has spent 152 days in Engaging, near the 80-day historical norm; prioritize a next-step check before forecast review."
DXRG254A,Boris Faz,Rocco Neubert,East,GTX Basic,,Engaging,2017-07-28,0.6020012857052947,156.0,87.0,1.793103448275862,False,0.4155957160156964,"Boris Faz's GTX Basic opportunity has a 60% close propensity and has spent 156 days in Engaging, near the 87-day historical norm; prioritize a next-step check before forecast review."
PW9DTZON,James Ascencio,Summer Sewald,West,GTX Pro,Donquadtech,Engaging,2017-07-26,0.6202295614796469,158.0,82.0,1.9268292682926829,False,0.4154483460138393,"James Ascencio's GTX Pro opportunity has a 62% close propensity and has spent 158 days in Engaging, near the 82-day historical norm; prioritize a next-step check before forecast review."
CGFLLZZI,Kary Hendrixson,Summer Sewald,West,MG Special,,Engaging,2017-07-25,0.6149428702672665,159.0,84.25,1.8872403560830862,False,0.41542066548354684,"Kary Hendrixson's MG Special opportunity has a 61% close propensity and has spent 159 days in Engaging, near the 84-day historical norm; prioritize a next-step check before forecast review."
8ODHXBNE,Rosalina Dieter,Celia Rouche,West,MG Special,,Engaging,2017-07-25,0.6149428702672665,159.0,84.25,1.8872403560830862,False,0.41542066548354684,"Rosalina Dieter's MG Special opportunity has a 61% close propensity and has spent 159 days in Engaging, near the 84-day historical norm; prioritize a next-step check before forecast review."
WSQHC199,Darcel Schlecht,Melvin Marxen,Central,MG Special,,Engaging,2017-07-24,0.6143740806452415,160.0,85.0,1.8823529411764706,False,0.4153627299335342,"Darcel Schlecht's MG Special opportunity has a 61% close propensity and has spent 160 days in Engaging, near the 85-day historical norm; prioritize a next-step check before forecast review."
QIEAKLRU,Cecily Lampkin,Dustin Brinkmann,Central,MG Advanced,,Engaging,2017-08-03,0.6014011008749319,150.0,84.0,1.7857142857142858,False,0.41533928443129425,"Cecily Lampkin's MG Advanced opportunity has a 60% close propensity and has spent 150 days in Engaging, near the 84-day historical norm; prioritize a next-step check before forecast review."
P9EJ68SM,Cassey Cress,Rocco Neubert,East,GTX Plus Basic,,Engaging,2017-07-30,0.6022980945413149,154.0,86.0,1.7906976744186047,False,0.41519228505977324,"Cassey Cress's GTX Plus Basic opportunity has a 60% close propensity and has spent 154 days in Engaging, near the 86-day historical norm; prioritize a next-step check before forecast review."
IK7LMFER,Moses Frase,Dustin Brinkmann,Central,MG Special,,Engaging,2017-07-26,0.6115229728806003,158.0,85.0,1.8588235294117648,False,0.4151571264511392,"Moses Frase's MG Special opportunity has a 61% close propensity and has spent 158 days in Engaging, near the 85-day historical norm; prioritize a next-step check before forecast review."
QGXJLNK1,Jonathan Berthelot,Melvin Marxen,Central,GTX Basic,,Engaging,2017-07-24,0.6000142431016158,160.0,90.25,1.7728531855955678,False,0.41511539572356193,"Jonathan Berthelot's GTX Basic opportunity has a 60% close propensity and has spent 160 days in Engaging, near the 90-day historical norm; prioritize a next-step check before forecast review."
Q3HHDSDS,Marty Freudenburg,Melvin Marxen,Central,GTX Basic,,Engaging,2017-07-24,0.6000142431016158,160.0,90.25,1.7728531855955678,False,0.41511539572356193,"Marty Freudenburg's GTX Basic opportunity has a 60% close propensity and has spent 160 days in Engaging, near the 90-day historical norm; prioritize a next-step check before forecast review."
7BKYKVF2,Jonathan Berthelot,Melvin Marxen,Central,GTX Plus Basic,,Engaging,2017-07-29,0.6014257698256993,155.0,87.0,1.7816091954022988,False,0.4149640542109966,"Jonathan Berthelot's GTX Plus Basic opportunity has a 60% close propensity and has spent 155 days in Engaging, near the 87-day historical norm; prioritize a next-step check before forecast review."
J732416R,Anna Snelling,Dustin Brinkmann,Central,MG Special,,Engaging,2017-07-23,0.6166283277648502,161.0,85.0,1.8941176470588235,False,0.4149268810704944,"Anna Snelling's MG Special opportunity has a 62% close propensity and has spent 161 days in Engaging, near the 85-day historical norm; prioritize a next-step check before forecast review."
IAUXJ05J,Anna Snelling,Dustin Brinkmann,Central,MG Special,,Engaging,2017-07-23,0.6166283277648502,161.0,85.0,1.8941176470588235,False,0.4149268810704944,"Anna Snelling's MG Special opportunity has a 62% close propensity and has spent 161 days in Engaging, near the 85-day historical norm; prioritize a next-step check before forecast review."
P3Z2LYCL,Versie Hillebrand,Dustin Brinkmann,Central,MG Special,,Engaging,2017-07-23,0.6166283277648502,161.0,85.0,1.8941176470588235,False,0.4149268810704944,"Versie Hillebrand's MG Special opportunity has a 62% close propensity and has spent 161 days in Engaging, near the 85-day historical norm; prioritize a next-step check before forecast review."
Q62JFLLD,Darcel Schlecht,Melvin Marxen,Central,GTX Pro,,Engaging,2017-07-28,0.608747612259927,156.0,85.0,1.8352941176470587,False,0.4149022873251651,"Darcel Schlecht's GTX Pro opportunity has a 61% close propensity and has spent 156 days in Engaging, near the 85-day historical norm; prioritize a next-step check before forecast review."
7RLLNAYC,Gladys Colclough,Melvin Marxen,Central,MG Special,,Engaging,2017-07-26,0.6119766976760181,158.0,85.0,1.8588235294117648,False,0.41486220533411766,"Gladys Colclough's MG Special opportunity has a 61% close propensity and has spent 158 days in Engaging, near the 85-day historical norm; prioritize a next-step check before forecast review."
BRDB1I76,Gladys Colclough,Melvin Marxen,Central,MG Special,,Engaging,2017-07-26,0.6119766976760181,158.0,85.0,1.8588235294117648,False,0.41486220533411766,"Gladys Colclough's MG Special opportunity has a 61% close propensity and has spent 158 days in Engaging, near the 85-day historical norm; prioritize a next-step check before forecast review."
YI1V6SOX,Darcel Schlecht,Melvin Marxen,Central,GTX Pro,The New York Inquirer,Engaging,2017-07-29,0.6072574721702625,155.0,85.0,1.8235294117647058,False,0.41484146661874116,"Darcel Schlecht's GTX Pro opportunity has a 61% close propensity and has spent 155 days in Engaging, near the 85-day historical norm; prioritize a next-step check before forecast review."
DJFMG9QI,Moses Frase,Dustin Brinkmann,Central,MG Special,Plusstrip,Engaging,2017-07-30,0.6059721816415,154.0,85.0,1.811764705882353,False,0.41464749369773085,"Moses Frase's MG Special opportunity has a 61% close propensity and has spent 154 days in Engaging, near the 85-day historical norm; prioritize a next-step check before forecast review."
P91SQBST,Anna Snelling,Dustin Brinkmann,Central,MG Special,Dalttechnology,Engaging,2017-07-25,0.6139700865109234,159.0,85.0,1.8705882352941177,False,0.4145959143561351,"Anna Snelling's MG Special opportunity has a 61% close propensity and has spent 159 days in Engaging, near the 85-day historical norm; prioritize a next-step check before forecast review."
E617EXPD,Vicki Laflamme,Celia Rouche,West,MG Advanced,Iselectrics,Engaging,2017-08-14,0.5964229642922194,139.0,80.0,1.7375,False,0.4143563232100574,"Vicki Laflamme's MG Advanced opportunity has a 60% close propensity and has spent 139 days in Engaging, near the 80-day historical norm; prioritize a next-step check before forecast review."
2N2MUDOA,Daniell Hammack,Rocco Neubert,East,GTX Pro,Bioholding,Engaging,2017-08-05,0.614846670615557,148.0,79.0,1.8734177215189873,False,0.41427371473279934,"Daniell Hammack's GTX Pro opportunity has a 61% close propensity and has spent 148 days in Engaging, near the 79-day historical norm; prioritize a next-step check before forecast review."
APIB681L,Darcel Schlecht,Melvin Marxen,Central,GTX Basic,,Engaging,2017-07-25,0.6000142431016158,159.0,90.25,1.7617728531855956,False,0.4141458666376894,"Darcel Schlecht's GTX Basic opportunity has a 60% close propensity and has spent 159 days in Engaging, near the 90-day historical norm; prioritize a next-step check before forecast review."
TFSKOBH7,Darcel Schlecht,Melvin Marxen,Central,GTX Basic,,Engaging,2017-07-25,0.6000142431016158,159.0,90.25,1.7617728531855956,False,0.4141458666376894,"Darcel Schlecht's GTX Basic opportunity has a 60% close propensity and has spent 159 days in Engaging, near the 90-day historical norm; prioritize a next-step check before forecast review."
BEDNZXVE,Jonathan Berthelot,Melvin Marxen,Central,GTX Basic,,Engaging,2017-07-25,0.6000142431016158,159.0,90.25,1.7617728531855956,False,0.4141458666376894,"Jonathan Berthelot's GTX Basic opportunity has a 60% close propensity and has spent 159 days in Engaging, near the 90-day historical norm; prioritize a next-step check before forecast review."
HQKWQ004,Moses Frase,Dustin Brinkmann,Central,MG Advanced,,Engaging,2017-08-13,0.5873263960119628,140.0,84.0,1.6666666666666667,False,0.41407117592555753,"Moses Frase's MG Advanced opportunity has a 59% close propensity and has spent 140 days in Engaging, near the 84-day historical norm; prioritize a next-step check before forecast review."
7F2DDW3C,Hayden Neloms,Celia Rouche,West,MG Advanced,,Engaging,2017-07-25,0.6305957796327936,159.0,80.0,1.9875,False,0.4140189932386842,"Hayden Neloms's MG Advanced opportunity has a 63% close propensity and has spent 159 days in Engaging, near the 80-day historical norm; prioritize a next-step check before forecast review."
EUBMHJGQ,Versie Hillebrand,Dustin Brinkmann,Central,MG Special,Hottechi,Engaging,2017-07-21,0.6213279845520191,163.0,85.0,1.9176470588235295,False,0.4139309276882464,"Versie Hillebrand's MG Special opportunity has a 62% close propensity and has spent 163 days in Engaging, near the 85-day historical norm; prioritize a next-step check before forecast review."
PNTHPFHY,Darcel Schlecht,Melvin Marxen,Central,GTX Pro,,Engaging,2017-07-29,0.608747612259927,155.0,85.0,1.8235294117647058,False,0.4138728755604592,"Darcel Schlecht's GTX Pro opportunity has a 61% close propensity and has spent 155 days in Engaging, near the 85-day historical norm; prioritize a next-step check before forecast review."
2I7IFY8D,Darcel Schlecht,Melvin Marxen,Central,GTX Pro,,Engaging,2017-07-29,0.608747612259927,155.0,85.0,1.8235294117647058,False,0.4138728755604592,"Darcel Schlecht's GTX Pro opportunity has a 61% close propensity and has spent 155 days in Engaging, near the 85-day historical norm; prioritize a next-step check before forecast review."
OAUUCC2N,Marty Freudenburg,Melvin Marxen,Central,GTX Plus Basic,,Engaging,2017-07-31,0.6000142431016158,153.0,87.0,1.7586206896551724,False,0.4138700523287774,"Marty Freudenburg's GTX Plus Basic opportunity has a 60% close propensity and has spent 153 days in Engaging, near the 87-day historical norm; prioritize a next-step check before forecast review."
STI8KYWL,Niesha Huffines,Melvin Marxen,Central,GTX Plus Basic,,Engaging,2017-07-31,0.6000142431016158,153.0,87.0,1.7586206896551724,False,0.4138700523287774,"Niesha Huffines's GTX Plus Basic opportunity has a 60% close propensity and has spent 153 days in Engaging, near the 87-day historical norm; prioritize a next-step check before forecast review."
R7I947IZ,Marty Freudenburg,Melvin Marxen,Central,GTX Plus Basic,,Engaging,2017-07-30,0.6017227239054062,154.0,87.0,1.7701149425287357,False,0.4137652869327504,"Marty Freudenburg's GTX Plus Basic opportunity has a 60% close propensity and has spent 154 days in Engaging, near the 87-day historical norm; prioritize a next-step check before forecast review."
3DATPTEH,Anna Snelling,Dustin Brinkmann,Central,MG Special,,Engaging,2017-07-22,0.6200219723091388,162.0,85.0,1.9058823529411764,False,0.4137504238814127,"Anna Snelling's MG Special opportunity has a 62% close propensity and has spent 162 days in Engaging, near the 85-day historical norm; prioritize a next-step check before forecast review."
FT5U6NIG,Anna Snelling,Dustin Brinkmann,Central,MG Special,,Engaging,2017-07-22,0.6200219723091388,162.0,85.0,1.9058823529411764,False,0.4137504238814127,"Anna Snelling's MG Special opportunity has a 62% close propensity and has spent 162 days in Engaging, near the 85-day historical norm; prioritize a next-step check before forecast review."
RQF6II3D,Anna Snelling,Dustin Brinkmann,Central,MG Special,,Engaging,2017-07-22,0.6200219723091388,162.0,85.0,1.9058823529411764,False,0.4137504238814127,"Anna Snelling's MG Special opportunity has a 62% close propensity and has spent 162 days in Engaging, near the 85-day historical norm; prioritize a next-step check before forecast review."
MM79TSUR,Versie Hillebrand,Dustin Brinkmann,Central,MG Special,,Engaging,2017-07-22,0.6200219723091388,162.0,85.0,1.9058823529411764,False,0.4137504238814127,"Versie Hillebrand's MG Special opportunity has a 62% close propensity and has spent 162 days in Engaging, near the 85-day historical norm; prioritize a next-step check before forecast review."
INLVV78V,Versie Hillebrand,Dustin Brinkmann,Central,MG Special,,Engaging,2017-07-22,0.6200219723091388,162.0,85.0,1.9058823529411764,False,0.4137504238814127,"Versie Hillebrand's MG Special opportunity has a 62% close propensity and has spent 162 days in Engaging, near the 85-day historical norm; prioritize a next-step check before forecast review."
4JTH72JR,Versie Hillebrand,Dustin Brinkmann,Central,MG Special,,Engaging,2017-07-22,0.6200219723091388,162.0,85.0,1.9058823529411764,False,0.4137504238814127,"Versie Hillebrand's MG Special opportunity has a 62% close propensity and has spent 162 days in Engaging, near the 85-day historical norm; prioritize a next-step check before forecast review."
9Z2WTTNY,Darcel Schlecht,Melvin Marxen,Central,GTX Plus Basic,Statholdings,Engaging,2017-07-28,0.6053450559904416,156.0,87.0,1.793103448275862,False,0.41342226533035087,"Darcel Schlecht's GTX Plus Basic opportunity has a 61% close propensity and has spent 156 days in Engaging, near the 87-day historical norm; prioritize a next-step check before forecast review."
GY10EROJ,Jonathan Berthelot,Melvin Marxen,Central,GTX Basic,Cheers,Engaging,2017-07-20,0.6086212216958828,164.0,90.25,1.817174515235457,False,0.4133989759807786,"Jonathan Berthelot's GTX Basic opportunity has a 61% close propensity and has spent 164 days in Engaging, near the 90-day historical norm; prioritize a next-step check before forecast review."
FCBSZ6FJ,Anna Snelling,Dustin Brinkmann,Central,GTX Plus Pro,,Engaging,2017-08-09,0.6063099810415383,144.0,80.0,1.8,False,0.41339851232300007,"Anna Snelling's GTX Plus Pro opportunity has a 61% close propensity and has spent 144 days in Engaging, near the 80-day historical norm; prioritize a next-step check before forecast review."
MOAP4XN7,Boris Faz,Rocco Neubert,East,GTX Pro,,Engaging,2017-08-05,0.6163262088392063,148.0,79.0,1.8734177215189873,False,0.4133120148874273,"Boris Faz's GTX Pro opportunity has a 62% close propensity and has spent 148 days in Engaging, near the 79-day historical norm; prioritize a next-step check before forecast review."
TQJJDWWH,James Ascencio,Summer Sewald,West,MG Advanced,,Engaging,2017-08-15,0.5964229642922194,138.0,80.0,1.725,False,0.4132625732100574,"James Ascencio's MG Advanced opportunity has a 60% close propensity and has spent 138 days in Engaging, near the 80-day historical norm; prioritize a next-step check before forecast review."
M5FP7HGQ,Moses Frase,Dustin Brinkmann,Central,MG Special,,Engaging,2017-07-28,0.6115938395706529,156.0,85.0,1.8352941176470587,False,0.41305223957319326,"Moses Frase's MG Special opportunity has a 61% close propensity and has spent 156 days in Engaging, near the 85-day historical norm; prioritize a next-step check before forecast review."
BKOWQMMV,Moses Frase,Dustin Brinkmann,Central,GTX Basic,,Engaging,2017-07-19,0.6109183388887653,165.0,90.25,1.8282548476454294,False,0.41287537889127757,"Moses Frase's GTX Basic opportunity has a 61% close propensity and has spent 165 days in Engaging, near the 90-day historical norm; prioritize a next-step check before forecast review."
FKY3O5O1,Niesha Huffines,Melvin Marxen,Central,GTX Pro,Zotware,Engaging,2017-08-01,0.6056893712867498,152.0,85.0,1.7882352941176471,False,0.4127724968989067,"Niesha Huffines's GTX Pro opportunity has a 61% close propensity and has spent 152 days in Engaging, near the 85-day historical norm; prioritize a next-step check before forecast review."
Z7EBMMAE,Versie Hillebrand,Dustin Brinkmann,Central,MG Special,,Engaging,2017-07-24,0.6186345426333367,160.0,85.0,1.8823529411764706,False,0.4125934296412723,"Versie Hillebrand's MG Special opportunity has a 62% close propensity and has spent 160 days in Engaging, near the 85-day historical norm; prioritize a next-step check before forecast review."
KT4OEP4X,Versie Hillebrand,Dustin Brinkmann,Central,MG Special,,Engaging,2017-07-24,0.6186345426333367,160.0,85.0,1.8823529411764706,False,0.4125934296412723,"Versie Hillebrand's MG Special opportunity has a 62% close propensity and has spent 160 days in Engaging, near the 85-day historical norm; prioritize a next-step check before forecast review."
ODHVHXKS,Versie Hillebrand,Dustin Brinkmann,Central,MG Special,,Engaging,2017-07-24,0.6186345426333367,160.0,85.0,1.8823529411764706,False,0.4125934296412723,"Versie Hillebrand's MG Special opportunity has a 62% close propensity and has spent 160 days in Engaging, near the 85-day historical norm; prioritize a next-step check before forecast review."
806KPNNN,Versie Hillebrand,Dustin Brinkmann,Central,GTX Basic,Zathunicon,Engaging,2017-07-24,0.6043311814046982,160.0,90.25,1.7728531855955678,False,0.4123093858265583,"Versie Hillebrand's GTX Basic opportunity has a 60% close propensity and has spent 160 days in Engaging, near the 90-day historical norm; prioritize a next-step check before forecast review."
G0DTQHIC,Jonathan Berthelot,Melvin Marxen,Central,GTX Basic,,Engaging,2017-07-26,0.6013542571762558,158.0,90.25,1.7506925207756232,False,0.4123053284033008,"Jonathan Berthelot's GTX Basic opportunity has a 60% close propensity and has spent 158 days in Engaging, near the 90-day historical norm; prioritize a next-step check before forecast review."
SSK95WLX,Darcel Schlecht,Melvin Marxen,Central,GTX Plus Basic,,Engaging,2017-07-27,0.608747612259927,157.0,87.0,1.8045977011494252,False,0.4122163508816221,"Darcel Schlecht's GTX Plus Basic opportunity has a 61% close propensity and has spent 157 days in Engaging, near the 87-day historical norm; prioritize a next-step check before forecast review."
3FI1J4VO,Gladys Colclough,Melvin Marxen,Central,MG Special,,Engaging,2017-07-29,0.6114348736889208,155.0,85.0,1.8235294117647058,False,0.41212615563161326,"Gladys Colclough's MG Special opportunity has a 61% close propensity and has spent 155 days in Engaging, near the 85-day historical norm; prioritize a next-step check before forecast review."
9M72KPA3,Kami Bicknell,Summer Sewald,West,GTX Plus Basic,Bluth Company,Engaging,2017-07-29,0.6005023134846921,155.0,89.0,1.7415730337078652,False,0.4120611366843884,"Kami Bicknell's GTX Plus Basic opportunity has a 60% close propensity and has spent 155 days in Engaging, near the 89-day historical norm; prioritize a next-step check before forecast review."
RYNZ2WOK,Markita Hansen,Celia Rouche,West,MG Advanced,Iselectrics,Engaging,2017-08-29,0.5747516295005815,124.0,80.0,1.55,False,0.41203644082462204,"Markita Hansen's MG Advanced opportunity has a 57% close propensity and has spent 124 days in Engaging, near the 80-day historical norm; prioritize a next-step check before forecast review."
2TYZRE2R,Moses Frase,Dustin Brinkmann,Central,MG Special,Massive Dynamic,Engaging,2017-07-24,0.6195925896794475,160.0,85.0,1.8823529411764706,False,0.4119706990613003,"Moses Frase's MG Special opportunity has a 62% close propensity and has spent 160 days in Engaging, near the 85-day historical norm; prioritize a next-step check before forecast review."
3JW6CZ7K,Moses Frase,Dustin Brinkmann,Central,GTX Basic,,Engaging,2017-07-20,0.6109892457126338,164.0,90.25,1.817174515235457,False,0.4118597603698905,"Moses Frase's GTX Basic opportunity has a 61% close propensity and has spent 164 days in Engaging, near the 90-day historical norm; prioritize a next-step check before forecast review."
UAX2OR58,Darcel Schlecht,Melvin Marxen,Central,MG Special,,Engaging,2017-07-22,0.6229909191520111,162.0,85.0,1.9058823529411764,False,0.41182060843354573,"Darcel Schlecht's MG Special opportunity has a 62% close propensity and has spent 162 days in Engaging, near the 85-day historical norm; prioritize a next-step check before forecast review."
SP9W5IND,Boris Faz,Rocco Neubert,East,MG Special,Acme Corporation,Engaging,2017-07-30,0.6104689839861625,154.0,85.0,1.811764705882353,False,0.4117245721737003,"Boris Faz's MG Special opportunity has a 61% close propensity and has spent 154 days in Engaging, near the 85-day historical norm; prioritize a next-step check before forecast review."
MAH5U65E,Vicki Laflamme,Celia Rouche,West,MG Advanced,,Engaging,2017-08-18,0.593890862482955,135.0,80.0,1.6875,False,0.4116271893860793,"Vicki Laflamme's MG Advanced opportunity has a 59% close propensity and has spent 135 days in Engaging, near the 80-day historical norm; prioritize a next-step check before forecast review."
FHPRER2D,Versie Hillebrand,Dustin Brinkmann,Central,MG Special,Sonron,Engaging,2017-07-25,0.6186345426333367,159.0,85.0,1.8705882352941177,False,0.41156401787656643,"Versie Hillebrand's MG Special opportunity has a 62% close propensity and has spent 159 days in Engaging, near the 85-day historical norm; prioritize a next-step check before forecast review."
693K7IAT,Boris Faz,Rocco Neubert,East,GTX Basic,Funholding,Engaging,2017-08-07,0.5927538438446434,146.0,87.0,1.6781609195402298,False,0.4115490819607519,"Boris Faz's GTX Basic opportunity has a 59% close propensity and has spent 146 days in Engaging, near the 87-day historical norm; prioritize a next-step check before forecast review."
WRKPDK7O,Versie Hillebrand,Dustin Brinkmann,Central,GTX Plus Pro,Hatfan,Engaging,2017-08-01,0.6226575051370351,152.0,80.0,1.9,False,0.4115226216609272,"Versie Hillebrand's GTX Plus Pro opportunity has a 62% close propensity and has spent 152 days in Engaging, near the 80-day historical norm; prioritize a next-step check before forecast review."
TQQDICC6,Darcel Schlecht,Melvin Marxen,Central,GTX Basic,,Engaging,2017-07-22,0.608747612259927,162.0,90.25,1.7950138504155124,False,0.4113777639424048,"Darcel Schlecht's GTX Basic opportunity has a 61% close propensity and has spent 162 days in Engaging, near the 90-day historical norm; prioritize a next-step check before forecast review."
51H02FX1,Niesha Huffines,Melvin Marxen,Central,MG Special,,Engaging,2017-07-27,0.6157673832308351,157.0,85.0,1.8470588235294119,False,0.4113688479587807,"Niesha Huffines's MG Special opportunity has a 62% close propensity and has spent 157 days in Engaging, near the 85-day historical norm; prioritize a next-step check before forecast review."
VO1YR5CY,Versie Hillebrand,Dustin Brinkmann,Central,GTX Basic,,Engaging,2017-07-25,0.6043311814046982,159.0,90.25,1.7617728531855956,False,0.41133985674068574,"Versie Hillebrand's GTX Basic opportunity has a 60% close propensity and has spent 159 days in Engaging, near the 90-day historical norm; prioritize a next-step check before forecast review."
64KHY8MT,Jonathan Berthelot,Melvin Marxen,Central,GTX Basic,,Engaging,2017-07-27,0.6014257698256993,157.0,90.25,1.739612188365651,False,0.41128931609528996,"Jonathan Berthelot's GTX Basic opportunity has a 60% close propensity and has spent 157 days in Engaging, near the 90-day historical norm; prioritize a next-step check before forecast review."
5PWO4RPC,Jonathan Berthelot,Melvin Marxen,Central,GTX Basic,,Engaging,2017-07-27,0.6014257698256993,157.0,90.25,1.739612188365651,False,0.41128931609528996,"Jonathan Berthelot's GTX Basic opportunity has a 60% close propensity and has spent 157 days in Engaging, near the 90-day historical norm; prioritize a next-step check before forecast review."
WX546S1D,Marty Freudenburg,Melvin Marxen,Central,GTX Basic,,Engaging,2017-07-27,0.6014257698256993,157.0,90.25,1.739612188365651,False,0.41128931609528996,"Marty Freudenburg's GTX Basic opportunity has a 60% close propensity and has spent 157 days in Engaging, near the 90-day historical norm; prioritize a next-step check before forecast review."
I3IRJZRL,Niesha Huffines,Melvin Marxen,Central,GTX Basic,,Engaging,2017-07-27,0.6014257698256993,157.0,90.25,1.739612188365651,False,0.41128931609528996,"Niesha Huffines's GTX Basic opportunity has a 60% close propensity and has spent 157 days in Engaging, near the 90-day historical norm; prioritize a next-step check before forecast review."
O7LSETHG,Rosie Papadopoulos,Cara Losch,East,MG Advanced,,Engaging,2017-08-08,0.5842272522771402,145.0,90.0,1.6111111111111112,False,0.41122450824208107,"Rosie Papadopoulos's MG Advanced opportunity has a 58% close propensity and has spent 145 days in Engaging, near the 90-day historical norm; prioritize a next-step check before forecast review."
DNBR1VHP,Anna Snelling,Dustin Brinkmann,Central,MG Special,Silis,Engaging,2017-07-20,0.6270898663816955,164.0,85.0,1.9294117647058824,False,0.41121511626366264,"Anna Snelling's MG Special opportunity has a 63% close propensity and has spent 164 days in Engaging, near the 85-day historical norm; prioritize a next-step check before forecast review."
EYBMEX1Z,Moses Frase,Dustin Brinkmann,Central,GTX Basic,,Engaging,2017-07-23,0.607565989086705,161.0,90.25,1.7839335180055402,False,0.4111762899191265,"Moses Frase's GTX Basic opportunity has a 61% close propensity and has spent 161 days in Engaging, near the 90-day historical norm; prioritize a next-step check before forecast review."
UVCHXUIG,Anna Snelling,Dustin Brinkmann,Central,MG Special,Konmatfix,Engaging,2017-07-26,0.6178638848196888,158.0,85.0,1.8588235294117648,False,0.4110355336907317,"Anna Snelling's MG Special opportunity has a 62% close propensity and has spent 158 days in Engaging, near the 85-day historical norm; prioritize a next-step check before forecast review."
RTOIXNPC,Gladys Colclough,Melvin Marxen,Central,MG Special,,Engaging,2017-07-30,0.6117291848202813,154.0,85.0,1.811764705882353,False,0.41090544163152304,"Gladys Colclough's MG Special opportunity has a 61% close propensity and has spent 154 days in Engaging, near the 85-day historical norm; prioritize a next-step check before forecast review."
ICG3THQK,Gladys Colclough,Melvin Marxen,Central,GTX Basic,Sumace,Engaging,2017-07-31,0.5962418846561666,153.0,90.25,1.6952908587257618,False,0.41078072511199587,"Gladys Colclough's GTX Basic opportunity has a 60% close propensity and has spent 153 days in Engaging, near the 90-day historical norm; prioritize a next-step check before forecast review."
I6PXHXST,Marty Freudenburg,Melvin Marxen,Central,MG Advanced,Singletechno,Engaging,2017-08-14,0.5908177251520733,139.0,84.0,1.6547619047619047,False,0.410760145317819,"Marty Freudenburg's MG Advanced opportunity has a 59% close propensity and has spent 139 days in Engaging, near the 84-day historical norm; prioritize a next-step check before forecast review."
PR1H7NHK,Versie Hillebrand,Dustin Brinkmann,Central,MG Special,Mathtouch,Engaging,2017-08-01,0.6088259015636179,152.0,85.0,1.7882352941176471,False,0.4107337522189425,"Versie Hillebrand's MG Special opportunity has a 61% close propensity and has spent 152 days in Engaging, near the 85-day historical norm; prioritize a next-step check before forecast review."
PU62ZGX4,Jonathan Berthelot,Melvin Marxen,Central,GTX Plus Basic,Singletechno,Engaging,2017-07-27,0.6110441674845352,157.0,87.0,1.8045977011494252,False,0.41072358998562686,"Jonathan Berthelot's GTX Plus Basic opportunity has a 61% close propensity and has spent 157 days in Engaging, near the 87-day historical norm; prioritize a next-step check before forecast review."
S2Y2Q1D2,Marty Freudenburg,Melvin Marxen,Central,GTX Plus Basic,Singletechno,Engaging,2017-07-27,0.6110441674845352,157.0,87.0,1.8045977011494252,False,0.41072358998562686,"Marty Freudenburg's GTX Plus Basic opportunity has a 61% close propensity and has spent 157 days in Engaging, near the 87-day historical norm; prioritize a next-step check before forecast review."
VIFA2I18,Jonathan Berthelot,Melvin Marxen,Central,GTX Basic,,Engaging,2017-07-28,0.6014257698256993,156.0,90.25,1.7285318559556786,False,0.41031978700941735,"Jonathan Berthelot's GTX Basic opportunity has a 60% close propensity and has spent 156 days in Engaging, near the 90-day historical norm; prioritize a next-step check before forecast review."
3L3W9W8I,Marty Freudenburg,Melvin Marxen,Central,GTX Basic,,Engaging,2017-07-28,0.6014257698256993,156.0,90.25,1.7285318559556786,False,0.41031978700941735,"Marty Freudenburg's GTX Basic opportunity has a 60% close propensity and has spent 156 days in Engaging, near the 90-day historical norm; prioritize a next-step check before forecast review."
PQ104BT2,Darcel Schlecht,Melvin Marxen,Central,GTX Pro,Finjob,Engaging,2017-07-27,0.617503790451395,157.0,85.0,1.8470588235294119,False,0.4102401832654168,"Darcel Schlecht's GTX Pro opportunity has a 62% close propensity and has spent 157 days in Engaging, near the 85-day historical norm; prioritize a next-step check before forecast review."
ZRCQXB38,Darcel Schlecht,Melvin Marxen,Central,GTX Basic,,Engaging,2017-07-23,0.6090426573420368,161.0,90.25,1.7839335180055402,False,0.4102164555531609,"Darcel Schlecht's GTX Basic opportunity has a 61% close propensity and has spent 161 days in Engaging, near the 90-day historical norm; prioritize a next-step check before forecast review."
UWI771ZX,Darcel Schlecht,Melvin Marxen,Central,GTX Plus Basic,,Engaging,2017-07-29,0.608747612259927,155.0,87.0,1.7816091954022988,False,0.4102048566287486,"Darcel Schlecht's GTX Plus Basic opportunity has a 61% close propensity and has spent 155 days in Engaging, near the 87-day historical norm; prioritize a next-step check before forecast review."
P7MSQO38,Anna Snelling,Dustin Brinkmann,Central,GTX Basic,Yearin,Engaging,2017-07-28,0.6016265548509081,156.0,90.25,1.7285318559556786,False,0.41018927674303163,"Anna Snelling's GTX Basic opportunity has a 60% close propensity and has spent 156 days in Engaging, near the 90-day historical norm; prioritize a next-step check before forecast review."
UJ58VMZT,Cecily Lampkin,Dustin Brinkmann,Central,GTX Plus Basic,,Engaging,2017-07-21,0.6213953797858658,163.0,87.0,1.8735632183908046,False,0.41002978474838264,"Cecily Lampkin's GTX Plus Basic opportunity has a 62% close propensity and has spent 163 days in Engaging, near the 87-day historical norm; prioritize a next-step check before forecast review."
E8GD44YC,Cecily Lampkin,Dustin Brinkmann,Central,GTX Plus Basic,,Engaging,2017-07-21,0.6213953797858658,163.0,87.0,1.8735632183908046,False,0.41002978474838264,"Cecily Lampkin's GTX Plus Basic opportunity has a 62% close propensity and has spent 163 days in Engaging, near the 87-day historical norm; prioritize a next-step check before forecast review."
V02WMIWK,Anna Snelling,Dustin Brinkmann,Central,MG Special,,Engaging,2017-07-26,0.6199516878036688,158.0,85.0,1.8588235294117648,False,0.40967846175114464,"Anna Snelling's MG Special opportunity has a 62% close propensity and has spent 158 days in Engaging, near the 85-day historical norm; prioritize a next-step check before forecast review."
I1R23P5F,Anna Snelling,Dustin Brinkmann,Central,GTX Plus Basic,,Engaging,2017-08-01,0.6049756825585102,152.0,87.0,1.7471264367816093,False,0.4096393695553592,"Anna Snelling's GTX Plus Basic opportunity has a 60% close propensity and has spent 152 days in Engaging, near the 87-day historical norm; prioritize a next-step check before forecast review."
CFKXEPFN,Anna Snelling,Dustin Brinkmann,Central,GTX Plus Basic,,Engaging,2017-08-01,0.6049756825585102,152.0,87.0,1.7471264367816093,False,0.4096393695553592,"Anna Snelling's GTX Plus Basic opportunity has a 60% close propensity and has spent 152 days in Engaging, near the 87-day historical norm; prioritize a next-step check before forecast review."
99EA6HXJ,Markita Hansen,Celia Rouche,West,GTX Basic,,Engaging,2017-08-10,0.6018624050785377,143.0,83.0,1.7228915662650603,False,0.4095424487471433,"Markita Hansen's GTX Basic opportunity has a 60% close propensity and has spent 143 days in Engaging, near the 83-day historical norm; prioritize a next-step check before forecast review."
6TGCOE5O,Cassey Cress,Rocco Neubert,East,GTX Plus Pro,,Engaging,2017-08-03,0.6163262088392063,150.0,82.0,1.829268292682927,False,0.409448939864272,"Cassey Cress's GTX Plus Pro opportunity has a 62% close propensity and has spent 150 days in Engaging, near the 82-day historical norm; prioritize a next-step check before forecast review."
FQI66XXN,Marty Freudenburg,Melvin Marxen,Central,GTX Basic,,Engaging,2017-07-29,0.6014257698256993,155.0,90.25,1.7174515235457064,False,0.40935025792354474,"Marty Freudenburg's GTX Basic opportunity has a 60% close propensity and has spent 155 days in Engaging, near the 90-day historical norm; prioritize a next-step check before forecast review."
6US3WW0M,Jonathan Berthelot,Melvin Marxen,Central,MG Special,,Engaging,2017-07-29,0.6157673832308351,155.0,85.0,1.8235294117647058,False,0.4093100244293689,"Jonathan Berthelot's MG Special opportunity has a 62% close propensity and has spent 155 days in Engaging, near the 85-day historical norm; prioritize a next-step check before forecast review."
29W6WPLA,Jonathan Berthelot,Melvin Marxen,Central,GTX Plus Basic,Gekko & Co,Engaging,2017-07-20,0.6241396657910694,164.0,87.0,1.8850574712643677,False,0.4092517459714371,"Jonathan Berthelot's GTX Plus Basic opportunity has a 62% close propensity and has spent 164 days in Engaging, near the 87-day historical norm; prioritize a next-step check before forecast review."
7COYG1Z2,Kami Bicknell,Summer Sewald,West,MG Special,,Engaging,2017-07-30,0.6166283277648502,154.0,84.25,1.827893175074184,False,0.40913223977183844,"Kami Bicknell's MG Special opportunity has a 62% close propensity and has spent 154 days in Engaging, near the 84-day historical norm; prioritize a next-step check before forecast review."
AD2YEH7W,Marty Freudenburg,Melvin Marxen,Central,GTX Plus Pro,,Engaging,2017-08-06,0.6180218112619862,147.0,80.0,1.8375,False,0.409067072679709,"Marty Freudenburg's GTX Plus Pro opportunity has a 62% close propensity and has spent 147 days in Engaging, near the 80-day historical norm; prioritize a next-step check before forecast review."
5DQZSOBE,Cecily Lampkin,Dustin Brinkmann,Central,GTX Plus Basic,,Engaging,2017-07-22,0.6213953797858658,162.0,87.0,1.8620689655172413,False,0.40902403762194584,"Cecily Lampkin's GTX Plus Basic opportunity has a 62% close propensity and has spent 162 days in Engaging, near the 87-day historical norm; prioritize a next-step check before forecast review."
EY7OI10Z,Darcel Schlecht,Melvin Marxen,Central,GTX Plus Basic,,Engaging,2017-07-30,0.6090426573420368,154.0,87.0,1.7701149425287357,False,0.4090073301989405,"Darcel Schlecht's GTX Plus Basic opportunity has a 61% close propensity and has spent 154 days in Engaging, near the 87-day historical norm; prioritize a next-step check before forecast review."
NSX4NR40,Anna Snelling,Dustin Brinkmann,Central,GTX Plus Pro,Bioholding,Engaging,2017-08-14,0.6049756825585102,139.0,80.0,1.7375,False,0.4087970563369684,"Anna Snelling's GTX Plus Pro opportunity has a 60% close propensity and has spent 139 days in Engaging, near the 80-day historical norm; prioritize a next-step check before forecast review."
8CBTC1PX,Marty Freudenburg,Melvin Marxen,Central,MG Advanced,Streethex,Engaging,2017-08-11,0.5988387612589114,142.0,84.0,1.6904761904761905,False,0.40867147184837427,"Marty Freudenburg's MG Advanced opportunity has a 60% close propensity and has spent 142 days in Engaging, near the 84-day historical norm; prioritize a next-step check before forecast review."
YYU1J6E1,Anna Snelling,Dustin Brinkmann,Central,MG Special,,Engaging,2017-07-27,0.6200219723091388,157.0,85.0,1.8470588235294119,False,0.4086033650578833,"Anna Snelling's MG Special opportunity has a 62% close propensity and has spent 157 days in Engaging, near the 85-day historical norm; prioritize a next-step check before forecast review."
WVT3X6IC,Versie Hillebrand,Dustin Brinkmann,Central,MG Special,,Engaging,2017-07-27,0.6200219723091388,157.0,85.0,1.8470588235294119,False,0.4086033650578833,"Versie Hillebrand's MG Special opportunity has a 62% close propensity and has spent 157 days in Engaging, near the 85-day historical norm; prioritize a next-step check before forecast review."
Q8QGD2OG,Cecily Lampkin,Dustin Brinkmann,Central,MG Advanced,,Engaging,2017-08-08,0.6039176060688205,145.0,84.0,1.7261904761904763,False,0.4084952227219334,"Cecily Lampkin's MG Advanced opportunity has a 60% close propensity and has spent 145 days in Engaging, near the 84-day historical norm; prioritize a next-step check before forecast review."
U4L1277G,Hayden Neloms,Celia Rouche,West,GTX Plus Basic,,Engaging,2017-08-01,0.6016130112018508,152.0,89.0,1.7078651685393258,False,0.40838974496598796,"Hayden Neloms's GTX Plus Basic opportunity has a 60% close propensity and has spent 152 days in Engaging, near the 89-day historical norm; prioritize a next-step check before forecast review."
4XXAK1QL,Jonathan Berthelot,Melvin Marxen,Central,GTX Basic,,Engaging,2017-07-31,0.6000142431016158,153.0,90.25,1.6952908587257618,False,0.40832869212245393,"Jonathan Berthelot's GTX Basic opportunity has a 60% close propensity and has spent 153 days in Engaging, near the 90-day historical norm; prioritize a next-step check before forecast review."
D9NLFAEG,Niesha Huffines,Melvin Marxen,Central,GTX Basic,,Engaging,2017-07-30,0.6017227239054062,154.0,90.25,1.706371191135734,False,0.40818770868586274,"Niesha Huffines's GTX Basic opportunity has a 60% close propensity and has spent 154 days in Engaging, near the 90-day historical norm; prioritize a next-step check before forecast review."
YWGU40CP,Darcel Schlecht,Melvin Marxen,Central,MG Special,,Engaging,2017-07-31,0.6143740806452415,153.0,85.0,1.8,False,0.408156847580593,"Darcel Schlecht's MG Special opportunity has a 61% close propensity and has spent 153 days in Engaging, near the 85-day historical norm; prioritize a next-step check before forecast review."
PYRLUYIQ,Marty Freudenburg,Melvin Marxen,Central,GTX Plus Basic,Y-corporation,Engaging,2017-07-27,0.6150524661647442,157.0,87.0,1.8045977011494252,False,0.40811819584349096,"Marty Freudenburg's GTX Plus Basic opportunity has a 62% close propensity and has spent 157 days in Engaging, near the 87-day historical norm; prioritize a next-step check before forecast review."
754UOV5F,Marty Freudenburg,Melvin Marxen,Central,MG Special,,Engaging,2017-07-30,0.6160604733929945,154.0,85.0,1.811764705882353,False,0.40809010405925944,"Marty Freudenburg's MG Special opportunity has a 62% close propensity and has spent 154 days in Engaging, near the 85-day historical norm; prioritize a next-step check before forecast review."
I5AKI9KC,Niesha Huffines,Melvin Marxen,Central,MG Special,,Engaging,2017-07-30,0.6160604733929945,154.0,85.0,1.811764705882353,False,0.40809010405925944,"Niesha Huffines's MG Special opportunity has a 62% close propensity and has spent 154 days in Engaging, near the 85-day historical norm; prioritize a next-step check before forecast review."
9SRD5NCR,Rosalina Dieter,Celia Rouche,West,GTK 500,,Engaging,2017-07-27,0.6020012857052947,157.0,92.0,1.7065217391304348,False,0.40801981646547153,"Rosalina Dieter's GTK 500 opportunity has a 60% close propensity and has spent 157 days in Engaging, near the 92-day historical norm; prioritize a next-step check before forecast review."
G2XP6IGJ,Moses Frase,Dustin Brinkmann,Central,GTX Basic,,Engaging,2017-07-25,0.6095896020328718,159.0,90.25,1.7617728531855956,False,0.4079218833323729,"Moses Frase's GTX Basic opportunity has a 61% close propensity and has spent 159 days in Engaging, near the 90-day historical norm; prioritize a next-step check before forecast review."
0OHEJOI5,Corliss Cosme,Cara Losch,East,MG Advanced,,Engaging,2017-08-13,0.5819737437945667,140.0,90.0,1.5555555555555556,False,0.40782817764464274,"Corliss Cosme's MG Advanced opportunity has a 58% close propensity and has spent 140 days in Engaging, near the 90-day historical norm; prioritize a next-step check before forecast review."
EP9JNNF1,Violet Mclelland,Cara Losch,East,MG Special,,Engaging,2017-07-31,0.6149428702672665,153.0,85.0,1.8,False,0.4077871343262768,"Violet Mclelland's MG Special opportunity has a 61% close propensity and has spent 153 days in Engaging, near the 85-day historical norm; prioritize a next-step check before forecast review."
HISWL7B0,Darcel Schlecht,Melvin Marxen,Central,GTX Pro,,Engaging,2017-08-01,0.6133723870506995,152.0,85.0,1.7882352941176471,False,0.40777853665233943,"Darcel Schlecht's GTX Pro opportunity has a 61% close propensity and has spent 152 days in Engaging, near the 85-day historical norm; prioritize a next-step check before forecast review."
BSKNQJOJ,Darcel Schlecht,Melvin Marxen,Central,GTX Pro,,Engaging,2017-08-01,0.6133723870506995,152.0,85.0,1.7882352941176471,False,0.40777853665233943,"Darcel Schlecht's GTX Pro opportunity has a 61% close propensity and has spent 152 days in Engaging, near the 85-day historical norm; prioritize a next-step check before forecast review."
NBJR3GVR,Marty Freudenburg,Melvin Marxen,Central,GTX Pro,,Engaging,2017-08-01,0.6133723870506995,152.0,85.0,1.7882352941176471,False,0.40777853665233943,"Marty Freudenburg's GTX Pro opportunity has a 61% close propensity and has spent 152 days in Engaging, near the 85-day historical norm; prioritize a next-step check before forecast review."
68EYCEV4,Rosie Papadopoulos,Cara Losch,East,GTX Pro,Faxquote,Engaging,2017-08-10,0.6163262088392063,143.0,79.0,1.8101265822784811,False,0.407774040203883,"Rosie Papadopoulos's GTX Pro opportunity has a 62% close propensity and has spent 143 days in Engaging, near the 79-day historical norm; prioritize a next-step check before forecast review."
MK380H70,Anna Snelling,Dustin Brinkmann,Central,MG Special,,Engaging,2017-07-30,0.6166283277648502,154.0,85.0,1.811764705882353,False,0.40772099871755324,"Anna Snelling's MG Special opportunity has a 62% close propensity and has spent 154 days in Engaging, near the 85-day historical norm; prioritize a next-step check before forecast review."
5SNCUQ8Z,Anna Snelling,Dustin Brinkmann,Central,MG Special,,Engaging,2017-07-30,0.6166283277648502,154.0,85.0,1.811764705882353,False,0.40772099871755324,"Anna Snelling's MG Special opportunity has a 62% close propensity and has spent 154 days in Engaging, near the 85-day historical norm; prioritize a next-step check before forecast review."
0M3NCPQX,Versie Hillebrand,Dustin Brinkmann,Central,MG Special,,Engaging,2017-07-30,0.6166283277648502,154.0,85.0,1.811764705882353,False,0.40772099871755324,"Versie Hillebrand's MG Special opportunity has a 62% close propensity and has spent 154 days in Engaging, near the 85-day historical norm; prioritize a next-step check before forecast review."
OJ42ZCHR,Violet Mclelland,Cara Losch,East,MG Special,,Engaging,2017-07-30,0.6166283277648502,154.0,85.0,1.811764705882353,False,0.40772099871755324,"Violet Mclelland's MG Special opportunity has a 62% close propensity and has spent 154 days in Engaging, near the 85-day historical norm; prioritize a next-step check before forecast review."
283MDYKM,Moses Frase,Dustin Brinkmann,Central,GTX Plus Basic,,Engaging,2017-07-31,0.6095896020328718,153.0,87.0,1.7586206896551724,False,0.4076460690234609,"Moses Frase's GTX Plus Basic opportunity has a 61% close propensity and has spent 153 days in Engaging, near the 87-day historical norm; prioritize a next-step check before forecast review."
FEFNNXH1,Anna Snelling,Dustin Brinkmann,Central,MG Special,Singletechno,Engaging,2017-07-22,0.6294680847090618,162.0,85.0,1.9058823529411764,False,0.40761045082146274,"Anna Snelling's MG Special opportunity has a 63% close propensity and has spent 162 days in Engaging, near the 85-day historical norm; prioritize a next-step check before forecast review."
10QE4JCA,Anna Snelling,Dustin Brinkmann,Central,MG Special,,Engaging,2017-07-28,0.6200219723091388,156.0,85.0,1.8352941176470587,False,0.40757395329317747,"Anna Snelling's MG Special opportunity has a 62% close propensity and has spent 156 days in Engaging, near the 85-day historical norm; prioritize a next-step check before forecast review."
5MAXF8FK,Gladys Colclough,Melvin Marxen,Central,GTX Plus Pro,The New York Inquirer,Engaging,2017-08-11,0.6119213029642859,142.0,80.0,1.775,False,0.4075636530732142,"Gladys Colclough's GTX Plus Pro opportunity has a 61% close propensity and has spent 142 days in Engaging, near the 80-day historical norm; prioritize a next-step check before forecast review."
OBDEDIXA,Hayden Neloms,Celia Rouche,West,MG Advanced,,Engaging,2017-07-31,0.6305957796327936,153.0,80.0,1.9125,False,0.40745649323868416,"Hayden Neloms's MG Advanced opportunity has a 63% close propensity and has spent 153 days in Engaging, near the 80-day historical norm; prioritize a next-step check before forecast review."
7MP6KLZO,Moses Frase,Dustin Brinkmann,Central,GTX Basic,Goodsilron,Engaging,2017-07-24,0.6122930906140351,160.0,90.25,1.7728531855955678,False,0.4071341448404894,"Moses Frase's GTX Basic opportunity has a 61% close propensity and has spent 160 days in Engaging, near the 90-day historical norm; prioritize a next-step check before forecast review."
N07XYH50,Gladys Colclough,Melvin Marxen,Central,GTX Pro,Newex,Engaging,2017-07-28,0.620812039952329,156.0,85.0,1.8352941176470587,False,0.4070604093251038,"Gladys Colclough's GTX Pro opportunity has a 62% close propensity and has spent 156 days in Engaging, near the 85-day historical norm; prioritize a next-step check before forecast review."
8D8JOXP6,Cecily Lampkin,Dustin Brinkmann,Central,MG Special,,Engaging,2017-07-19,0.6353848728970266,165.0,85.0,1.9411764705882353,False,0.4068527737934033,"Cecily Lampkin's MG Special opportunity has a 64% close propensity and has spent 165 days in Engaging, near the 85-day historical norm; prioritize a next-step check before forecast review."
IPHP2GVT,Cecily Lampkin,Dustin Brinkmann,Central,MG Special,,Engaging,2017-07-19,0.6353848728970266,165.0,85.0,1.9411764705882353,False,0.4068527737934033,"Cecily Lampkin's MG Special opportunity has a 64% close propensity and has spent 165 days in Engaging, near the 85-day historical norm; prioritize a next-step check before forecast review."
021Z2J9L,Markita Hansen,Celia Rouche,West,GTK 500,Rundofase,Engaging,2017-07-23,0.6098420579009234,161.0,92.0,1.75,False,0.40672766236439983,"Markita Hansen's GTK 500 opportunity has a 61% close propensity and has spent 161 days in Engaging, near the 92-day historical norm; prioritize a next-step check before forecast review."
IW6S2BN0,Gladys Colclough,Melvin Marxen,Central,GTX Plus Basic,,Engaging,2017-08-01,0.6096440501249238,152.0,87.0,1.7471264367816093,False,0.40660493063719033,"Gladys Colclough's GTX Plus Basic opportunity has a 61% close propensity and has spent 152 days in Engaging, near the 87-day historical norm; prioritize a next-step check before forecast review."
TQZLDFIJ,Versie Hillebrand,Dustin Brinkmann,Central,MG Special,,Engaging,2017-07-29,0.6200219723091388,155.0,85.0,1.8235294117647058,False,0.4065445415284715,"Versie Hillebrand's MG Special opportunity has a 62% close propensity and has spent 155 days in Engaging, near the 85-day historical norm; prioritize a next-step check before forecast review."
WO1OYV0Z,Boris Faz,Rocco Neubert,East,GTX Plus Pro,,Engaging,2017-08-06,0.6166191381304379,147.0,82.0,1.7926829268292683,False,0.40605731631277636,"Boris Faz's GTX Plus Pro opportunity has a 62% close propensity and has spent 147 days in Engaging, near the 82-day historical norm; prioritize a next-step check before forecast review."
98K99UW9,Rosie Papadopoulos,Cara Losch,East,GTX Plus Pro,,Engaging,2017-08-06,0.6166191381304379,147.0,82.0,1.7926829268292683,False,0.40605731631277636,"Rosie Papadopoulos's GTX Plus Pro opportunity has a 62% close propensity and has spent 147 days in Engaging, near the 82-day historical norm; prioritize a next-step check before forecast review."
8MUD1WS1,Cecily Lampkin,Dustin Brinkmann,Central,MG Advanced,,Engaging,2017-08-12,0.6014011008749319,141.0,84.0,1.6785714285714286,False,0.4059642844312943,"Cecily Lampkin's MG Advanced opportunity has a 60% close propensity and has spent 141 days in Engaging, near the 84-day historical norm; prioritize a next-step check before forecast review."
2E2FDZHG,Niesha Huffines,Melvin Marxen,Central,GTX Pro,,Engaging,2017-08-02,0.6146963870104841,151.0,85.0,1.776470588235294,False,0.4058885249137736,"Niesha Huffines's GTX Pro opportunity has a 61% close propensity and has spent 151 days in Engaging, near the 85-day historical norm; prioritize a next-step check before forecast review."
J31SUXQJ,Marty Freudenburg,Melvin Marxen,Central,GTX Plus Pro,Sumace,Engaging,2017-08-10,0.6162517928250798,143.0,80.0,1.7875,False,0.40584258466369816,"Marty Freudenburg's GTX Plus Pro opportunity has a 62% close propensity and has spent 143 days in Engaging, near the 80-day historical norm; prioritize a next-step check before forecast review."
RCJRB8W8,Darcel Schlecht,Melvin Marxen,Central,GTX Plus Pro,,Engaging,2017-08-05,0.6249384072549434,148.0,80.0,1.85,False,0.40566503528428677,"Darcel Schlecht's GTX Plus Pro opportunity has a 62% close propensity and has spent 148 days in Engaging, near the 80-day historical norm; prioritize a next-step check before forecast review."
5NGPM4C3,Darcel Schlecht,Melvin Marxen,Central,GTX Plus Pro,,Engaging,2017-08-05,0.6249384072549434,148.0,80.0,1.85,False,0.40566503528428677,"Darcel Schlecht's GTX Plus Pro opportunity has a 62% close propensity and has spent 148 days in Engaging, near the 80-day historical norm; prioritize a next-step check before forecast review."
3PPHOXTT,Darcel Schlecht,Melvin Marxen,Central,MG Special,,Engaging,2017-07-28,0.6229909191520111,156.0,85.0,1.8352941176470587,False,0.40564413784531045,"Darcel Schlecht's MG Special opportunity has a 62% close propensity and has spent 156 days in Engaging, near the 85-day historical norm; prioritize a next-step check before forecast review."
NJNY07JZ,Darcel Schlecht,Melvin Marxen,Central,GTX Basic,Codehow,Engaging,2017-07-29,0.6071309108970221,155.0,90.25,1.7174515235457064,False,0.40564191622718493,"Darcel Schlecht's GTX Basic opportunity has a 61% close propensity and has spent 155 days in Engaging, near the 90-day historical norm; prioritize a next-step check before forecast review."
6KEWAQMX,Cassey Cress,Rocco Neubert,East,GTX Pro,,Engaging,2017-08-12,0.6163262088392063,141.0,79.0,1.7848101265822784,False,0.4055588503304653,"Cassey Cress's GTX Pro opportunity has a 62% close propensity and has spent 141 days in Engaging, near the 79-day historical norm; prioritize a next-step check before forecast review."
K63TD0WD,Versie Hillebrand,Dustin Brinkmann,Central,MG Special,,Engaging,2017-07-31,0.6186345426333367,153.0,85.0,1.8,False,0.40538754728833115,"Versie Hillebrand's MG Special opportunity has a 62% close propensity and has spent 153 days in Engaging, near the 85-day historical norm; prioritize a next-step check before forecast review."
EN8JHUXA,Moses Frase,Dustin Brinkmann,Central,GTX Basic,,Engaging,2017-07-27,0.6109892457126338,157.0,90.25,1.739612188365651,False,0.40507305676878247,"Moses Frase's GTX Basic opportunity has a 61% close propensity and has spent 157 days in Engaging, near the 90-day historical norm; prioritize a next-step check before forecast review."
A3T91VUM,Cecily Lampkin,Dustin Brinkmann,Central,MG Special,,Engaging,2017-07-21,0.6354539815603127,163.0,85.0,1.9176470588235295,False,0.40474902963285553,"Cecily Lampkin's MG Special opportunity has a 64% close propensity and has spent 163 days in Engaging, near the 85-day historical norm; prioritize a next-step check before forecast review."
ICR59VIJ,Cassey Cress,Rocco Neubert,East,MG Advanced,,Engaging,2017-08-15,0.5842272522771402,138.0,90.0,1.5333333333333334,False,0.4044189526865255,"Cassey Cress's MG Advanced opportunity has a 58% close propensity and has spent 138 days in Engaging, near the 90-day historical norm; prioritize a next-step check before forecast review."
ABT1TDH1,Moses Frase,Dustin Brinkmann,Central,GTX Basic,,Engaging,2017-07-30,0.607565989086705,154.0,90.25,1.706371191135734,False,0.40438958631801847,"Moses Frase's GTX Basic opportunity has a 61% close propensity and has spent 154 days in Engaging, near the 90-day historical norm; prioritize a next-step check before forecast review."
FSNL204U,Marty Freudenburg,Melvin Marxen,Central,GTX Plus Pro,Hatfan,Engaging,2017-08-09,0.6202233534968781,144.0,80.0,1.8,False,0.4043548202270293,"Marty Freudenburg's GTX Plus Pro opportunity has a 62% close propensity and has spent 144 days in Engaging, near the 80-day historical norm; prioritize a next-step check before forecast review."
7VSFD2MV,Kary Hendrixson,Summer Sewald,West,GTX Basic,,Engaging,2017-08-03,0.621357191362223,150.0,83.0,1.8072289156626506,False,0.404250355735037,"Kary Hendrixson's GTX Basic opportunity has a 62% close propensity and has spent 150 days in Engaging, near the 83-day historical norm; prioritize a next-step check before forecast review."
LBO52V0N,Cassey Cress,Rocco Neubert,East,GTX Pro,,Engaging,2017-08-14,0.6149336654609593,139.0,79.0,1.759493670886076,False,0.4042488136529081,"Cassey Cress's GTX Pro opportunity has a 61% close propensity and has spent 139 days in Engaging, near the 79-day historical norm; prioritize a next-step check before forecast review."
PQJZNRKK,Rosie Papadopoulos,Cara Losch,East,GTX Pro,,Engaging,2017-08-14,0.6149336654609593,139.0,79.0,1.759493670886076,False,0.4042488136529081,"Rosie Papadopoulos's GTX Pro opportunity has a 61% close propensity and has spent 139 days in Engaging, near the 79-day historical norm; prioritize a next-step check before forecast review."
JEWIBFH9,Wilburn Farren,Cara Losch,East,MG Advanced,,Engaging,2017-08-14,0.586151523315332,139.0,90.0,1.5444444444444445,False,0.40414039873392305,"Wilburn Farren's MG Advanced opportunity has a 59% close propensity and has spent 139 days in Engaging, near the 90-day historical norm; prioritize a next-step check before forecast review."
KPYCCBQA,Cecily Lampkin,Dustin Brinkmann,Central,GTX Plus Basic,,Engaging,2017-07-27,0.6213953797858658,157.0,87.0,1.8045977011494252,False,0.40399530198976197,"Cecily Lampkin's GTX Plus Basic opportunity has a 62% close propensity and has spent 157 days in Engaging, near the 87-day historical norm; prioritize a next-step check before forecast review."
ZGK1AWBD,Boris Faz,Rocco Neubert,East,MG Special,Vehement Capital Partners,Engaging,2017-08-06,0.611557077793449,147.0,85.0,1.7294117647058824,False,0.40381142884602284,"Boris Faz's MG Special opportunity has a 61% close propensity and has spent 147 days in Engaging, near the 85-day historical norm; prioritize a next-step check before forecast review."
G1M1KVHU,Niesha Huffines,Melvin Marxen,Central,GTX Plus Basic,Xx-zobam,Engaging,2017-07-23,0.6282169143046353,161.0,87.0,1.8505747126436782,False,0.4035842930583089,"Niesha Huffines's GTX Plus Basic opportunity has a 63% close propensity and has spent 161 days in Engaging, near the 87-day historical norm; prioritize a next-step check before forecast review."
5378T3K3,Markita Hansen,Celia Rouche,West,GTX Plus Pro,,Engaging,2017-08-15,0.6004513973980715,138.0,84.0,1.6428571428571428,False,0.40345659169125353,"Markita Hansen's GTX Plus Pro opportunity has a 60% close propensity and has spent 138 days in Engaging, near the 84-day historical norm; prioritize a next-step check before forecast review."
CUZDYOOO,Darcel Schlecht,Melvin Marxen,Central,GTX Basic,,Engaging,2017-07-30,0.6090426573420368,154.0,90.25,1.706371191135734,False,0.40342975195205283,"Darcel Schlecht's GTX Basic opportunity has a 61% close propensity and has spent 154 days in Engaging, near the 90-day historical norm; prioritize a next-step check before forecast review."
WD7Q5D3G,Markita Hansen,Celia Rouche,West,GTX Plus Basic,,Engaging,2017-08-07,0.6004513973980715,146.0,89.0,1.6404494382022472,False,0.40324591753395017,"Markita Hansen's GTX Plus Basic opportunity has a 60% close propensity and has spent 146 days in Engaging, near the 89-day historical norm; prioritize a next-step check before forecast review."
XNKIZY9J,Corliss Cosme,Cara Losch,East,MG Advanced,,Engaging,2017-08-18,0.5816723018519752,135.0,90.0,1.5,False,0.4031630037962161,"Corliss Cosme's MG Advanced opportunity has a 58% close propensity and has spent 135 days in Engaging, near the 90-day historical norm; prioritize a next-step check before forecast review."
8QDSXHQ8,Cecily Lampkin,Dustin Brinkmann,Central,GTX Basic,,Engaging,2017-07-22,0.6213953797858658,162.0,90.25,1.7950138504155124,False,0.40315671505054457,"Cecily Lampkin's GTX Basic opportunity has a 62% close propensity and has spent 162 days in Engaging, near the 90-day historical norm; prioritize a next-step check before forecast review."
T1SITEI0,Darcel Schlecht,Melvin Marxen,Central,MG Special,Singletechno,Engaging,2017-07-29,0.6252553366772493,155.0,85.0,1.8235294117647058,False,0.40314285468919975,"Darcel Schlecht's MG Special opportunity has a 63% close propensity and has spent 155 days in Engaging, near the 85-day historical norm; prioritize a next-step check before forecast review."
SLMY2KDA,Kary Hendrixson,Summer Sewald,West,GTX Pro,,Engaging,2017-08-06,0.6216486375416388,147.0,82.0,1.7926829268292683,False,0.40278814169549576,"Kary Hendrixson's GTX Pro opportunity has a 62% close propensity and has spent 147 days in Engaging, near the 82-day historical norm; prioritize a next-step check before forecast review."
7FFV8D9U,Gladys Colclough,Melvin Marxen,Central,GTX Pro,Plusstrip,Engaging,2017-08-06,0.613218552169044,147.0,85.0,1.7294117647058824,False,0.4027314705018861,"Gladys Colclough's GTX Pro opportunity has a 61% close propensity and has spent 147 days in Engaging, near the 85-day historical norm; prioritize a next-step check before forecast review."
TJ95PY76,Darcel Schlecht,Melvin Marxen,Central,GTX Pro,J-Texon,Engaging,2017-07-30,0.6246337118557003,154.0,85.0,1.811764705882353,False,0.4025174990585007,"Darcel Schlecht's GTX Pro opportunity has a 62% close propensity and has spent 154 days in Engaging, near the 85-day historical norm; prioritize a next-step check before forecast review."
ATMWAQL5,Niesha Huffines,Melvin Marxen,Central,GTX Plus Basic,Gogozoom,Engaging,2017-08-03,0.6132852612986461,150.0,87.0,1.7241379310344827,False,0.4022266491213973,"Niesha Huffines's GTX Plus Basic opportunity has a 61% close propensity and has spent 150 days in Engaging, near the 87-day historical norm; prioritize a next-step check before forecast review."
WARBRUXU,Jonathan Berthelot,Melvin Marxen,Central,GTX Basic,Stanredtax,Engaging,2017-07-21,0.6243937081084043,163.0,90.25,1.8060941828254848,False,0.4021773307267671,"Jonathan Berthelot's GTX Basic opportunity has a 62% close propensity and has spent 163 days in Engaging, near the 90-day historical norm; prioritize a next-step check before forecast review."
9B7FS6YL,Darcel Schlecht,Melvin Marxen,Central,GTX Pro,Konex,Engaging,2017-07-27,0.6303431132490176,157.0,85.0,1.8470588235294119,False,0.40189462344696214,"Darcel Schlecht's GTX Pro opportunity has a 63% close propensity and has spent 157 days in Engaging, near the 85-day historical norm; prioritize a next-step check before forecast review."
NX2EICNQ,Versie Hillebrand,Dustin Brinkmann,Central,GTX Basic,Kan-code,Engaging,2017-07-28,0.6145463553844602,156.0,90.25,1.7285318559556786,False,0.40179140639622274,"Versie Hillebrand's GTX Basic opportunity has a 61% close propensity and has spent 156 days in Engaging, near the 90-day historical norm; prioritize a next-step check before forecast review."
SYA1A4E5,Niesha Huffines,Melvin Marxen,Central,GTX Pro,,Engaging,2017-08-07,0.6133723870506995,146.0,85.0,1.7176470588235293,False,0.40160206606410415,"Niesha Huffines's GTX Pro opportunity has a 61% close propensity and has spent 146 days in Engaging, near the 85-day historical norm; prioritize a next-step check before forecast review."
NY7Z4I06,Kary Hendrixson,Summer Sewald,West,GTX Plus Pro,Betasoloin,Engaging,2017-08-05,0.6198850885823429,148.0,84.0,1.7619047619047619,False,0.40124135908814373,"Kary Hendrixson's GTX Plus Pro opportunity has a 62% close propensity and has spent 148 days in Engaging, near the 84-day historical norm; prioritize a next-step check before forecast review."
49SUORYW,Niesha Huffines,Melvin Marxen,Central,GTX Plus Basic,Betasoloin,Engaging,2017-08-04,0.6132852612986461,149.0,87.0,1.7126436781609196,False,0.4012209019949605,"Niesha Huffines's GTX Plus Basic opportunity has a 61% close propensity and has spent 149 days in Engaging, near the 87-day historical norm; prioritize a next-step check before forecast review."
VVO21D4Z,Cecily Lampkin,Dustin Brinkmann,Central,GTX Basic,,Engaging,2017-07-25,0.6200098915042275,159.0,90.25,1.7617728531855956,False,0.4011486951759917,"Cecily Lampkin's GTX Basic opportunity has a 62% close propensity and has spent 159 days in Engaging, near the 90-day historical norm; prioritize a next-step check before forecast review."
RZXMIHGO,Gladys Colclough,Melvin Marxen,Central,GTX Basic,,Engaging,2017-08-01,0.6096440501249238,152.0,90.25,1.6842105263157894,False,0.40109978847143113,"Gladys Colclough's GTX Basic opportunity has a 61% close propensity and has spent 152 days in Engaging, near the 90-day historical norm; prioritize a next-step check before forecast review."
VLYT262U,Daniell Hammack,Rocco Neubert,East,GTX Plus Basic,,Engaging,2017-08-04,0.6163262088392063,149.0,86.0,1.7325581395348837,False,0.40098680146381827,"Daniell Hammack's GTX Plus Basic opportunity has a 62% close propensity and has spent 149 days in Engaging, near the 86-day historical norm; prioritize a next-step check before forecast review."
G78ZK6XI,Gladys Colclough,Melvin Marxen,Central,MG Special,,Engaging,2017-08-01,0.6238748863848554,152.0,85.0,1.7882352941176471,False,0.4009519120851381,"Gladys Colclough's MG Special opportunity has a 62% close propensity and has spent 152 days in Engaging, near the 85-day historical norm; prioritize a next-step check before forecast review."
9AESK6QV,Vicki Laflamme,Celia Rouche,West,GTX Basic,,Engaging,2017-08-07,0.6199716487982393,146.0,83.0,1.7590361445783131,False,0.40093409093174687,"Vicki Laflamme's GTX Basic opportunity has a 62% close propensity and has spent 146 days in Engaging, near the 83-day historical norm; prioritize a next-step check before forecast review."
04T6SOQW,Kami Bicknell,Summer Sewald,West,GTX Basic,,Engaging,2017-08-06,0.6216486375416388,147.0,83.0,1.7710843373493976,False,0.40089826511600707,"Kami Bicknell's GTX Basic opportunity has a 62% close propensity and has spent 147 days in Engaging, near the 83-day historical norm; prioritize a next-step check before forecast review."
Y7244XW7,Moses Frase,Dustin Brinkmann,Central,MG Special,Plussunin,Engaging,2017-08-01,0.6244089917611628,152.0,85.0,1.7882352941176471,False,0.4006047435905383,"Moses Frase's MG Special opportunity has a 62% close propensity and has spent 152 days in Engaging, near the 85-day historical norm; prioritize a next-step check before forecast review."
FH3UXT3T,Darcel Schlecht,Melvin Marxen,Central,GTX Pro,,Engaging,2017-08-08,0.6133723870506995,145.0,85.0,1.7058823529411764,False,0.40057265429939826,"Darcel Schlecht's GTX Pro opportunity has a 61% close propensity and has spent 145 days in Engaging, near the 85-day historical norm; prioritize a next-step check before forecast review."
988J5AUI,Hayden Neloms,Celia Rouche,West,GTX Plus Basic,,Engaging,2017-08-10,0.6001724358683903,143.0,89.0,1.6067415730337078,False,0.40047780432599567,"Hayden Neloms's GTX Plus Basic opportunity has a 60% close propensity and has spent 143 days in Engaging, near the 89-day historical norm; prioritize a next-step check before forecast review."
G40058T1,Versie Hillebrand,Dustin Brinkmann,Central,MG Special,Yearin,Engaging,2017-07-29,0.6294680847090618,155.0,85.0,1.8235294117647058,False,0.40040456846852157,"Versie Hillebrand's MG Special opportunity has a 63% close propensity and has spent 155 days in Engaging, near the 85-day historical norm; prioritize a next-step check before forecast review."
V1KABF71,Jonathan Berthelot,Melvin Marxen,Central,GTX Plus Basic,,Engaging,2017-08-04,0.6147670394824343,149.0,87.0,1.7126436781609196,False,0.40025774617549814,"Jonathan Berthelot's GTX Plus Basic opportunity has a 61% close propensity and has spent 149 days in Engaging, near the 87-day historical norm; prioritize a next-step check before forecast review."
Z4OOTJAJ,Darcel Schlecht,Melvin Marxen,Central,GTX Plus Pro,,Engaging,2017-08-10,0.6249384072549434,143.0,80.0,1.7875,False,0.40019628528428675,"Darcel Schlecht's GTX Plus Pro opportunity has a 62% close propensity and has spent 143 days in Engaging, near the 80-day historical norm; prioritize a next-step check before forecast review."
FKVC924F,Daniell Hammack,Rocco Neubert,East,GTX Pro,,Engaging,2017-08-17,0.6163262088392063,136.0,79.0,1.7215189873417722,False,0.400020875646921,"Daniell Hammack's GTX Pro opportunity has a 62% close propensity and has spent 136 days in Engaging, near the 79-day historical norm; prioritize a next-step check before forecast review."
LXVCMY4C,Daniell Hammack,Rocco Neubert,East,GTX Pro,,Engaging,2017-08-17,0.6163262088392063,136.0,79.0,1.7215189873417722,False,0.400020875646921,"Daniell Hammack's GTX Pro opportunity has a 62% close propensity and has spent 136 days in Engaging, near the 79-day historical norm; prioritize a next-step check before forecast review."
CLRPASVW,Kami Bicknell,Summer Sewald,West,GTX Basic,Cancity,Engaging,2017-08-08,0.6199716487982393,145.0,83.0,1.7469879518072289,False,0.399879874064277,"Kami Bicknell's GTX Basic opportunity has a 62% close propensity and has spent 145 days in Engaging, near the 83-day historical norm; prioritize a next-step check before forecast review."
Z7Q2USU1,Markita Hansen,Celia Rouche,West,MG Special,,Engaging,2017-08-11,0.6123942245254006,142.0,84.25,1.685459940652819,False,0.3994214988656113,"Markita Hansen's MG Special opportunity has a 61% close propensity and has spent 142 days in Engaging, near the 84-day historical norm; prioritize a next-step check before forecast review."
4PNXMXXC,Anna Snelling,Dustin Brinkmann,Central,GTX Basic,,Engaging,2017-08-05,0.6063811865886959,148.0,90.25,1.6398891966759004,False,0.39934253342648895,"Anna Snelling's GTX Basic opportunity has a 61% close propensity and has spent 148 days in Engaging, near the 90-day historical norm; prioritize a next-step check before forecast review."
XVB2CGL6,Maureen Marcano,Summer Sewald,West,GTX Pro,,Engaging,2017-07-21,0.6535757162448864,163.0,82.0,1.9878048780487805,False,0.3991087112700921,"Maureen Marcano's GTX Pro opportunity has a 65% close propensity and has spent 163 days in Engaging, near the 82-day historical norm; prioritize a next-step check before forecast review."
UM1OU73X,Darcel Schlecht,Melvin Marxen,Central,GTX Pro,,Engaging,2017-08-04,0.6219978370737487,149.0,85.0,1.7529411764705882,False,0.3990837588432399,"Darcel Schlecht's GTX Pro opportunity has a 62% close propensity and has spent 149 days in Engaging, near the 85-day historical norm; prioritize a next-step check before forecast review."
69U39SXU,Darcel Schlecht,Melvin Marxen,Central,GTX Pro,,Engaging,2017-08-04,0.6219978370737487,149.0,85.0,1.7529411764705882,False,0.3990837588432399,"Darcel Schlecht's GTX Pro opportunity has a 62% close propensity and has spent 149 days in Engaging, near the 85-day historical norm; prioritize a next-step check before forecast review."
1FLN8BTI,Darcel Schlecht,Melvin Marxen,Central,MG Special,Rundofase,Engaging,2017-08-01,0.6269425398119626,152.0,85.0,1.7882352941176471,False,0.39895793735751844,"Darcel Schlecht's MG Special opportunity has a 63% close propensity and has spent 152 days in Engaging, near the 85-day historical norm; prioritize a next-step check before forecast review."
9B20R6A5,Darcel Schlecht,Melvin Marxen,Central,GTX Pro,,Engaging,2017-08-09,0.6146963870104841,144.0,85.0,1.6941176470588235,False,0.3986826425608324,"Darcel Schlecht's GTX Pro opportunity has a 61% close propensity and has spent 144 days in Engaging, near the 85-day historical norm; prioritize a next-step check before forecast review."
VAL8O4PH,Darcel Schlecht,Melvin Marxen,Central,MG Special,,Engaging,2017-08-01,0.6275503407050046,152.0,85.0,1.7882352941176471,False,0.3985628667770411,"Darcel Schlecht's MG Special opportunity has a 63% close propensity and has spent 152 days in Engaging, near the 85-day historical norm; prioritize a next-step check before forecast review."
7AFBJFP5,Maureen Marcano,Summer Sewald,West,MG Special,,Engaging,2017-07-24,0.6425358928542426,160.0,84.25,1.8991097922848665,False,0.3985237764696681,"Maureen Marcano's MG Special opportunity has a 64% close propensity and has spent 160 days in Engaging, near the 84-day historical norm; prioritize a next-step check before forecast review."
3G61D5KV,Gladys Colclough,Melvin Marxen,Central,MG Special,,Engaging,2017-08-03,0.6246502057136538,150.0,85.0,1.7647058823529411,False,0.39838913099200735,"Gladys Colclough's MG Special opportunity has a 62% close propensity and has spent 150 days in Engaging, near the 85-day historical norm; prioritize a next-step check before forecast review."
4ZB2W6O7,Anna Snelling,Dustin Brinkmann,Central,MG Special,Plusstrip,Engaging,2017-08-01,0.6281303299180013,152.0,85.0,1.7882352941176471,False,0.39818587378859327,"Anna Snelling's MG Special opportunity has a 63% close propensity and has spent 152 days in Engaging, near the 85-day historical norm; prioritize a next-step check before forecast review."
3FWZBSW1,Versie Hillebrand,Dustin Brinkmann,Central,MG Special,Cancity,Engaging,2017-08-01,0.6281303299180013,152.0,85.0,1.7882352941176471,False,0.39818587378859327,"Versie Hillebrand's MG Special opportunity has a 63% close propensity and has spent 152 days in Engaging, near the 85-day historical norm; prioritize a next-step check before forecast review."
298J5EM0,Vicki Laflamme,Celia Rouche,West,GTX Basic,,Engaging,2017-08-09,0.6212870029781392,144.0,83.0,1.7349397590361446,False,0.3979706769798722,"Vicki Laflamme's GTX Basic opportunity has a 62% close propensity and has spent 144 days in Engaging, near the 83-day historical norm; prioritize a next-step check before forecast review."
23J295J4,Rosalina Dieter,Celia Rouche,West,MG Special,Xx-holding,Engaging,2017-08-21,0.5987186261313213,132.0,84.25,1.5667655786350148,False,0.3979248811452049,"Rosalina Dieter's MG Special opportunity has a 60% close propensity and has spent 132 days in Engaging, near the 84-day historical norm; prioritize a next-step check before forecast review."
5P4O1IU6,Cassey Cress,Rocco Neubert,East,MG Advanced,,Engaging,2017-08-22,0.5842272522771402,131.0,90.0,1.4555555555555555,False,0.39761339713096994,"Cassey Cress's MG Advanced opportunity has a 58% close propensity and has spent 131 days in Engaging, near the 90-day historical norm; prioritize a next-step check before forecast review."
58W7CZGD,Vicki Laflamme,Celia Rouche,West,GTX Pro,Cancity,Engaging,2017-08-12,0.6198850885823429,141.0,82.0,1.7195121951219512,False,0.39753200949464784,"Vicki Laflamme's GTX Pro opportunity has a 62% close propensity and has spent 141 days in Engaging, near the 82-day historical norm; prioritize a next-step check before forecast review."
5UFU5IO4,Corliss Cosme,Cara Losch,East,MG Special,Cancity,Engaging,2017-08-04,0.6243886243114357,149.0,85.0,1.7529411764705882,False,0.39752974713874323,"Corliss Cosme's MG Special opportunity has a 62% close propensity and has spent 149 days in Engaging, near the 85-day historical norm; prioritize a next-step check before forecast review."
ZCUMC0XC,Gladys Colclough,Melvin Marxen,Central,MG Special,,Engaging,2017-08-04,0.6246502057136538,149.0,85.0,1.7529411764705882,False,0.3973597192273015,"Gladys Colclough's MG Special opportunity has a 62% close propensity and has spent 149 days in Engaging, near the 85-day historical norm; prioritize a next-step check before forecast review."
LFJVV393,Hayden Neloms,Celia Rouche,West,GTX Plus Basic,,Engaging,2017-08-13,0.6004697034148141,140.0,89.0,1.5730337078651686,False,0.3973351422185731,"Hayden Neloms's GTX Plus Basic opportunity has a 60% close propensity and has spent 140 days in Engaging, near the 89-day historical norm; prioritize a next-step check before forecast review."
URQYDGX8,Jonathan Berthelot,Melvin Marxen,Central,GTX Basic,,Engaging,2017-08-02,0.6146963870104841,151.0,90.25,1.6731301939058172,False,0.3968462404099443,"Jonathan Berthelot's GTX Basic opportunity has a 61% close propensity and has spent 151 days in Engaging, near the 90-day historical norm; prioritize a next-step check before forecast review."
A8NDGVJE,Darcel Schlecht,Melvin Marxen,Central,GTX Pro,,Engaging,2017-08-06,0.622289089893878,147.0,85.0,1.7294117647058824,False,0.396835620980744,"Darcel Schlecht's GTX Pro opportunity has a 62% close propensity and has spent 147 days in Engaging, near the 85-day historical norm; prioritize a next-step check before forecast review."
RD6Y5R4P,Kami Bicknell,Summer Sewald,West,MG Special,Cancity,Engaging,2017-08-03,0.6293774607865695,150.0,84.25,1.7804154302670623,False,0.3966910006370977,"Kami Bicknell's MG Special opportunity has a 63% close propensity and has spent 150 days in Engaging, near the 84-day historical norm; prioritize a next-step check before forecast review."
WK1319MB,Boris Faz,Rocco Neubert,East,MG Advanced,,Engaging,2017-08-23,0.5842272522771402,130.0,90.0,1.4444444444444444,False,0.39664117490874773,"Boris Faz's MG Advanced opportunity has a 58% close propensity and has spent 130 days in Engaging, near the 90-day historical norm; prioritize a next-step check before forecast review."
SAMPTSH0,Anna Snelling,Dustin Brinkmann,Central,GTX Plus Basic,,Engaging,2017-08-14,0.6049756825585102,139.0,87.0,1.5977011494252873,False,0.396564656911681,"Anna Snelling's GTX Plus Basic opportunity has a 60% close propensity and has spent 139 days in Engaging, near the 87-day historical norm; prioritize a next-step check before forecast review."
3A2CCWEG,Cecily Lampkin,Dustin Brinkmann,Central,MG Special,,Engaging,2017-07-29,0.6354539815603127,155.0,85.0,1.8235294117647058,False,0.39651373551520847,"Cecily Lampkin's MG Special opportunity has a 64% close propensity and has spent 155 days in Engaging, near the 85-day historical norm; prioritize a next-step check before forecast review."
TZPE6M07,Wilburn Farren,Cara Losch,East,MG Advanced,,Engaging,2017-08-22,0.586151523315332,131.0,90.0,1.4555555555555555,False,0.3963626209561453,"Wilburn Farren's MG Advanced opportunity has a 59% close propensity and has spent 131 days in Engaging, near the 90-day historical norm; prioritize a next-step check before forecast review."
6RZ5GSAB,Jonathan Berthelot,Melvin Marxen,Central,GTX Basic,,Engaging,2017-08-03,0.6147670394824343,150.0,90.25,1.6620498614958448,False,0.39583078721730414,"Jonathan Berthelot's GTX Basic opportunity has a 61% close propensity and has spent 150 days in Engaging, near the 90-day historical norm; prioritize a next-step check before forecast review."
P4D1NK6D,Elease Gluck,Celia Rouche,West,GTX Basic,,Engaging,2017-08-11,0.621357191362223,142.0,83.0,1.7108433734939759,False,0.3958166207952779,"Elease Gluck's GTX Basic opportunity has a 62% close propensity and has spent 142 days in Engaging, near the 83-day historical norm; prioritize a next-step check before forecast review."
SUUVV6RP,Niesha Huffines,Melvin Marxen,Central,MG Special,,Engaging,2017-08-03,0.6289247903719909,150.0,85.0,1.7647058823529411,False,0.39561065096408826,"Niesha Huffines's MG Special opportunity has a 63% close propensity and has spent 150 days in Engaging, near the 85-day historical norm; prioritize a next-step check before forecast review."
VIY7P8J6,Versie Hillebrand,Dustin Brinkmann,Central,MG Special,Hatfan,Engaging,2017-08-01,0.6321217311626126,152.0,85.0,1.7882352941176471,False,0.3955914629795959,"Versie Hillebrand's MG Special opportunity has a 63% close propensity and has spent 152 days in Engaging, near the 85-day historical norm; prioritize a next-step check before forecast review."
MUSSD9WD,Darcel Schlecht,Melvin Marxen,Central,GTX Plus Basic,Goodsilron,Engaging,2017-08-09,0.6146963870104841,144.0,87.0,1.6551724137931034,False,0.3952749346500819,"Darcel Schlecht's GTX Plus Basic opportunity has a 61% close propensity and has spent 144 days in Engaging, near the 87-day historical norm; prioritize a next-step check before forecast review."
H85L45JM,Anna Snelling,Dustin Brinkmann,Central,MG Special,,Engaging,2017-08-01,0.6327260371197098,152.0,85.0,1.7882352941176471,False,0.3951986641074828,"Anna Snelling's MG Special opportunity has a 63% close propensity and has spent 152 days in Engaging, near the 85-day historical norm; prioritize a next-step check before forecast review."
A9TEJW6U,Versie Hillebrand,Dustin Brinkmann,Central,MG Special,,Engaging,2017-08-01,0.6327260371197098,152.0,85.0,1.7882352941176471,False,0.3951986641074828,"Versie Hillebrand's MG Special opportunity has a 63% close propensity and has spent 152 days in Engaging, near the 85-day historical norm; prioritize a next-step check before forecast review."
1DC9PQ4S,Versie Hillebrand,Dustin Brinkmann,Central,MG Special,,Engaging,2017-08-01,0.6327260371197098,152.0,85.0,1.7882352941176471,False,0.3951986641074828,"Versie Hillebrand's MG Special opportunity has a 63% close propensity and has spent 152 days in Engaging, near the 85-day historical norm; prioritize a next-step check before forecast review."
27REMGYU,James Ascencio,Summer Sewald,West,GTX Basic,,Engaging,2017-08-12,0.621357191362223,141.0,83.0,1.6987951807228916,False,0.39476240392780804,"James Ascencio's GTX Basic opportunity has a 62% close propensity and has spent 141 days in Engaging, near the 83-day historical norm; prioritize a next-step check before forecast review."
B96E3BBD,Vicki Laflamme,Celia Rouche,West,GTX Basic,,Engaging,2017-08-12,0.621357191362223,141.0,83.0,1.6987951807228916,False,0.39476240392780804,"Vicki Laflamme's GTX Basic opportunity has a 62% close propensity and has spent 141 days in Engaging, near the 83-day historical norm; prioritize a next-step check before forecast review."
MQEFGUOG,Vicki Laflamme,Celia Rouche,West,GTX Basic,,Engaging,2017-08-12,0.621357191362223,141.0,83.0,1.6987951807228916,False,0.39476240392780804,"Vicki Laflamme's GTX Basic opportunity has a 62% close propensity and has spent 141 days in Engaging, near the 83-day historical norm; prioritize a next-step check before forecast review."
FJE58EP1,Darcel Schlecht,Melvin Marxen,Central,GTX Pro,,Engaging,2017-08-14,0.6133723870506995,139.0,85.0,1.6352941176470588,False,0.394396183711163,"Darcel Schlecht's GTX Pro opportunity has a 61% close propensity and has spent 139 days in Engaging, near the 85-day historical norm; prioritize a next-step check before forecast review."
AILB4LIX,Darcel Schlecht,Melvin Marxen,Central,GTX Pro,,Engaging,2017-08-14,0.6133723870506995,139.0,85.0,1.6352941176470588,False,0.394396183711163,"Darcel Schlecht's GTX Pro opportunity has a 61% close propensity and has spent 139 days in Engaging, near the 85-day historical norm; prioritize a next-step check before forecast review."
KBPKLB2X,Jonathan Berthelot,Melvin Marxen,Central,GTX Pro,,Engaging,2017-08-14,0.6133723870506995,139.0,85.0,1.6352941176470588,False,0.394396183711163,"Jonathan Berthelot's GTX Pro opportunity has a 61% close propensity and has spent 139 days in Engaging, near the 85-day historical norm; prioritize a next-step check before forecast review."
9CPUX0D0,Marty Freudenburg,Melvin Marxen,Central,GTX Pro,,Engaging,2017-08-13,0.6150604156852095,140.0,85.0,1.6470588235294117,False,0.39432837686343736,"Marty Freudenburg's GTX Pro opportunity has a 62% close propensity and has spent 140 days in Engaging, near the 85-day historical norm; prioritize a next-step check before forecast review."
6SMB6SDY,Vicki Laflamme,Celia Rouche,West,GTX Pro,,Engaging,2017-08-15,0.6199716487982393,138.0,82.0,1.6829268292682926,False,0.3942745258421201,"Vicki Laflamme's GTX Pro opportunity has a 62% close propensity and has spent 138 days in Engaging, near the 82-day historical norm; prioritize a next-step check before forecast review."
041Q1IZL,Zane Levy,Summer Sewald,West,GTX Pro,Green-Plus,Engaging,2017-08-15,0.6199716487982393,138.0,82.0,1.6829268292682926,False,0.3942745258421201,"Zane Levy's GTX Pro opportunity has a 62% close propensity and has spent 138 days in Engaging, near the 82-day historical norm; prioritize a next-step check before forecast review."
S931EBRN,Cassey Cress,Rocco Neubert,East,GTX Basic,,Engaging,2017-08-09,0.6162556638258863,144.0,87.0,1.6551724137931034,False,0.3942614047200705,"Cassey Cress's GTX Basic opportunity has a 62% close propensity and has spent 144 days in Engaging, near the 87-day historical norm; prioritize a next-step check before forecast review."
EEB0JYIQ,Niesha Huffines,Melvin Marxen,Central,GTX Plus Basic,,Engaging,2017-08-10,0.6147670394824343,143.0,87.0,1.6436781609195403,False,0.39422326341687747,"Niesha Huffines's GTX Plus Basic opportunity has a 61% close propensity and has spent 143 days in Engaging, near the 87-day historical norm; prioritize a next-step check before forecast review."
W1XRTUT2,Versie Hillebrand,Dustin Brinkmann,Central,MG Special,Finhigh,Engaging,2017-08-15,0.6121413775348757,138.0,85.0,1.6235294117647059,False,0.3941669281317426,"Versie Hillebrand's MG Special opportunity has a 61% close propensity and has spent 138 days in Engaging, near the 85-day historical norm; prioritize a next-step check before forecast review."
ACGLK2YE,Moses Frase,Dustin Brinkmann,Central,GTX Plus Basic,Treequote,Engaging,2017-08-05,0.6228183109013538,148.0,87.0,1.7011494252873562,False,0.3940186726267637,"Moses Frase's GTX Plus Basic opportunity has a 62% close propensity and has spent 148 days in Engaging, near the 87-day historical norm; prioritize a next-step check before forecast review."
I6M40320,Niesha Huffines,Melvin Marxen,Central,GTX Plus Basic,Betatech,Engaging,2017-08-07,0.6202386924621971,146.0,87.0,1.6781609195402298,False,0.393683930359342,"Niesha Huffines's GTX Plus Basic opportunity has a 62% close propensity and has spent 146 days in Engaging, near the 87-day historical norm; prioritize a next-step check before forecast review."
51VR0RD3,Violet Mclelland,Cara Losch,East,MG Special,,Engaging,2017-08-04,0.6304611024854307,149.0,85.0,1.7529411764705882,False,0.3935826363256465,"Violet Mclelland's MG Special opportunity has a 63% close propensity and has spent 149 days in Engaging, near the 85-day historical norm; prioritize a next-step check before forecast review."
S53EVWFC,Daniell Hammack,Rocco Neubert,East,GTX Pro,,Engaging,2017-08-23,0.6162556638258863,130.0,79.0,1.6455696202531647,False,0.3934211602853258,"Daniell Hammack's GTX Pro opportunity has a 62% close propensity and has spent 130 days in Engaging, near the 79-day historical norm; prioritize a next-step check before forecast review."
QKW7MDJK,Violet Mclelland,Cara Losch,East,GTX Pro,,Engaging,2017-08-23,0.6162556638258863,130.0,79.0,1.6455696202531647,False,0.3934211602853258,"Violet Mclelland's GTX Pro opportunity has a 62% close propensity and has spent 130 days in Engaging, near the 79-day historical norm; prioritize a next-step check before forecast review."
PYQ3VX08,Niesha Huffines,Melvin Marxen,Central,GTX Pro,,Engaging,2017-08-15,0.6133723870506995,138.0,85.0,1.6235294117647059,False,0.3933667719464571,"Niesha Huffines's GTX Pro opportunity has a 61% close propensity and has spent 138 days in Engaging, near the 85-day historical norm; prioritize a next-step check before forecast review."
8LP076IV,Versie Hillebrand,Dustin Brinkmann,Central,MG Special,,Engaging,2017-08-02,0.634023305421206,151.0,85.0,1.776470588235294,False,0.3933260279468043,"Versie Hillebrand's MG Special opportunity has a 63% close propensity and has spent 151 days in Engaging, near the 85-day historical norm; prioritize a next-step check before forecast review."
CWXHKUV5,Versie Hillebrand,Dustin Brinkmann,Central,MG Special,,Engaging,2017-08-02,0.634023305421206,151.0,85.0,1.776470588235294,False,0.3933260279468043,"Versie Hillebrand's MG Special opportunity has a 63% close propensity and has spent 151 days in Engaging, near the 85-day historical norm; prioritize a next-step check before forecast review."
3C6E0D28,Vicki Laflamme,Celia Rouche,West,GTX Plus Pro,,Engaging,2017-08-12,0.621357191362223,141.0,84.0,1.6785714285714286,False,0.39299282561455506,"Vicki Laflamme's GTX Plus Pro opportunity has a 62% close propensity and has spent 141 days in Engaging, near the 84-day historical norm; prioritize a next-step check before forecast review."
XB1ZV04H,Versie Hillebrand,Dustin Brinkmann,Central,GTX Basic,,Engaging,2017-08-03,0.6200128138931772,150.0,90.25,1.6620498614958448,False,0.39242103385032123,"Versie Hillebrand's GTX Basic opportunity has a 62% close propensity and has spent 150 days in Engaging, near the 90-day historical norm; prioritize a next-step check before forecast review."
UIOJX7O0,Cassey Cress,Rocco Neubert,East,GTX Pro,,Engaging,2017-08-24,0.6163262088392063,129.0,79.0,1.6329113924050633,False,0.39226771108995895,"Cassey Cress's GTX Pro opportunity has a 62% close propensity and has spent 129 days in Engaging, near the 79-day historical norm; prioritize a next-step check before forecast review."
ULJG457F,Anna Snelling,Dustin Brinkmann,Central,MG Special,,Engaging,2017-08-03,0.634092523536177,150.0,85.0,1.7647058823529411,False,0.3922516244073673,"Anna Snelling's MG Special opportunity has a 63% close propensity and has spent 150 days in Engaging, near the 85-day historical norm; prioritize a next-step check before forecast review."
Q1TS5ZKD,Versie Hillebrand,Dustin Brinkmann,Central,MG Special,,Engaging,2017-08-03,0.634092523536177,150.0,85.0,1.7647058823529411,False,0.3922516244073673,"Versie Hillebrand's MG Special opportunity has a 63% close propensity and has spent 150 days in Engaging, near the 85-day historical norm; prioritize a next-step check before forecast review."
GWQX8BSZ,Niesha Huffines,Melvin Marxen,Central,GTX Basic,Donquadtech,Engaging,2017-07-30,0.6272967174927718,154.0,90.25,1.706371191135734,False,0.391564612854075,"Niesha Huffines's GTX Basic opportunity has a 63% close propensity and has spent 154 days in Engaging, near the 90-day historical norm; prioritize a next-step check before forecast review."
RW3CJO8D,Zane Levy,Summer Sewald,West,MG Advanced,,Engaging,2017-09-04,0.5964229642922194,118.0,80.0,1.475,False,0.39138757321005735,"Zane Levy's MG Advanced opportunity has a 60% close propensity and has spent 118 days in Engaging, near the 80-day historical norm; prioritize a next-step check before forecast review."
YVDQ80A0,Maureen Marcano,Summer Sewald,West,GTX Plus Basic,,Engaging,2017-07-15,0.6535757162448864,169.0,89.0,1.898876404494382,False,0.3913274698340823,"Maureen Marcano's GTX Plus Basic opportunity has a 65% close propensity and has spent 169 days in Engaging, near the 89-day historical norm; prioritize a next-step check before forecast review."
EEQV0YY4,Violet Mclelland,Cara Losch,East,GTX Basic,,Engaging,2017-08-12,0.6163262088392063,141.0,87.0,1.6206896551724137,False,0.3911983090821021,"Violet Mclelland's GTX Basic opportunity has a 62% close propensity and has spent 141 days in Engaging, near the 87-day historical norm; prioritize a next-step check before forecast review."
VHT6G2BS,Jonathan Berthelot,Melvin Marxen,Central,GTX Plus Basic,,Engaging,2017-08-14,0.6133723870506995,139.0,87.0,1.5977011494252873,False,0.391106798991758,"Jonathan Berthelot's GTX Plus Basic opportunity has a 61% close propensity and has spent 139 days in Engaging, near the 87-day historical norm; prioritize a next-step check before forecast review."
V0G393Q6,Marty Freudenburg,Melvin Marxen,Central,GTX Plus Basic,,Engaging,2017-08-13,0.6150604156852095,140.0,87.0,1.6091954022988506,False,0.3910153275057633,"Marty Freudenburg's GTX Plus Basic opportunity has a 62% close propensity and has spent 140 days in Engaging, near the 87-day historical norm; prioritize a next-step check before forecast review."
TX5SADEI,Niesha Huffines,Melvin Marxen,Central,GTX Plus Basic,Dontechi,Engaging,2017-07-30,0.6379386228975101,154.0,87.0,1.7701149425287357,False,0.3902249525878828,"Niesha Huffines's GTX Plus Basic opportunity has a 64% close propensity and has spent 154 days in Engaging, near the 87-day historical norm; prioritize a next-step check before forecast review."
DAAHNY6T,Anna Snelling,Dustin Brinkmann,Central,MG Special,,Engaging,2017-08-05,0.634092523536177,148.0,85.0,1.7411764705882353,False,0.3901928008779556,"Anna Snelling's MG Special opportunity has a 63% close propensity and has spent 148 days in Engaging, near the 85-day historical norm; prioritize a next-step check before forecast review."
80QJ0BQH,Anna Snelling,Dustin Brinkmann,Central,MG Special,,Engaging,2017-08-05,0.634092523536177,148.0,85.0,1.7411764705882353,False,0.3901928008779556,"Anna Snelling's MG Special opportunity has a 63% close propensity and has spent 148 days in Engaging, near the 85-day historical norm; prioritize a next-step check before forecast review."
3A54O8JT,Versie Hillebrand,Dustin Brinkmann,Central,MG Special,,Engaging,2017-08-05,0.634092523536177,148.0,85.0,1.7411764705882353,False,0.3901928008779556,"Versie Hillebrand's MG Special opportunity has a 63% close propensity and has spent 148 days in Engaging, near the 85-day historical norm; prioritize a next-step check before forecast review."
X9L0T199,Kami Bicknell,Summer Sewald,West,GTX Pro,,Engaging,2017-08-18,0.621357191362223,135.0,82.0,1.646341463414634,False,0.39017270366333556,"Kami Bicknell's GTX Pro opportunity has a 62% close propensity and has spent 135 days in Engaging, near the 82-day historical norm; prioritize a next-step check before forecast review."
1MQ3015O,Niesha Huffines,Melvin Marxen,Central,GTX Plus Basic,,Engaging,2017-08-15,0.6133723870506995,138.0,87.0,1.5862068965517242,False,0.3901010518653212,"Niesha Huffines's GTX Plus Basic opportunity has a 61% close propensity and has spent 138 days in Engaging, near the 87-day historical norm; prioritize a next-step check before forecast review."
BJH89YWM,Jonathan Berthelot,Melvin Marxen,Central,GTX Basic,,Engaging,2017-08-09,0.6146963870104841,144.0,90.25,1.5955678670360112,False,0.3900595368088363,"Jonathan Berthelot's GTX Basic opportunity has a 61% close propensity and has spent 144 days in Engaging, near the 90-day historical norm; prioritize a next-step check before forecast review."
RFQFJLNJ,Markita Hansen,Celia Rouche,West,MG Special,,Engaging,2017-08-21,0.6109964174559378,132.0,84.25,1.5667655786350148,False,0.3899443167842042,"Markita Hansen's MG Special opportunity has a 61% close propensity and has spent 132 days in Engaging, near the 84-day historical norm; prioritize a next-step check before forecast review."
MIXJ9F4F,Maureen Marcano,Summer Sewald,West,GTX Plus Basic,,Engaging,2017-07-18,0.6522420858801643,166.0,89.0,1.8651685393258426,False,0.38924489136890444,"Maureen Marcano's GTX Plus Basic opportunity has a 65% close propensity and has spent 166 days in Engaging, near the 89-day historical norm; prioritize a next-step check before forecast review."
A04V2WB3,Elease Gluck,Celia Rouche,West,GTK 500,,Engaging,2017-08-03,0.621357191362223,150.0,92.0,1.6304347826086956,False,0.38878086909281595,"Elease Gluck's GTK 500 opportunity has a 62% close propensity and has spent 150 days in Engaging, near the 92-day historical norm; prioritize a next-step check before forecast review."
7O1UQ19W,Gladys Colclough,Melvin Marxen,Central,GTX Basic,,Engaging,2017-08-13,0.610724974023921,140.0,90.25,1.551246537396122,False,0.388762838906612,"Gladys Colclough's GTX Basic opportunity has a 61% close propensity and has spent 140 days in Engaging, near the 90-day historical norm; prioritize a next-step check before forecast review."
SY61BAXZ,Cassey Cress,Rocco Neubert,East,GTX Plus Basic,Rantouch,Engaging,2017-08-17,0.614846670615557,136.0,86.0,1.5813953488372092,False,0.3887217571231437,"Cassey Cress's GTX Plus Basic opportunity has a 61% close propensity and has spent 136 days in Engaging, near the 86-day historical norm; prioritize a next-step check before forecast review."
8DDR4MUL,James Ascencio,Summer Sewald,West,MG Advanced,,Engaging,2017-09-08,0.593890862482955,114.0,80.0,1.425,False,0.3886584393860793,"James Ascencio's MG Advanced opportunity has a 59% close propensity and has spent 114 days in Engaging, near the 80-day historical norm; prioritize a next-step check before forecast review."
VYR4EWHR,Kary Hendrixson,Summer Sewald,West,GTX Basic,,Engaging,2017-08-18,0.621357191362223,135.0,83.0,1.6265060240963856,False,0.3884371027229888,"Kary Hendrixson's GTX Basic opportunity has a 62% close propensity and has spent 135 days in Engaging, near the 83-day historical norm; prioritize a next-step check before forecast review."
DYO98F6J,Marty Freudenburg,Melvin Marxen,Central,MG Special,,Engaging,2017-08-10,0.6289247903719909,143.0,85.0,1.6823529411764706,False,0.3884047686111471,"Marty Freudenburg's MG Special opportunity has a 63% close propensity and has spent 143 days in Engaging, near the 85-day historical norm; prioritize a next-step check before forecast review."
LT111IZL,Moses Frase,Dustin Brinkmann,Central,MG Special,,Engaging,2017-08-12,0.6257881212573163,141.0,85.0,1.6588235294117648,False,0.3883847800062738,"Moses Frase's MG Special opportunity has a 63% close propensity and has spent 141 days in Engaging, near the 85-day historical norm; prioritize a next-step check before forecast review."
QHY85D44,Moses Frase,Dustin Brinkmann,Central,MG Special,,Engaging,2017-08-12,0.6257881212573163,141.0,85.0,1.6588235294117648,False,0.3883847800062738,"Moses Frase's MG Special opportunity has a 63% close propensity and has spent 141 days in Engaging, near the 85-day historical norm; prioritize a next-step check before forecast review."
EDM7CEZ6,Kami Bicknell,Summer Sewald,West,GTX Pro,Opentech,Engaging,2017-08-31,0.603147996419508,122.0,82.0,1.4878048780487805,False,0.3881367291565881,"Kami Bicknell's GTX Pro opportunity has a 60% close propensity and has spent 122 days in Engaging, near the 82-day historical norm; prioritize a next-step check before forecast review."
O0L6JUYE,Marty Freudenburg,Melvin Marxen,Central,GTX Basic,Bluth Company,Engaging,2017-08-12,0.6132852612986461,141.0,90.25,1.5623268698060941,False,0.3880681812639133,"Marty Freudenburg's GTX Basic opportunity has a 61% close propensity and has spent 141 days in Engaging, near the 90-day historical norm; prioritize a next-step check before forecast review."
HF1GSBT4,Daniell Hammack,Rocco Neubert,East,GTX Plus Pro,,Engaging,2017-08-24,0.6163262088392063,129.0,82.0,1.5731707317073171,False,0.38704040327890615,"Daniell Hammack's GTX Plus Pro opportunity has a 62% close propensity and has spent 129 days in Engaging, near the 82-day historical norm; prioritize a next-step check before forecast review."
TM70L0W8,Zane Levy,Summer Sewald,West,GTX Pro,,Engaging,2017-08-22,0.6199716487982393,131.0,82.0,1.5975609756097562,False,0.38680501364699815,"Zane Levy's GTX Pro opportunity has a 62% close propensity and has spent 131 days in Engaging, near the 82-day historical norm; prioritize a next-step check before forecast review."
XBPJ6M4K,Kary Hendrixson,Summer Sewald,West,GTX Basic,Finhigh,Engaging,2017-08-31,0.603147996419508,122.0,83.0,1.4698795180722892,False,0.3865682601586451,"Kary Hendrixson's GTX Basic opportunity has a 60% close propensity and has spent 122 days in Engaging, near the 83-day historical norm; prioritize a next-step check before forecast review."
QMFN71BT,Darcel Schlecht,Melvin Marxen,Central,GTX Plus Basic,,Engaging,2017-08-13,0.622289089893878,140.0,87.0,1.6091954022988506,False,0.38631668927012874,"Darcel Schlecht's GTX Plus Basic opportunity has a 62% close propensity and has spent 140 days in Engaging, near the 87-day historical norm; prioritize a next-step check before forecast review."
WZN26QZQ,Corliss Cosme,Cara Losch,East,GTX Plus Pro,Lexiqvolax,Engaging,2017-08-27,0.6125690226180978,126.0,82.0,1.5365853658536586,False,0.3862813548104316,"Corliss Cosme's GTX Plus Pro opportunity has a 61% close propensity and has spent 126 days in Engaging, near the 82-day historical norm; prioritize a next-step check before forecast review."
VGSH1TSW,Violet Mclelland,Cara Losch,East,MG Special,Vehement Capital Partners,Engaging,2017-08-25,0.6086011117341938,128.0,85.0,1.5058823529411764,False,0.386173983255127,"Violet Mclelland's MG Special opportunity has a 61% close propensity and has spent 128 days in Engaging, near the 85-day historical norm; prioritize a next-step check before forecast review."
KR22DD8M,Cassey Cress,Rocco Neubert,East,GTX Basic,,Engaging,2017-08-17,0.6163262088392063,136.0,87.0,1.5632183908045978,False,0.3861695734499182,"Cassey Cress's GTX Basic opportunity has a 62% close propensity and has spent 136 days in Engaging, near the 87-day historical norm; prioritize a next-step check before forecast review."
QPUPBL50,Kary Hendrixson,Summer Sewald,West,GTX Basic,,Engaging,2017-08-20,0.6216486375416388,133.0,83.0,1.6024096385542168,False,0.3861392289714287,"Kary Hendrixson's GTX Basic opportunity has a 62% close propensity and has spent 133 days in Engaging, near the 83-day historical norm; prioritize a next-step check before forecast review."
Y8ZUSC9C,Jonathan Berthelot,Melvin Marxen,Central,GTX Basic,,Engaging,2017-08-14,0.6133723870506995,139.0,90.25,1.5401662049861495,False,0.38607249135333344,"Jonathan Berthelot's GTX Basic opportunity has a 61% close propensity and has spent 139 days in Engaging, near the 90-day historical norm; prioritize a next-step check before forecast review."
Y0M8X7BV,Corliss Cosme,Cara Losch,East,GTX Plus Pro,,Engaging,2017-08-25,0.6163262088392063,128.0,82.0,1.5609756097560976,False,0.3859733301081745,"Corliss Cosme's GTX Plus Pro opportunity has a 62% close propensity and has spent 128 days in Engaging, near the 82-day historical norm; prioritize a next-step check before forecast review."
TIPXNDS2,Gladys Colclough,Melvin Marxen,Central,MG Special,Betatech,Engaging,2017-08-03,0.6437847900289477,150.0,85.0,1.7647058823529411,False,0.3859516511870663,"Gladys Colclough's MG Special opportunity has a 64% close propensity and has spent 150 days in Engaging, near the 85-day historical norm; prioritize a next-step check before forecast review."
ETLF2H4K,Maureen Marcano,Summer Sewald,West,GTX Plus Basic,,Engaging,2017-07-21,0.6535757162448864,163.0,89.0,1.8314606741573034,False,0.3854285934295879,"Maureen Marcano's GTX Plus Basic opportunity has a 65% close propensity and has spent 163 days in Engaging, near the 89-day historical norm; prioritize a next-step check before forecast review."
NNH4EBG8,Vicki Laflamme,Celia Rouche,West,MG Special,Mathtouch,Engaging,2017-08-03,0.6477933314148469,150.0,84.25,1.7804154302670623,False,0.3847206847287175,"Vicki Laflamme's MG Special opportunity has a 65% close propensity and has spent 150 days in Engaging, near the 84-day historical norm; prioritize a next-step check before forecast review."
0H9C9J03,Markita Hansen,Celia Rouche,West,GTX Plus Basic,,Engaging,2017-08-25,0.6018624050785377,128.0,89.0,1.4382022471910112,False,0.3846321333281639,"Markita Hansen's GTX Plus Basic opportunity has a 60% close propensity and has spent 128 days in Engaging, near the 89-day historical norm; prioritize a next-step check before forecast review."
MBPJUJ7F,Jonathan Berthelot,Melvin Marxen,Central,GTX Basic,Plexzap,Engaging,2017-08-10,0.6215930204778809,143.0,90.25,1.5844875346260388,False,0.3846071959691558,"Jonathan Berthelot's GTX Basic opportunity has a 62% close propensity and has spent 143 days in Engaging, near the 90-day historical norm; prioritize a next-step check before forecast review."
VJSI29OF,Versie Hillebrand,Dustin Brinkmann,Central,MG Special,,Engaging,2017-08-11,0.634092523536177,142.0,85.0,1.6705882352941177,False,0.38401633028972026,"Versie Hillebrand's MG Special opportunity has a 63% close propensity and has spent 142 days in Engaging, near the 85-day historical norm; prioritize a next-step check before forecast review."
SU1NDYXR,Boris Faz,Rocco Neubert,East,GTX Plus Basic,Stanredtax,Engaging,2017-08-16,0.6238117080839951,137.0,86.0,1.5930232558139534,False,0.3839119246291241,"Boris Faz's GTX Plus Basic opportunity has a 62% close propensity and has spent 137 days in Engaging, near the 86-day historical norm; prioritize a next-step check before forecast review."
Z8Z77GN3,Kami Bicknell,Summer Sewald,West,GTX Pro,,Engaging,2017-08-24,0.621357191362223,129.0,82.0,1.5731707317073171,False,0.38377026463894526,"Kami Bicknell's GTX Pro opportunity has a 62% close propensity and has spent 129 days in Engaging, near the 82-day historical norm; prioritize a next-step check before forecast review."
YB4YJTK4,Kami Bicknell,Summer Sewald,West,GTX Basic,Lexiqvolax,Engaging,2017-08-23,0.6212870029781392,130.0,83.0,1.5662650602409638,False,0.38321164083529385,"Kami Bicknell's GTX Basic opportunity has a 62% close propensity and has spent 130 days in Engaging, near the 83-day historical norm; prioritize a next-step check before forecast review."
P6NQ2LZK,Vicki Laflamme,Celia Rouche,West,GTX Basic,,Engaging,2017-08-23,0.6212870029781392,130.0,83.0,1.5662650602409638,False,0.38321164083529385,"Vicki Laflamme's GTX Basic opportunity has a 62% close propensity and has spent 130 days in Engaging, near the 83-day historical norm; prioritize a next-step check before forecast review."
7DOGGIXI,Elease Gluck,Celia Rouche,West,MG Special,Bioplex,Engaging,2017-08-05,0.6481454988195631,148.0,84.25,1.7566765578635015,False,0.38241462458034037,"Elease Gluck's MG Special opportunity has a 65% close propensity and has spent 148 days in Engaging, near the 84-day historical norm; prioritize a next-step check before forecast review."
8FGW6RSX,Elease Gluck,Celia Rouche,West,MG Special,,Engaging,2017-08-14,0.6340519834666832,139.0,84.25,1.6498516320474776,False,0.3822282285508102,"Elease Gluck's MG Special opportunity has a 63% close propensity and has spent 139 days in Engaging, near the 84-day historical norm; prioritize a next-step check before forecast review."
LKJZEISS,Zane Levy,Summer Sewald,West,GTX Basic,,Engaging,2017-08-24,0.621357191362223,129.0,83.0,1.5542168674698795,False,0.3821118015181695,"Zane Levy's GTX Basic opportunity has a 62% close propensity and has spent 129 days in Engaging, near the 83-day historical norm; prioritize a next-step check before forecast review."
UMF3KRCL,Maureen Marcano,Summer Sewald,West,GTX Basic,,Engaging,2017-08-11,0.6426840906449716,142.0,83.0,1.7108433734939759,False,0.38195413626149133,"Maureen Marcano's GTX Basic opportunity has a 64% close propensity and has spent 142 days in Engaging, near the 83-day historical norm; prioritize a next-step check before forecast review."
NPORW46K,Anna Snelling,Dustin Brinkmann,Central,MG Special,,Engaging,2017-08-14,0.6327260371197098,139.0,85.0,1.6352941176470588,False,0.3818163111663063,"Anna Snelling's MG Special opportunity has a 63% close propensity and has spent 139 days in Engaging, near the 85-day historical norm; prioritize a next-step check before forecast review."
0GS0L5VR,Anna Snelling,Dustin Brinkmann,Central,MG Special,,Engaging,2017-08-14,0.6327260371197098,139.0,85.0,1.6352941176470588,False,0.3818163111663063,"Anna Snelling's MG Special opportunity has a 63% close propensity and has spent 139 days in Engaging, near the 85-day historical norm; prioritize a next-step check before forecast review."
RU5X1LZM,Zane Levy,Summer Sewald,West,GTX Pro,,Engaging,2017-08-26,0.621357191362223,127.0,82.0,1.548780487804878,False,0.3816361182974819,"Zane Levy's GTX Pro opportunity has a 62% close propensity and has spent 127 days in Engaging, near the 82-day historical norm; prioritize a next-step check before forecast review."
KXR63BV7,Corliss Cosme,Cara Losch,East,GTX Pro,,Engaging,2017-09-04,0.6149336654609593,118.0,79.0,1.4936708860759493,False,0.380989319982022,"Corliss Cosme's GTX Pro opportunity has a 61% close propensity and has spent 118 days in Engaging, near the 79-day historical norm; prioritize a next-step check before forecast review."
GRYHHER0,Hayden Neloms,Celia Rouche,West,MG Special,Finhigh,Engaging,2017-09-03,0.6041870422011248,119.0,84.25,1.4124629080118694,False,0.3808689270203074,"Hayden Neloms's MG Special opportunity has a 60% close propensity and has spent 119 days in Engaging, near the 84-day historical norm; prioritize a next-step check before forecast review."
B08R55ET,Anna Snelling,Dustin Brinkmann,Central,MG Special,,Engaging,2017-08-15,0.6327260371197098,138.0,85.0,1.6235294117647059,False,0.38078689940160043,"Anna Snelling's MG Special opportunity has a 63% close propensity and has spent 138 days in Engaging, near the 85-day historical norm; prioritize a next-step check before forecast review."
TWEVVI99,Daniell Hammack,Rocco Neubert,East,GTX Plus Basic,Scottech,Engaging,2017-08-25,0.614846670615557,128.0,86.0,1.4883720930232558,False,0.38058222223942284,"Daniell Hammack's GTX Plus Basic opportunity has a 61% close propensity and has spent 128 days in Engaging, near the 86-day historical norm; prioritize a next-step check before forecast review."
3ORQ2R0R,Elease Gluck,Celia Rouche,West,GTX Pro,,Engaging,2017-08-28,0.6199716487982393,125.0,82.0,1.524390243902439,False,0.38040257462260785,"Elease Gluck's GTX Pro opportunity has a 62% close propensity and has spent 125 days in Engaging, near the 82-day historical norm; prioritize a next-step check before forecast review."
7K1KXMBT,Kami Bicknell,Summer Sewald,West,GTX Pro,,Engaging,2017-08-27,0.6216486375416388,126.0,82.0,1.5365853658536586,False,0.3803796051101299,"Kami Bicknell's GTX Pro opportunity has a 62% close propensity and has spent 126 days in Engaging, near the 82-day historical norm; prioritize a next-step check before forecast review."
44Q1W18Y,Moses Frase,Dustin Brinkmann,Central,MG Special,Zoomit,Engaging,2017-08-12,0.6386622401155619,141.0,85.0,1.6588235294117648,False,0.38001660274841415,"Moses Frase's MG Special opportunity has a 64% close propensity and has spent 141 days in Engaging, near the 85-day historical norm; prioritize a next-step check before forecast review."
CYV6MJL9,Hayden Neloms,Celia Rouche,West,MG Advanced,,Engaging,2017-08-14,0.6493710088133391,139.0,80.0,1.7375,False,0.3799400942713296,"Hayden Neloms's MG Advanced opportunity has a 65% close propensity and has spent 139 days in Engaging, near the 80-day historical norm; prioritize a next-step check before forecast review."
5E274CQS,Boris Faz,Rocco Neubert,East,GTX Pro,,Engaging,2017-09-05,0.6149336654609593,117.0,79.0,1.481012658227848,False,0.37988172504531315,"Boris Faz's GTX Pro opportunity has a 61% close propensity and has spent 117 days in Engaging, near the 79-day historical norm; prioritize a next-step check before forecast review."
XXD7OQOH,Markita Hansen,Celia Rouche,West,MG Special,,Engaging,2017-08-30,0.6123234113015589,123.0,84.25,1.459940652818991,False,0.37973458977564845,"Markita Hansen's MG Special opportunity has a 61% close propensity and has spent 123 days in Engaging, near the 84-day historical norm; prioritize a next-step check before forecast review."
01XZ9CRY,Zane Levy,Summer Sewald,West,GTX Plus Pro,Initech,Engaging,2017-09-18,0.5825354476568714,104.0,84.0,1.2380952380952381,False,0.37968529235636694,"Zane Levy's GTX Plus Pro opportunity has a 58% close propensity and has spent 104 days in Engaging, near the 84-day historical norm; prioritize a next-step check before forecast review."
V7W8CA47,Vicki Laflamme,Celia Rouche,West,MG Special,,Engaging,2017-08-16,0.6353472674857895,137.0,84.25,1.6261127596439169,False,0.3793091426030796,"Vicki Laflamme's MG Special opportunity has a 64% close propensity and has spent 137 days in Engaging, near the 84-day historical norm; prioritize a next-step check before forecast review."
TGSLH2ZD,Zane Levy,Summer Sewald,West,GTX Basic,,Engaging,2017-08-27,0.6216486375416388,126.0,83.0,1.5180722891566265,False,0.3787597108991396,"Zane Levy's GTX Basic opportunity has a 62% close propensity and has spent 126 days in Engaging, near the 83-day historical norm; prioritize a next-step check before forecast review."
OLXEYM3P,Zane Levy,Summer Sewald,West,GTX Basic,,Engaging,2017-08-27,0.6216486375416388,126.0,83.0,1.5180722891566265,False,0.3787597108991396,"Zane Levy's GTX Basic opportunity has a 62% close propensity and has spent 126 days in Engaging, near the 83-day historical norm; prioritize a next-step check before forecast review."
2F41W100,Daniell Hammack,Rocco Neubert,East,GTX Plus Basic,,Engaging,2017-08-26,0.6163262088392063,127.0,86.0,1.4767441860465116,False,0.3786030805335857,"Daniell Hammack's GTX Plus Basic opportunity has a 62% close propensity and has spent 127 days in Engaging, near the 86-day historical norm; prioritize a next-step check before forecast review."
NZJXKD9H,Daniell Hammack,Rocco Neubert,East,MG Special,,Engaging,2017-08-19,0.6304611024854307,134.0,85.0,1.576470588235294,False,0.37814145985505826,"Daniell Hammack's MG Special opportunity has a 63% close propensity and has spent 134 days in Engaging, near the 85-day historical norm; prioritize a next-step check before forecast review."
HMWIP0F2,Darcel Schlecht,Melvin Marxen,Central,MG Special,Finjob,Engaging,2017-08-12,0.6419390333015031,141.0,85.0,1.6588235294117648,False,0.37788668717755236,"Darcel Schlecht's MG Special opportunity has a 64% close propensity and has spent 141 days in Engaging, near the 85-day historical norm; prioritize a next-step check before forecast review."
3NC5XSDF,Violet Mclelland,Cara Losch,East,MG Advanced,,Engaging,2017-09-12,0.5842272522771402,110.0,90.0,1.2222222222222223,False,0.3771967304643033,"Violet Mclelland's MG Advanced opportunity has a 58% close propensity and has spent 110 days in Engaging, near the 90-day historical norm; prioritize a next-step check before forecast review."
R2V49PU5,Kami Bicknell,Summer Sewald,West,GTX Plus Basic,,Engaging,2017-08-21,0.6199716487982393,132.0,89.0,1.4831460674157304,False,0.37679370918002086,"Kami Bicknell's GTX Plus Basic opportunity has a 62% close propensity and has spent 132 days in Engaging, near the 89-day historical norm; prioritize a next-step check before forecast review."
0XYUJ7HF,Vicki Laflamme,Celia Rouche,West,MG Special,Isdom,Engaging,2017-08-23,0.6280479834190357,130.0,84.25,1.543026706231454,False,0.3767836475728791,"Vicki Laflamme's MG Special opportunity has a 63% close propensity and has spent 130 days in Engaging, near the 84-day historical norm; prioritize a next-step check before forecast review."
DZP41ANW,Hayden Neloms,Celia Rouche,West,GTX Plus Basic,,Engaging,2017-09-03,0.6004697034148141,119.0,89.0,1.3370786516853932,False,0.37668907480284275,"Hayden Neloms's GTX Plus Basic opportunity has a 60% close propensity and has spent 119 days in Engaging, near the 89-day historical norm; prioritize a next-step check before forecast review."
7868JVH9,Cassey Cress,Rocco Neubert,East,GTX Plus Basic,Rantouch,Engaging,2017-08-29,0.6149336654609593,124.0,86.0,1.441860465116279,False,0.37645590814805086,"Cassey Cress's GTX Plus Basic opportunity has a 61% close propensity and has spent 124 days in Engaging, near the 86-day historical norm; prioritize a next-step check before forecast review."
MTN3BOMC,Maureen Marcano,Summer Sewald,West,GTX Plus Basic,,Engaging,2017-07-30,0.653856178374208,154.0,89.0,1.7303370786516854,False,0.3763979784387873,"Maureen Marcano's GTX Plus Basic opportunity has a 65% close propensity and has spent 154 days in Engaging, near the 89-day historical norm; prioritize a next-step check before forecast review."
XRZNF1LQ,Kary Hendrixson,Summer Sewald,West,GTX Pro,,Engaging,2017-08-31,0.621357191362223,122.0,82.0,1.4878048780487805,False,0.3763007524438233,"Kary Hendrixson's GTX Pro opportunity has a 62% close propensity and has spent 122 days in Engaging, near the 82-day historical norm; prioritize a next-step check before forecast review."
UU7N7LZK,James Ascencio,Summer Sewald,West,MG Advanced,,Engaging,2017-09-18,0.5964229642922194,104.0,80.0,1.3,False,0.3760750732100574,"James Ascencio's MG Advanced opportunity has a 60% close propensity and has spent 104 days in Engaging, near the 80-day historical norm; prioritize a next-step check before forecast review."
G03J67Z1,Zane Levy,Summer Sewald,West,GTX Plus Basic,,Engaging,2017-08-22,0.6199716487982393,131.0,89.0,1.4719101123595506,False,0.3758105631126052,"Zane Levy's GTX Plus Basic opportunity has a 62% close propensity and has spent 131 days in Engaging, near the 89-day historical norm; prioritize a next-step check before forecast review."
QJ1DIUN7,Rosalina Dieter,Celia Rouche,West,MG Special,Ganjaflex,Engaging,2017-08-17,0.6391762972367565,136.0,84.25,1.6142433234421365,False,0.3757816975972952,"Rosalina Dieter's MG Special opportunity has a 64% close propensity and has spent 136 days in Engaging, near the 84-day historical norm; prioritize a next-step check before forecast review."
A5SCVK7E,Corliss Cosme,Cara Losch,East,GTX Plus Pro,Goodsilron,Engaging,2017-09-01,0.6207471389221841,121.0,82.0,1.475609756097561,False,0.37563021335911695,"Corliss Cosme's GTX Plus Pro opportunity has a 62% close propensity and has spent 121 days in Engaging, near the 82-day historical norm; prioritize a next-step check before forecast review."
PTZ9QLEF,Violet Mclelland,Cara Losch,East,GTX Basic,,Engaging,2017-08-29,0.6149336654609593,124.0,87.0,1.4252873563218391,False,0.3750057611285374,"Violet Mclelland's GTX Basic opportunity has a 61% close propensity and has spent 124 days in Engaging, near the 87-day historical norm; prioritize a next-step check before forecast review."
8P3O8A9H,Vicki Laflamme,Celia Rouche,West,MG Special,,Engaging,2017-08-21,0.6340519834666832,132.0,84.25,1.5667655786350148,False,0.3749581988772197,"Vicki Laflamme's MG Special opportunity has a 63% close propensity and has spent 132 days in Engaging, near the 84-day historical norm; prioritize a next-step check before forecast review."
RTX8ZJXT,Vicki Laflamme,Celia Rouche,West,GTX Basic,,Engaging,2017-08-31,0.621357191362223,122.0,83.0,1.4698795180722892,False,0.3747322834458804,"Vicki Laflamme's GTX Basic opportunity has a 62% close propensity and has spent 122 days in Engaging, near the 83-day historical norm; prioritize a next-step check before forecast review."
6C6Z3HRA,Zane Levy,Summer Sewald,West,GTX Basic,,Engaging,2017-08-31,0.621357191362223,122.0,83.0,1.4698795180722892,False,0.3747322834458804,"Zane Levy's GTX Basic opportunity has a 62% close propensity and has spent 122 days in Engaging, near the 83-day historical norm; prioritize a next-step check before forecast review."
NBBIFIKB,Wilburn Farren,Cara Losch,East,MG Advanced,,Engaging,2017-09-15,0.5835999697161268,107.0,90.0,1.1888888888888889,False,0.37468779746229536,"Wilburn Farren's MG Advanced opportunity has a 58% close propensity and has spent 107 days in Engaging, near the 90-day historical norm; prioritize a next-step check before forecast review."
5CAP1055,Kary Hendrixson,Summer Sewald,West,GTX Plus Pro,Kan-code,Engaging,2017-08-13,0.6486053150792622,140.0,84.0,1.6666666666666667,False,0.3742398785318129,"Kary Hendrixson's GTX Plus Pro opportunity has a 65% close propensity and has spent 140 days in Engaging, near the 84-day historical norm; prioritize a next-step check before forecast review."
9P180HVQ,Moses Frase,Dustin Brinkmann,Central,GTX Basic,Zencorporation,Engaging,2017-08-05,0.645150281874674,148.0,90.25,1.6398891966759004,False,0.3741426214906032,"Moses Frase's GTX Basic opportunity has a 65% close propensity and has spent 148 days in Engaging, near the 90-day historical norm; prioritize a next-step check before forecast review."
2FM8HJDM,Vicki Laflamme,Celia Rouche,West,MG Advanced,,Engaging,2017-09-20,0.5964229642922194,102.0,80.0,1.275,False,0.3738875732100574,"Vicki Laflamme's MG Advanced opportunity has a 60% close propensity and has spent 102 days in Engaging, near the 80-day historical norm; prioritize a next-step check before forecast review."
JB60NPU9,Corliss Cosme,Cara Losch,East,GTX Pro,,Engaging,2017-09-11,0.6149336654609593,111.0,79.0,1.4050632911392404,False,0.37323615542506,"Corliss Cosme's GTX Pro opportunity has a 61% close propensity and has spent 111 days in Engaging, near the 79-day historical norm; prioritize a next-step check before forecast review."
8XY5IA68,Rosie Papadopoulos,Cara Losch,East,GTX Pro,Sonron,Engaging,2017-09-11,0.6149336654609593,111.0,79.0,1.4050632911392404,False,0.37323615542506,"Rosie Papadopoulos's GTX Pro opportunity has a 61% close propensity and has spent 111 days in Engaging, near the 79-day historical norm; prioritize a next-step check before forecast review."
QFRZLXF3,Cecily Lampkin,Dustin Brinkmann,Central,MG Special,,Engaging,2017-08-12,0.6492763328643746,141.0,85.0,1.6588235294117648,False,0.37311744246168593,"Cecily Lampkin's MG Special opportunity has a 65% close propensity and has spent 141 days in Engaging, near the 85-day historical norm; prioritize a next-step check before forecast review."
3Q15OHQB,Vicki Laflamme,Celia Rouche,West,MG Advanced,,Engaging,2017-09-23,0.593890862482955,99.0,80.0,1.2375,False,0.3722521893860793,"Vicki Laflamme's MG Advanced opportunity has a 59% close propensity and has spent 99 days in Engaging, near the 80-day historical norm; prioritize a next-step check before forecast review."
KAGK2GQJ,James Ascencio,Summer Sewald,West,GTX Plus Pro,,Engaging,2017-09-01,0.621357191362223,121.0,84.0,1.4404761904761905,False,0.3721594922812217,"James Ascencio's GTX Plus Pro opportunity has a 62% close propensity and has spent 121 days in Engaging, near the 84-day historical norm; prioritize a next-step check before forecast review."
WNTAT1OT,Boris Faz,Rocco Neubert,East,GTX Basic,,Engaging,2017-08-31,0.6163262088392063,122.0,87.0,1.4022988505747127,False,0.3720891136798033,"Boris Faz's GTX Basic opportunity has a 62% close propensity and has spent 122 days in Engaging, near the 87-day historical norm; prioritize a next-step check before forecast review."
NUS67BOQ,Rosie Papadopoulos,Cara Losch,East,GTX Basic,,Engaging,2017-08-31,0.6163262088392063,122.0,87.0,1.4022988505747127,False,0.3720891136798033,"Rosie Papadopoulos's GTX Basic opportunity has a 62% close propensity and has spent 122 days in Engaging, near the 87-day historical norm; prioritize a next-step check before forecast review."
L4R7LDY1,Violet Mclelland,Cara Losch,East,MG Special,Hatfan,Engaging,2017-08-17,0.6430778784968667,136.0,85.0,1.6,False,0.3719993789770366,"Violet Mclelland's MG Special opportunity has a 64% close propensity and has spent 136 days in Engaging, near the 85-day historical norm; prioritize a next-step check before forecast review."
AV72Y65Y,Cecily Lampkin,Dustin Brinkmann,Central,MG Special,Streethex,Engaging,2017-08-06,0.6605830293240715,147.0,85.0,1.7294117647058824,False,0.3719445603511182,"Cecily Lampkin's MG Special opportunity has a 66% close propensity and has spent 147 days in Engaging, near the 85-day historical norm; prioritize a next-step check before forecast review."
QQPAK72N,Hayden Neloms,Celia Rouche,West,GTX Plus Pro,,Engaging,2017-08-13,0.6524867557677995,140.0,84.0,1.6666666666666667,False,0.3717169420842637,"Hayden Neloms's GTX Plus Pro opportunity has a 65% close propensity and has spent 140 days in Engaging, near the 84-day historical norm; prioritize a next-step check before forecast review."
W533W8G6,Zane Levy,Summer Sewald,West,GTX Basic,,Engaging,2017-09-04,0.6199716487982393,118.0,83.0,1.4216867469879517,False,0.3714160186425902,"Zane Levy's GTX Basic opportunity has a 62% close propensity and has spent 118 days in Engaging, near the 83-day historical norm; prioritize a next-step check before forecast review."
J0G6ZLYZ,Zane Levy,Summer Sewald,West,GTX Plus Pro,,Engaging,2017-09-02,0.621357191362223,120.0,84.0,1.4285714285714286,False,0.3711178256145551,"Zane Levy's GTX Plus Pro opportunity has a 62% close propensity and has spent 120 days in Engaging, near the 84-day historical norm; prioritize a next-step check before forecast review."
PODXJ4SP,Maureen Marcano,Summer Sewald,West,GTX Basic,Donquadtech,Engaging,2017-08-18,0.6487594023181958,135.0,83.0,1.6265060240963856,False,0.3706256656016064,"Maureen Marcano's GTX Basic opportunity has a 65% close propensity and has spent 135 days in Engaging, near the 83-day historical norm; prioritize a next-step check before forecast review."
7ZN8YCH8,Versie Hillebrand,Dustin Brinkmann,Central,MG Special,Gekko & Co,Engaging,2017-08-12,0.6534383816261139,141.0,85.0,1.6588235294117648,False,0.3704121107665554,"Versie Hillebrand's MG Special opportunity has a 65% close propensity and has spent 141 days in Engaging, near the 85-day historical norm; prioritize a next-step check before forecast review."
WVKBXWA9,Rosie Papadopoulos,Cara Losch,East,MG Advanced,,Engaging,2017-09-19,0.5842272522771402,103.0,90.0,1.1444444444444444,False,0.37039117490874773,"Rosie Papadopoulos's MG Advanced opportunity has a 58% close propensity and has spent 103 days in Engaging, near the 90-day historical norm; prioritize a next-step check before forecast review."
H5J7C2FE,Kami Bicknell,Summer Sewald,West,GTX Basic,,Engaging,2017-09-05,0.6199716487982393,117.0,83.0,1.4096385542168675,False,0.37036180177512035,"Kami Bicknell's GTX Basic opportunity has a 62% close propensity and has spent 117 days in Engaging, near the 83-day historical norm; prioritize a next-step check before forecast review."
VKIR68JX,Violet Mclelland,Cara Losch,East,GTX Plus Basic,,Engaging,2017-09-04,0.6149336654609593,118.0,86.0,1.372093023255814,False,0.37035125698526017,"Violet Mclelland's GTX Plus Basic opportunity has a 61% close propensity and has spent 118 days in Engaging, near the 86-day historical norm; prioritize a next-step check before forecast review."
9DY57A6F,Daniell Hammack,Rocco Neubert,East,GTX Pro,,Engaging,2017-09-13,0.6162556638258863,109.0,79.0,1.379746835443038,False,0.3701616666144398,"Daniell Hammack's GTX Pro opportunity has a 62% close propensity and has spent 109 days in Engaging, near the 79-day historical norm; prioritize a next-step check before forecast review."
H8XH5MFQ,Kary Hendrixson,Summer Sewald,West,GTX Plus Pro,,Engaging,2017-09-03,0.6216486375416388,119.0,84.0,1.4166666666666667,False,0.3698867189312681,"Kary Hendrixson's GTX Plus Pro opportunity has a 62% close propensity and has spent 119 days in Engaging, near the 84-day historical norm; prioritize a next-step check before forecast review."
IMLFM79C,Markita Hansen,Celia Rouche,West,GTX Plus Basic,,Engaging,2017-09-09,0.6018624050785377,113.0,89.0,1.2696629213483146,False,0.36988494231692803,"Markita Hansen's GTX Plus Basic opportunity has a 60% close propensity and has spent 113 days in Engaging, near the 89-day historical norm; prioritize a next-step check before forecast review."
FH30JK3J,Cassey Cress,Rocco Neubert,East,GTX Plus Basic,Ontomedia,Engaging,2017-09-06,0.6128768790266171,116.0,86.0,1.3488372093023255,False,0.36965328444665235,"Cassey Cress's GTX Plus Basic opportunity has a 61% close propensity and has spent 116 days in Engaging, near the 86-day historical norm; prioritize a next-step check before forecast review."
PSMWYTMB,Boris Faz,Rocco Neubert,East,MG Advanced,Toughzap,Engaging,2017-09-20,0.5842272522771402,102.0,90.0,1.1333333333333333,False,0.36941895268652547,"Boris Faz's MG Advanced opportunity has a 58% close propensity and has spent 102 days in Engaging, near the 90-day historical norm; prioritize a next-step check before forecast review."
OM8LELJW,Kary Hendrixson,Summer Sewald,West,GTX Basic,Iselectrics,Engaging,2017-09-06,0.6198147942828389,116.0,83.0,1.3975903614457832,False,0.3694095403426607,"Kary Hendrixson's GTX Basic opportunity has a 62% close propensity and has spent 116 days in Engaging, near the 83-day historical norm; prioritize a next-step check before forecast review."
5VW9YVTU,Moses Frase,Dustin Brinkmann,Central,GTX Basic,Condax,Engaging,2017-08-04,0.6542358898921653,149.0,90.25,1.6509695290858726,False,0.3692065053651064,"Moses Frase's GTX Basic opportunity has a 65% close propensity and has spent 149 days in Engaging, near the 90-day historical norm; prioritize a next-step check before forecast review."
LOQ46F0T,Cassey Cress,Rocco Neubert,East,GTX Basic,,Engaging,2017-09-03,0.6166191381304379,119.0,87.0,1.367816091954023,False,0.3688814682611924,"Cassey Cress's GTX Basic opportunity has a 62% close propensity and has spent 119 days in Engaging, near the 87-day historical norm; prioritize a next-step check before forecast review."
OGHK250E,Violet Mclelland,Cara Losch,East,GTX Basic,,Engaging,2017-09-03,0.6166191381304379,119.0,87.0,1.367816091954023,False,0.3688814682611924,"Violet Mclelland's GTX Basic opportunity has a 62% close propensity and has spent 119 days in Engaging, near the 87-day historical norm; prioritize a next-step check before forecast review."
8PLXH354,Rosalina Dieter,Celia Rouche,West,MG Special,,Engaging,2017-08-26,0.6354163791868952,127.0,84.25,1.5074183976261128,False,0.368878463320803,"Rosalina Dieter's MG Special opportunity has a 64% close propensity and has spent 127 days in Engaging, near the 84-day historical norm; prioritize a next-step check before forecast review."
U1XSUD1P,Kami Bicknell,Summer Sewald,West,GTX Basic,,Engaging,2017-09-06,0.6212870029781392,116.0,83.0,1.3975903614457832,False,0.36845260469071556,"Kami Bicknell's GTX Basic opportunity has a 62% close propensity and has spent 116 days in Engaging, near the 83-day historical norm; prioritize a next-step check before forecast review."
102XKYAC,Cassey Cress,Rocco Neubert,East,GTX Pro,Zotware,Engaging,2017-09-01,0.6399132245670628,121.0,79.0,1.5316455696202531,False,0.36807539137318135,"Cassey Cress's GTX Pro opportunity has a 64% close propensity and has spent 121 days in Engaging, near the 79-day historical norm; prioritize a next-step check before forecast review."
EJGRLQP8,James Ascencio,Summer Sewald,West,GTX Pro,,Engaging,2017-09-08,0.621357191362223,114.0,82.0,1.3902439024390243,False,0.36776416707796966,"James Ascencio's GTX Pro opportunity has a 62% close propensity and has spent 114 days in Engaging, near the 82-day historical norm; prioritize a next-step check before forecast review."
TCJA7XF2,Kami Bicknell,Summer Sewald,West,MG Special,,Engaging,2017-08-27,0.6357033484088007,126.0,84.25,1.4955489614243322,False,0.3676533576589086,"Kami Bicknell's MG Special opportunity has a 64% close propensity and has spent 126 days in Engaging, near the 84-day historical norm; prioritize a next-step check before forecast review."
TLLW2ZRM,Zane Levy,Summer Sewald,West,GTX Pro,Condax,Engaging,2017-08-25,0.6456676611560317,128.0,82.0,1.5609756097560976,False,0.36690138610223794,"Zane Levy's GTX Pro opportunity has a 65% close propensity and has spent 128 days in Engaging, near the 82-day historical norm; prioritize a next-step check before forecast review."
R65LGLJ0,Cassey Cress,Rocco Neubert,East,MG Special,,Engaging,2017-08-30,0.6303915978391648,123.0,85.0,1.4470588235294117,False,0.36686310846336645,"Cassey Cress's MG Special opportunity has a 63% close propensity and has spent 123 days in Engaging, near the 85-day historical norm; prioritize a next-step check before forecast review."
1Y58TSUU,Violet Mclelland,Cara Losch,East,MG Special,,Engaging,2017-08-30,0.6303915978391648,123.0,85.0,1.4470588235294117,False,0.36686310846336645,"Violet Mclelland's MG Special opportunity has a 63% close propensity and has spent 123 days in Engaging, near the 85-day historical norm; prioritize a next-step check before forecast review."
6OD1J7MW,Elease Gluck,Celia Rouche,West,GTX Plus Pro,Plexzap,Engaging,2017-09-02,0.6281370340900891,120.0,84.0,1.4285714285714286,False,0.3667109278414421,"Elease Gluck's GTX Plus Pro opportunity has a 63% close propensity and has spent 120 days in Engaging, near the 84-day historical norm; prioritize a next-step check before forecast review."
CN8X0DLA,Daniell Hammack,Rocco Neubert,East,GTX Plus Basic,Stanredtax,Engaging,2017-08-24,0.6380434593138038,129.0,86.0,1.5,False,0.3665217514460275,"Daniell Hammack's GTX Plus Basic opportunity has a 64% close propensity and has spent 129 days in Engaging, near the 86-day historical norm; prioritize a next-step check before forecast review."
IOPIJ6C6,Boris Faz,Rocco Neubert,East,GTX Plus Basic,,Engaging,2017-09-07,0.6163262088392063,115.0,86.0,1.3372093023255813,False,0.3663937782080043,"Boris Faz's GTX Plus Basic opportunity has a 62% close propensity and has spent 115 days in Engaging, near the 86-day historical norm; prioritize a next-step check before forecast review."
059K86LU,Kami Bicknell,Summer Sewald,West,GTX Plus Pro,Labdrill,Engaging,2017-08-26,0.6402375221100328,127.0,84.0,1.5119047619047619,False,0.36613727729514534,"Kami Bicknell's GTX Plus Pro opportunity has a 64% close propensity and has spent 127 days in Engaging, near the 84-day historical norm; prioritize a next-step check before forecast review."
X6NSKI7H,Cassey Cress,Rocco Neubert,East,GTX Basic,,Engaging,2017-09-06,0.6162556638258863,116.0,87.0,1.3333333333333333,False,0.3661004851798406,"Cassey Cress's GTX Basic opportunity has a 62% close propensity and has spent 116 days in Engaging, near the 87-day historical norm; prioritize a next-step check before forecast review."
ZPXE49AP,Daniell Hammack,Rocco Neubert,East,GTX Basic,,Engaging,2017-09-06,0.6162556638258863,116.0,87.0,1.3333333333333333,False,0.3661004851798406,"Daniell Hammack's GTX Basic opportunity has a 62% close propensity and has spent 116 days in Engaging, near the 87-day historical norm; prioritize a next-step check before forecast review."
34XWXEQE,James Ascencio,Summer Sewald,West,GTX Pro,,Engaging,2017-09-10,0.6216486375416388,112.0,82.0,1.3658536585365855,False,0.365440580719886,"James Ascencio's GTX Pro opportunity has a 62% close propensity and has spent 112 days in Engaging, near the 82-day historical norm; prioritize a next-step check before forecast review."
8NG46N94,Kami Bicknell,Summer Sewald,West,GTX Pro,,Engaging,2017-09-10,0.6216486375416388,112.0,82.0,1.3658536585365855,False,0.365440580719886,"Kami Bicknell's GTX Pro opportunity has a 62% close propensity and has spent 112 days in Engaging, near the 82-day historical norm; prioritize a next-step check before forecast review."
LOHJU3OB,Zane Levy,Summer Sewald,West,GTX Pro,,Engaging,2017-09-10,0.6216486375416388,112.0,82.0,1.3658536585365855,False,0.365440580719886,"Zane Levy's GTX Pro opportunity has a 62% close propensity and has spent 112 days in Engaging, near the 82-day historical norm; prioritize a next-step check before forecast review."
LMU41E2W,Rosalina Dieter,Celia Rouche,West,MG Special,,Engaging,2017-08-30,0.6353472674857895,123.0,84.25,1.459940652818991,False,0.3647690832558985,"Rosalina Dieter's MG Special opportunity has a 64% close propensity and has spent 123 days in Engaging, near the 84-day historical norm; prioritize a next-step check before forecast review."
USS2SNQI,Maureen Marcano,Summer Sewald,West,MG Special,,Engaging,2017-08-13,0.6626248715162043,140.0,84.25,1.6617210682492582,False,0.3646944269862773,"Maureen Marcano's MG Special opportunity has a 66% close propensity and has spent 140 days in Engaging, near the 84-day historical norm; prioritize a next-step check before forecast review."
1VFT3UCK,Boris Faz,Rocco Neubert,East,GTX Plus Basic,Condax,Engaging,2017-08-21,0.6457517053946557,132.0,86.0,1.5348837209302326,False,0.3645637170748692,"Boris Faz's GTX Plus Basic opportunity has a 65% close propensity and has spent 132 days in Engaging, near the 86-day historical norm; prioritize a next-step check before forecast review."
I35REHYN,Vicki Laflamme,Celia Rouche,West,GTX Basic,Genco Pura Olive Oil Company,Engaging,2017-09-12,0.6199716487982393,110.0,83.0,1.3253012048192772,False,0.36298228370283125,"Vicki Laflamme's GTX Basic opportunity has a 62% close propensity and has spent 110 days in Engaging, near the 83-day historical norm; prioritize a next-step check before forecast review."
ASZNII2J,Elease Gluck,Celia Rouche,West,MG Special,,Engaging,2017-09-01,0.6354163791868952,121.0,84.25,1.4362017804154303,False,0.36264700931486826,"Elease Gluck's MG Special opportunity has a 64% close propensity and has spent 121 days in Engaging, near the 84-day historical norm; prioritize a next-step check before forecast review."
77IBMLTB,James Ascencio,Summer Sewald,West,GTX Plus Pro,,Engaging,2017-09-11,0.6199716487982393,111.0,84.0,1.3214285714285714,False,0.3626434282811445,"James Ascencio's GTX Plus Pro opportunity has a 62% close propensity and has spent 111 days in Engaging, near the 84-day historical norm; prioritize a next-step check before forecast review."
AMP2GT6F,Maureen Marcano,Summer Sewald,West,GTX Pro,,Engaging,2017-08-14,0.6704920127875494,139.0,82.0,1.6951219512195121,False,0.3625033624198002,"Maureen Marcano's GTX Pro opportunity has a 67% close propensity and has spent 139 days in Engaging, near the 82-day historical norm; prioritize a next-step check before forecast review."
R6Q5JOLX,Cassey Cress,Rocco Neubert,East,GTX Plus Pro,,Engaging,2017-09-16,0.6163262088392063,106.0,82.0,1.2926829268292683,False,0.3624977203520769,"Cassey Cress's GTX Plus Pro opportunity has a 62% close propensity and has spent 106 days in Engaging, near the 82-day historical norm; prioritize a next-step check before forecast review."
MG1YUTUE,Markita Hansen,Celia Rouche,West,MG Special,Acme Corporation,Engaging,2017-10-01,0.5880748118813043,91.0,84.25,1.0801186943620178,False,0.36226175803382876,"Markita Hansen's MG Special opportunity has a 59% close propensity and has spent 91 days in Engaging, near the 84-day historical norm; prioritize a next-step check before forecast review."
0558PJL2,Corliss Cosme,Cara Losch,East,GTX Basic,,Engaging,2017-09-11,0.6149336654609593,111.0,87.0,1.2758620689655173,False,0.36193104848485924,"Corliss Cosme's GTX Basic opportunity has a 61% close propensity and has spent 111 days in Engaging, near the 87-day historical norm; prioritize a next-step check before forecast review."
95YT659K,Zane Levy,Summer Sewald,West,MG Special,Groovestreet,Engaging,2017-09-06,0.629307872161754,116.0,84.25,1.3768545994065282,False,0.3614246605429311,"Zane Levy's MG Special opportunity has a 63% close propensity and has spent 116 days in Engaging, near the 84-day historical norm; prioritize a next-step check before forecast review."
IDKBZCAF,Daniell Hammack,Rocco Neubert,East,GTX Pro,,Engaging,2017-09-21,0.6163262088392063,101.0,79.0,1.2784810126582278,False,0.36125505286211085,"Daniell Hammack's GTX Pro opportunity has a 62% close propensity and has spent 101 days in Engaging, near the 79-day historical norm; prioritize a next-step check before forecast review."
7P069DNF,Kary Hendrixson,Summer Sewald,West,GTX Plus Basic,Labdrill,Engaging,2017-08-20,0.6455510153577593,133.0,89.0,1.4943820224719102,False,0.36115026698374864,"Kary Hendrixson's GTX Plus Basic opportunity has a 65% close propensity and has spent 133 days in Engaging, near the 89-day historical norm; prioritize a next-step check before forecast review."
8V5OCDHN,Cassey Cress,Rocco Neubert,East,GTX Basic,,Engaging,2017-09-12,0.6149336654609593,110.0,87.0,1.264367816091954,False,0.36092530135842243,"Cassey Cress's GTX Basic opportunity has a 61% close propensity and has spent 110 days in Engaging, near the 87-day historical norm; prioritize a next-step check before forecast review."
EP5QRHID,Boris Faz,Rocco Neubert,East,MG Advanced,,Engaging,2017-10-04,0.5768477045589807,88.0,90.0,0.9777777777777777,False,0.3606045475922181,"Boris Faz's MG Advanced opportunity has a 58% close propensity and has spent 88 days in Engaging, near the 90-day historical norm; prioritize a next-step check before forecast review."
JKAYQ4HQ,Elease Gluck,Celia Rouche,West,MG Special,,Engaging,2017-09-03,0.6357033484088007,119.0,84.25,1.4124629080118694,False,0.36038332798531814,"Elease Gluck's MG Special opportunity has a 64% close propensity and has spent 119 days in Engaging, near the 84-day historical norm; prioritize a next-step check before forecast review."
YPM5PZMD,Vicki Laflamme,Celia Rouche,West,MG Special,,Engaging,2017-09-03,0.6357033484088007,119.0,84.25,1.4124629080118694,False,0.36038332798531814,"Vicki Laflamme's MG Special opportunity has a 64% close propensity and has spent 119 days in Engaging, near the 84-day historical norm; prioritize a next-step check before forecast review."
QEZ2X87C,Rosalina Dieter,Celia Rouche,West,MG Special,Iselectrics,Engaging,2017-09-07,0.6293774607865695,115.0,84.25,1.3649851632047478,False,0.36034085226914525,"Rosalina Dieter's MG Special opportunity has a 63% close propensity and has spent 115 days in Engaging, near the 84-day historical norm; prioritize a next-step check before forecast review."
5X3TSUA9,Cassey Cress,Rocco Neubert,East,GTX Plus Basic,,Engaging,2017-09-13,0.6162556638258863,109.0,86.0,1.2674418604651163,False,0.36033498130387165,"Cassey Cress's GTX Plus Basic opportunity has a 62% close propensity and has spent 109 days in Engaging, near the 86-day historical norm; prioritize a next-step check before forecast review."
JIEO87ZV,Daniell Hammack,Rocco Neubert,East,MG Advanced,,Engaging,2017-10-06,0.5742804507445591,86.0,90.0,0.9555555555555556,False,0.3603288181271477,"Daniell Hammack's MG Advanced opportunity has a 57% close propensity and has spent 86 days in Engaging, near the 90-day historical norm; prioritize a next-step check before forecast review."
A7OVC1WK,Corliss Cosme,Cara Losch,East,GTX Plus Pro,,Engaging,2017-09-19,0.6149336654609593,103.0,82.0,1.2560975609756098,False,0.36020165403574234,"Corliss Cosme's GTX Plus Pro opportunity has a 61% close propensity and has spent 103 days in Engaging, near the 82-day historical norm; prioritize a next-step check before forecast review."
JBECEURV,Zane Levy,Summer Sewald,West,GTX Basic,,Engaging,2017-09-14,0.621357191362223,108.0,83.0,1.3012048192771084,False,0.35997324730130204,"Zane Levy's GTX Basic opportunity has a 62% close propensity and has spent 108 days in Engaging, near the 83-day historical norm; prioritize a next-step check before forecast review."
WZ3FJA3V,Zane Levy,Summer Sewald,West,GTX Plus Basic,Labdrill,Engaging,2017-08-25,0.6402375221100328,128.0,89.0,1.4382022471910112,False,0.35968830725769213,"Zane Levy's GTX Plus Basic opportunity has a 64% close propensity and has spent 128 days in Engaging, near the 89-day historical norm; prioritize a next-step check before forecast review."
WEES59KH,Violet Mclelland,Cara Losch,East,MG Special,,Engaging,2017-09-06,0.6303915978391648,116.0,85.0,1.3647058823529412,False,0.3596572261104253,"Violet Mclelland's MG Special opportunity has a 63% close propensity and has spent 116 days in Engaging, near the 85-day historical norm; prioritize a next-step check before forecast review."
XT8HCGAD,Rosalina Dieter,Celia Rouche,West,MG Special,Bubba Gump,Engaging,2017-09-10,0.625670456974639,112.0,84.25,1.3293768545994065,False,0.35963467774393276,"Rosalina Dieter's MG Special opportunity has a 63% close propensity and has spent 112 days in Engaging, near the 84-day historical norm; prioritize a next-step check before forecast review."
SMP2K39G,Markita Hansen,Celia Rouche,West,GTX Pro,,Engaging,2017-09-28,0.6018624050785377,94.0,82.0,1.146341463414634,False,0.35909431474773096,"Markita Hansen's GTX Pro opportunity has a 60% close propensity and has spent 94 days in Engaging, near the 82-day historical norm; prioritize a next-step check before forecast review."
3TMNC3GW,Lajuana Vencill,Dustin Brinkmann,Central,MG Advanced,Kinnamplus,Prospecting,,0.44914054103291706,,,,False,0.35805864832860396,"Lajuana Vencill's MG Advanced opportunity has a 45% close propensity and has spent 0 days in Engaging, near the 0-day historical norm; prioritize a next-step check before forecast review."
NDJBDONI,Lajuana Vencill,Dustin Brinkmann,Central,MG Advanced,,Prospecting,,0.44914054103291706,,,,False,0.35805864832860396,"Lajuana Vencill's MG Advanced opportunity has a 45% close propensity and has spent 0 days in Engaging, near the 0-day historical norm; prioritize a next-step check before forecast review."
94ZZLWOH,Lajuana Vencill,Dustin Brinkmann,Central,MG Advanced,,Prospecting,,0.44914054103291706,,,,False,0.35805864832860396,"Lajuana Vencill's MG Advanced opportunity has a 45% close propensity and has spent 0 days in Engaging, near the 0-day historical norm; prioritize a next-step check before forecast review."
KKUHAY4O,Lajuana Vencill,Dustin Brinkmann,Central,MG Advanced,,Prospecting,,0.44914054103291706,,,,False,0.35805864832860396,"Lajuana Vencill's MG Advanced opportunity has a 45% close propensity and has spent 0 days in Engaging, near the 0-day historical norm; prioritize a next-step check before forecast review."
4V17GRKW,Lajuana Vencill,Dustin Brinkmann,Central,MG Advanced,,Prospecting,,0.44914054103291706,,,,False,0.35805864832860396,"Lajuana Vencill's MG Advanced opportunity has a 45% close propensity and has spent 0 days in Engaging, near the 0-day historical norm; prioritize a next-step check before forecast review."
EOJHYLXG,Lajuana Vencill,Dustin Brinkmann,Central,MG Advanced,,Prospecting,,0.44914054103291706,,,,False,0.35805864832860396,"Lajuana Vencill's MG Advanced opportunity has a 45% close propensity and has spent 0 days in Engaging, near the 0-day historical norm; prioritize a next-step check before forecast review."
4XQ43RJW,Lajuana Vencill,Dustin Brinkmann,Central,MG Advanced,,Prospecting,,0.44914054103291706,,,,False,0.35805864832860396,"Lajuana Vencill's MG Advanced opportunity has a 45% close propensity and has spent 0 days in Engaging, near the 0-day historical norm; prioritize a next-step check before forecast review."
MJK3UJ1B,Lajuana Vencill,Dustin Brinkmann,Central,MG Advanced,,Prospecting,,0.44914054103291706,,,,False,0.35805864832860396,"Lajuana Vencill's MG Advanced opportunity has a 45% close propensity and has spent 0 days in Engaging, near the 0-day historical norm; prioritize a next-step check before forecast review."
44JDHBI8,Lajuana Vencill,Dustin Brinkmann,Central,MG Advanced,,Prospecting,,0.44914054103291706,,,,False,0.35805864832860396,"Lajuana Vencill's MG Advanced opportunity has a 45% close propensity and has spent 0 days in Engaging, near the 0-day historical norm; prioritize a next-step check before forecast review."
OO9U4C0Y,Cassey Cress,Rocco Neubert,East,GTX Plus Basic,Y-corporation,Engaging,2017-08-27,0.6478534068791264,126.0,86.0,1.4651162790697674,False,0.3570929599471725,"Cassey Cress's GTX Plus Basic opportunity has a 65% close propensity and has spent 126 days in Engaging, near the 86-day historical norm; prioritize a next-step check before forecast review."
ER0U0TOC,Corliss Cosme,Cara Losch,East,GTX Basic,,Engaging,2017-09-15,0.6163262088392063,107.0,87.0,1.2298850574712643,False,0.35700290678325153,"Corliss Cosme's GTX Basic opportunity has a 62% close propensity and has spent 107 days in Engaging, near the 87-day historical norm; prioritize a next-step check before forecast review."
1UW6ILCH,Maureen Marcano,Summer Sewald,West,GTX Basic,Bioplex,Engaging,2017-09-05,0.6409625256088151,117.0,83.0,1.4096385542168675,False,0.3567177318482461,"Maureen Marcano's GTX Basic opportunity has a 64% close propensity and has spent 117 days in Engaging, near the 83-day historical norm; prioritize a next-step check before forecast review."
ZBDT3T2H,Kary Hendrixson,Summer Sewald,West,GTX Basic,,Engaging,2017-09-18,0.6199716487982393,104.0,83.0,1.2530120481927711,False,0.3566569824980119,"Kary Hendrixson's GTX Basic opportunity has a 62% close propensity and has spent 104 days in Engaging, near the 83-day historical norm; prioritize a next-step check before forecast review."
G7QIQDSA,Corliss Cosme,Cara Losch,East,GTX Pro,,Engaging,2017-09-26,0.6149336654609593,96.0,79.0,1.2151898734177216,False,0.3566222313744271,"Corliss Cosme's GTX Pro opportunity has a 61% close propensity and has spent 96 days in Engaging, near the 79-day historical norm; prioritize a next-step check before forecast review."
PAQ6EKHB,Kami Bicknell,Summer Sewald,West,GTX Basic,,Engaging,2017-09-17,0.6216486375416388,105.0,83.0,1.2650602409638554,False,0.3566211566822721,"Kami Bicknell's GTX Basic opportunity has a 62% close propensity and has spent 105 days in Engaging, near the 83-day historical norm; prioritize a next-step check before forecast review."
MYD4PBM9,Kary Hendrixson,Summer Sewald,West,GTX Basic,,Engaging,2017-10-03,0.5958124474512181,89.0,83.0,1.072289156626506,False,0.3565472103615275,"Kary Hendrixson's GTX Basic opportunity has a 60% close propensity and has spent 89 days in Engaging, near the 83-day historical norm; prioritize a next-step check before forecast review."
DY8DMZZ9,Vicki Laflamme,Celia Rouche,West,GTX Plus Pro,,Engaging,2017-09-16,0.621357191362223,106.0,84.0,1.2619047619047619,False,0.3565344922812217,"Vicki Laflamme's GTX Plus Pro opportunity has a 62% close propensity and has spent 106 days in Engaging, near the 84-day historical norm; prioritize a next-step check before forecast review."
LFI3BGEE,Daniell Hammack,Rocco Neubert,East,GTX Plus Pro,,Engaging,2017-09-22,0.6163262088392063,100.0,82.0,1.2195121951219512,False,0.35609528132768664,"Daniell Hammack's GTX Plus Pro opportunity has a 62% close propensity and has spent 100 days in Engaging, near the 82-day historical norm; prioritize a next-step check before forecast review."
KQ83VL8T,Boris Faz,Rocco Neubert,East,GTX Plus Basic,,Engaging,2017-09-17,0.6166191381304379,105.0,86.0,1.2209302325581395,False,0.35602895556405256,"Boris Faz's GTX Plus Basic opportunity has a 62% close propensity and has spent 105 days in Engaging, near the 86-day historical norm; prioritize a next-step check before forecast review."
NJC4XMEN,James Ascencio,Summer Sewald,West,GTX Plus Basic,Initech,Engaging,2017-09-09,0.6237516450672039,113.0,89.0,1.2696629213483146,False,0.35565693632429496,"James Ascencio's GTX Plus Basic opportunity has a 62% close propensity and has spent 113 days in Engaging, near the 89-day historical norm; prioritize a next-step check before forecast review."
TUKHDOGS,Maureen Marcano,Summer Sewald,West,GTX Pro,,Engaging,2017-08-20,0.6720639881496142,133.0,82.0,1.6219512195121952,False,0.35507913941006786,"Maureen Marcano's GTX Pro opportunity has a 67% close propensity and has spent 133 days in Engaging, near the 82-day historical norm; prioritize a next-step check before forecast review."
197EQMY8,Kami Bicknell,Summer Sewald,West,GTX Pro,,Engaging,2017-09-20,0.6212870029781392,102.0,82.0,1.2439024390243902,False,0.35500491147884367,"Kami Bicknell's GTX Pro opportunity has a 62% close propensity and has spent 102 days in Engaging, near the 82-day historical norm; prioritize a next-step check before forecast review."
4R4QF0ZU,Zane Levy,Summer Sewald,West,GTX Pro,,Engaging,2017-09-20,0.6212870029781392,102.0,82.0,1.2439024390243902,False,0.35500491147884367,"Zane Levy's GTX Pro opportunity has a 62% close propensity and has spent 102 days in Engaging, near the 82-day historical norm; prioritize a next-step check before forecast review."
S8FODURJ,Zane Levy,Summer Sewald,West,GTX Basic,Nam-zim,Engaging,2017-09-07,0.6414162478842518,115.0,83.0,1.3855421686746987,False,0.3543143786342725,"Zane Levy's GTX Basic opportunity has a 64% close propensity and has spent 115 days in Engaging, near the 83-day historical norm; prioritize a next-step check before forecast review."
QD4ONE04,Anna Snelling,Dustin Brinkmann,Central,MG Special,Rangreen,Engaging,2017-07-31,0.697476354359327,153.0,85.0,1.8,False,0.35414036966643747,"Anna Snelling's MG Special opportunity has a 70% close propensity and has spent 153 days in Engaging, near the 85-day historical norm; prioritize a next-step check before forecast review."
NGG8O0JX,Markita Hansen,Celia Rouche,West,GTX Basic,,Engaging,2017-10-13,0.5833631067981643,79.0,83.0,0.9518072289156626,False,0.3540971131113137,"Markita Hansen's GTX Basic opportunity has a 58% close propensity and has spent 79 days in Engaging, near the 83-day historical norm; prioritize a next-step check before forecast review."
JXUSPNPV,Markita Hansen,Celia Rouche,West,GTX Plus Basic,,Engaging,2017-09-26,0.6004513973980715,96.0,89.0,1.0786516853932584,False,0.3540886141631636,"Markita Hansen's GTX Plus Basic opportunity has a 60% close propensity and has spent 96 days in Engaging, near the 89-day historical norm; prioritize a next-step check before forecast review."
9D43V124,Vicki Laflamme,Celia Rouche,West,MG Special,Mathtouch,Engaging,2017-08-20,0.6680036309657613,133.0,84.25,1.5786350148367954,False,0.35392820367047473,"Vicki Laflamme's MG Special opportunity has a 67% close propensity and has spent 133 days in Engaging, near the 84-day historical norm; prioritize a next-step check before forecast review."
LDJ6VTNW,Daniell Hammack,Rocco Neubert,East,GTX Plus Basic,,Engaging,2017-10-04,0.5938022923456595,88.0,86.0,1.0232558139534884,False,0.35356339369625156,"Daniell Hammack's GTX Plus Basic opportunity has a 59% close propensity and has spent 88 days in Engaging, near the 86-day historical norm; prioritize a next-step check before forecast review."
S2XTTF3B,Rosalina Dieter,Celia Rouche,West,MG Special,,Engaging,2017-09-11,0.6340519834666832,111.0,84.25,1.317507418397626,False,0.3531481098564482,"Rosalina Dieter's MG Special opportunity has a 63% close propensity and has spent 111 days in Engaging, near the 84-day historical norm; prioritize a next-step check before forecast review."
WIQQUZRQ,Rosalina Dieter,Celia Rouche,West,MG Special,,Engaging,2017-09-10,0.6357033484088007,112.0,84.25,1.3293768545994065,False,0.3531132983117276,"Rosalina Dieter's MG Special opportunity has a 64% close propensity and has spent 112 days in Engaging, near the 84-day historical norm; prioritize a next-step check before forecast review."
5WAKI1NB,Corliss Cosme,Cara Losch,East,GTX Basic,,Engaging,2017-10-04,0.5938022923456595,88.0,87.0,1.0114942528735633,False,0.3525342571017581,"Corliss Cosme's GTX Basic opportunity has a 59% close propensity and has spent 88 days in Engaging, near the 87-day historical norm; prioritize a next-step check before forecast review."
NRK892VX,Elease Gluck,Celia Rouche,West,GTX Plus Pro,,Engaging,2017-09-20,0.6212870029781392,102.0,84.0,1.2142857142857142,False,0.3524134480642095,"Elease Gluck's GTX Plus Pro opportunity has a 62% close propensity and has spent 102 days in Engaging, near the 84-day historical norm; prioritize a next-step check before forecast review."
4S17VJ7O,Kary Hendrixson,Summer Sewald,West,MG Advanced,,Engaging,2017-10-19,0.5806722794199773,73.0,80.0,0.9125,False,0.35240676837701473,"Kary Hendrixson's MG Advanced opportunity has a 58% close propensity and has spent 73 days in Engaging, near the 80-day historical norm; prioritize a next-step check before forecast review."
NS6JLCZ2,Rosie Papadopoulos,Cara Losch,East,GTX Pro,,Engaging,2017-09-29,0.6163262088392063,93.0,79.0,1.1772151898734178,False,0.35239429336843997,"Rosie Papadopoulos's GTX Pro opportunity has a 62% close propensity and has spent 93 days in Engaging, near the 79-day historical norm; prioritize a next-step check before forecast review."
ZR436XWW,Maureen Marcano,Summer Sewald,West,GTX Plus Basic,,Engaging,2017-08-12,0.6717908735317042,141.0,89.0,1.5842696629213484,False,0.35195952771001027,"Maureen Marcano's GTX Plus Basic opportunity has a 67% close propensity and has spent 141 days in Engaging, near the 89-day historical norm; prioritize a next-step check before forecast review."
ZGW9SCQ0,Hayden Neloms,Celia Rouche,West,MG Advanced,,Engaging,2017-09-10,0.6472573998965532,112.0,80.0,1.4,False,0.35178269006724044,"Hayden Neloms's MG Advanced opportunity has a 65% close propensity and has spent 112 days in Engaging, near the 80-day historical norm; prioritize a next-step check before forecast review."
0HUWQWOJ,Markita Hansen,Celia Rouche,West,MG Special,,Engaging,2017-10-09,0.5926342700647032,83.0,84.25,0.9851632047477745,False,0.3509895048733732,"Markita Hansen's MG Special opportunity has a 59% close propensity and has spent 83 days in Engaging, near the 84-day historical norm; prioritize a next-step check before forecast review."
O691ZXXH,Markita Hansen,Celia Rouche,West,MG Special,,Engaging,2017-10-08,0.5943529621860488,84.0,84.25,0.9970326409495549,False,0.35091093066215434,"Markita Hansen's MG Special opportunity has a 59% close propensity and has spent 84 days in Engaging, near the 84-day historical norm; prioritize a next-step check before forecast review."
22HV3N2W,Niesha Huffines,Melvin Marxen,Central,GTX Plus Basic,Rangreen,Engaging,2017-08-01,0.6955473201100668,152.0,87.0,1.7471264367816093,False,0.35076780514684736,"Niesha Huffines's GTX Plus Basic opportunity has a 70% close propensity and has spent 152 days in Engaging, near the 87-day historical norm; prioritize a next-step check before forecast review."
EM1BA4EK,Cassey Cress,Rocco Neubert,East,GTX Basic,Scotfind,Engaging,2017-10-01,0.6011997221137827,91.0,87.0,1.0459770114942528,False,0.3507431691317884,"Cassey Cress's GTX Basic opportunity has a 60% close propensity and has spent 91 days in Engaging, near the 87-day historical norm; prioritize a next-step check before forecast review."
P8QXRXMR,Rosalina Dieter,Celia Rouche,West,GTX Pro,,Engaging,2017-09-25,0.6199716487982393,97.0,82.0,1.1829268292682926,False,0.35052452584212007,"Rosalina Dieter's GTX Pro opportunity has a 62% close propensity and has spent 97 days in Engaging, near the 82-day historical norm; prioritize a next-step check before forecast review."
K2NPVZL8,Kami Bicknell,Summer Sewald,West,GTX Basic,,Engaging,2017-09-23,0.621357191362223,99.0,83.0,1.1927710843373494,False,0.35048529549407315,"Kami Bicknell's GTX Basic opportunity has a 62% close propensity and has spent 99 days in Engaging, near the 83-day historical norm; prioritize a next-step check before forecast review."
EQ0PLA0O,Vicki Laflamme,Celia Rouche,West,MG Special,,Engaging,2017-09-13,0.6353472674857895,109.0,84.25,1.2937685459940653,False,0.3502290239087175,"Vicki Laflamme's MG Special opportunity has a 64% close propensity and has spent 109 days in Engaging, near the 84-day historical norm; prioritize a next-step check before forecast review."
GWOOPZE8,Cassey Cress,Rocco Neubert,East,GTX Plus Basic,Cheers,Engaging,2017-10-01,0.6047586751034543,91.0,86.0,1.058139534883721,False,0.3494940704850803,"Cassey Cress's GTX Plus Basic opportunity has a 60% close propensity and has spent 91 days in Engaging, near the 86-day historical norm; prioritize a next-step check before forecast review."
H7GXKD3O,Maureen Marcano,Summer Sewald,West,GTX Plus Basic,Kan-code,Engaging,2017-08-19,0.6656904373036142,134.0,89.0,1.5056179775280898,False,0.34904278878635864,"Maureen Marcano's GTX Plus Basic opportunity has a 67% close propensity and has spent 134 days in Engaging, near the 89-day historical norm; prioritize a next-step check before forecast review."
HJY0TQ7X,Zane Levy,Summer Sewald,West,MG Special,Toughzap,Engaging,2017-09-18,0.6294631514950286,104.0,84.25,1.2344213649851632,False,0.34886082096443316,"Zane Levy's MG Special opportunity has a 63% close propensity and has spent 104 days in Engaging, near the 84-day historical norm; prioritize a next-step check before forecast review."
9JTFD4FZ,Wilburn Farren,Cara Losch,East,GTX Plus Pro,,Engaging,2017-09-28,0.6181990060840024,94.0,82.0,1.146341463414634,False,0.348475524094179,"Wilburn Farren's GTX Plus Pro opportunity has a 62% close propensity and has spent 94 days in Engaging, near the 82-day historical norm; prioritize a next-step check before forecast review."
8SLDCS0F,Markita Hansen,Celia Rouche,West,MG Special,,Engaging,2017-10-11,0.5939822779156341,81.0,84.25,0.9614243323442137,False,0.34803614843495656,"Markita Hansen's MG Special opportunity has a 59% close propensity and has spent 81 days in Engaging, near the 84-day historical norm; prioritize a next-step check before forecast review."
1LHU0876,Elease Gluck,Celia Rouche,West,MG Advanced,Labdrill,Engaging,2017-09-22,0.6328950298925119,100.0,80.0,1.25,False,0.3479932305698673,"Elease Gluck's MG Advanced opportunity has a 63% close propensity and has spent 100 days in Engaging, near the 80-day historical norm; prioritize a next-step check before forecast review."
F761DF0M,Zane Levy,Summer Sewald,West,GTX Basic,Silis,Engaging,2017-10-11,0.5965545707383438,81.0,83.0,0.9759036144578314,False,0.34763109528513675,"Zane Levy's GTX Basic opportunity has a 60% close propensity and has spent 81 days in Engaging, near the 83-day historical norm; prioritize a next-step check before forecast review."
OHOWVHYX,Rosalina Dieter,Celia Rouche,West,MG Advanced,Zoomit,Engaging,2017-10-11,0.6015764323602036,81.0,80.0,1.0125,False,0.3475690689658676,"Rosalina Dieter's MG Advanced opportunity has a 60% close propensity and has spent 81 days in Engaging, near the 80-day historical norm; prioritize a next-step check before forecast review."
FSYTM6YE,James Ascencio,Summer Sewald,West,GTX Pro,,Engaging,2017-09-27,0.6212870029781392,95.0,82.0,1.1585365853658536,False,0.34753539928372174,"James Ascencio's GTX Pro opportunity has a 62% close propensity and has spent 95 days in Engaging, near the 82-day historical norm; prioritize a next-step check before forecast review."
ZEYGDEBG,Daniell Hammack,Rocco Neubert,East,GTX Pro,,Engaging,2017-10-09,0.6082023979719167,83.0,79.0,1.0506329113924051,False,0.3465988210650896,"Daniell Hammack's GTX Pro opportunity has a 61% close propensity and has spent 83 days in Engaging, near the 79-day historical norm; prioritize a next-step check before forecast review."
Y3AAS62P,Vicki Laflamme,Celia Rouche,West,GTX Plus Basic,Zoomit,Engaging,2017-09-12,0.6338665518189237,110.0,89.0,1.2359550561797752,False,0.3461328087334299,"Vicki Laflamme's GTX Plus Basic opportunity has a 63% close propensity and has spent 110 days in Engaging, near the 89-day historical norm; prioritize a next-step check before forecast review."
4O3EPWFR,Corliss Cosme,Cara Losch,East,GTX Plus Basic,,Engaging,2017-10-12,0.5938742448085754,80.0,86.0,0.9302325581395349,False,0.3453770897116353,"Corliss Cosme's GTX Plus Basic opportunity has a 59% close propensity and has spent 80 days in Engaging, near the 86-day historical norm; prioritize a next-step check before forecast review."
7GDSUY9K,Hayden Neloms,Celia Rouche,West,GTX Plus Pro,Konmatfix,Engaging,2017-09-05,0.6574343676183223,117.0,84.0,1.3928571428571428,False,0.3445426610480905,"Hayden Neloms's GTX Plus Pro opportunity has a 66% close propensity and has spent 117 days in Engaging, near the 84-day historical norm; prioritize a next-step check before forecast review."
7FLPKZN7,Kami Bicknell,Summer Sewald,West,GTX Pro,Kan-code,Engaging,2017-09-23,0.6325252640476348,99.0,82.0,1.2073170731707317,False,0.34449882227147643,"Kami Bicknell's GTX Pro opportunity has a 63% close propensity and has spent 99 days in Engaging, near the 82-day historical norm; prioritize a next-step check before forecast review."
VVE9HGLD,Kary Hendrixson,Summer Sewald,West,GTX Pro,,Engaging,2017-10-05,0.6129131931213453,87.0,82.0,1.0609756097560976,False,0.3444417903247841,"Kary Hendrixson's GTX Pro opportunity has a 61% close propensity and has spent 87 days in Engaging, near the 82-day historical norm; prioritize a next-step check before forecast review."
D9MZMDOL,Vicki Laflamme,Celia Rouche,West,MG Special,Zumgoity,Engaging,2017-09-20,0.633294013144227,102.0,84.25,1.2106824925816024,False,0.3442936095571427,"Vicki Laflamme's MG Special opportunity has a 63% close propensity and has spent 102 days in Engaging, near the 84-day historical norm; prioritize a next-step check before forecast review."
L9EVLHSJ,Kami Bicknell,Summer Sewald,West,GTX Plus Basic,,Engaging,2017-10-08,0.5975268370152514,84.0,89.0,0.9438202247191011,False,0.3441918256030079,"Kami Bicknell's GTX Plus Basic opportunity has a 60% close propensity and has spent 84 days in Engaging, near the 89-day historical norm; prioritize a next-step check before forecast review."
8LA72RM8,Maureen Marcano,Summer Sewald,West,MG Advanced,Donware,Engaging,2017-09-17,0.6471943905592306,105.0,80.0,1.3125,False,0.34416739613650016,"Maureen Marcano's MG Advanced opportunity has a 65% close propensity and has spent 105 days in Engaging, near the 80-day historical norm; prioritize a next-step check before forecast review."
C51GWGUE,Daniell Hammack,Rocco Neubert,East,GTX Plus Basic,,Engaging,2017-09-29,0.6163262088392063,93.0,86.0,1.0813953488372092,False,0.34401005727777173,"Daniell Hammack's GTX Plus Basic opportunity has a 62% close propensity and has spent 93 days in Engaging, near the 86-day historical norm; prioritize a next-step check before forecast review."
WV2YBM8V,Kary Hendrixson,Summer Sewald,West,GTX Basic,,Engaging,2017-09-30,0.621357191362223,92.0,83.0,1.108433734939759,False,0.34310577742178394,"Kary Hendrixson's GTX Basic opportunity has a 62% close propensity and has spent 92 days in Engaging, near the 83-day historical norm; prioritize a next-step check before forecast review."
5F1RM2YM,Elease Gluck,Celia Rouche,West,MG Special,,Engaging,2017-09-20,0.6353472674857895,102.0,84.25,1.2106824925816024,False,0.34295899423512705,"Elease Gluck's MG Special opportunity has a 64% close propensity and has spent 102 days in Engaging, near the 84-day historical norm; prioritize a next-step check before forecast review."
06C1N1F7,Elease Gluck,Celia Rouche,West,MG Special,,Engaging,2017-10-05,0.6116239576266931,87.0,84.25,1.032640949554896,False,0.3428005106287029,"Elease Gluck's MG Special opportunity has a 61% close propensity and has spent 87 days in Engaging, near the 84-day historical norm; prioritize a next-step check before forecast review."
RKOQZJZR,Zane Levy,Summer Sewald,West,GTX Plus Basic,J-Texon,Engaging,2017-09-11,0.640651817840004,111.0,89.0,1.247191011235955,False,0.3427055318871435,"Zane Levy's GTX Plus Basic opportunity has a 64% close propensity and has spent 111 days in Engaging, near the 89-day historical norm; prioritize a next-step check before forecast review."
61IKUAZI,Rosalina Dieter,Celia Rouche,West,GTX Plus Basic,Dalttechnology,Engaging,2017-09-20,0.627447601459689,102.0,89.0,1.146067415730337,False,0.3424399579276066,"Rosalina Dieter's GTX Plus Basic opportunity has a 63% close propensity and has spent 102 days in Engaging, near the 89-day historical norm; prioritize a next-step check before forecast review."
WSO3NMK5,Maureen Marcano,Summer Sewald,West,MG Advanced,,Engaging,2017-09-18,0.6482979459886591,104.0,80.0,1.3,False,0.3423563351073716,"Maureen Marcano's MG Advanced opportunity has a 65% close propensity and has spent 104 days in Engaging, near the 80-day historical norm; prioritize a next-step check before forecast review."
5TCGN3GX,Violet Mclelland,Cara Losch,East,GTX Plus Basic,,Engaging,2017-10-16,0.5924540969338402,76.0,86.0,0.8837209302325582,False,0.3422304183883527,"Violet Mclelland's GTX Plus Basic opportunity has a 59% close propensity and has spent 76 days in Engaging, near the 86-day historical norm; prioritize a next-step check before forecast review."
1L68AC0E,Wilburn Farren,Cara Losch,East,GTX Pro,Gogozoom,Engaging,2017-10-04,0.6237775861440318,88.0,79.0,1.1139240506329113,False,0.3420129234367591,"Wilburn Farren's GTX Pro opportunity has a 62% close propensity and has spent 88 days in Engaging, near the 79-day historical norm; prioritize a next-step check before forecast review."
QNB3SCN9,Wilburn Farren,Cara Losch,East,GTX Plus Pro,,Engaging,2017-10-01,0.6232324838057499,91.0,82.0,1.1097560975609757,False,0.3420025440628479,"Wilburn Farren's GTX Plus Pro opportunity has a 62% close propensity and has spent 91 days in Engaging, near the 82-day historical norm; prioritize a next-step check before forecast review."
NX28C8EI,James Ascencio,Summer Sewald,West,GTX Plus Pro,,Engaging,2017-09-30,0.621357191362223,92.0,84.0,1.0952380952380953,False,0.3419511589478884,"James Ascencio's GTX Plus Pro opportunity has a 62% close propensity and has spent 92 days in Engaging, near the 84-day historical norm; prioritize a next-step check before forecast review."
MIA65OVY,Elease Gluck,Celia Rouche,West,MG Special,,Engaging,2017-10-06,0.6116239576266931,86.0,84.25,1.0207715133531157,False,0.3417619349610471,"Elease Gluck's MG Special opportunity has a 61% close propensity and has spent 86 days in Engaging, near the 84-day historical norm; prioritize a next-step check before forecast review."
IMN2GUYV,Lajuana Vencill,Dustin Brinkmann,Central,GTX Basic,Statholdings,Prospecting,,0.4742306549134242,,,,False,0.3417500743062743,"Lajuana Vencill's GTX Basic opportunity has a 47% close propensity and has spent 0 days in Engaging, near the 0-day historical norm; prioritize a next-step check before forecast review."
EJVD09HQ,James Ascencio,Summer Sewald,West,MG Special,Betasoloin,Engaging,2017-09-25,0.6294631514950286,97.0,84.25,1.1513353115727003,False,0.3415907912908427,"James Ascencio's MG Special opportunity has a 63% close propensity and has spent 97 days in Engaging, near the 84-day historical norm; prioritize a next-step check before forecast review."
4ZKFSG5F,Violet Mclelland,Cara Losch,East,GTX Basic,,Engaging,2017-10-16,0.5924540969338402,76.0,87.0,0.8735632183908046,False,0.34134161860219925,"Violet Mclelland's GTX Basic opportunity has a 59% close propensity and has spent 76 days in Engaging, near the 87-day historical norm; prioritize a next-step check before forecast review."
ORYORRQV,Kary Hendrixson,Summer Sewald,West,GTX Basic,Hottechi,Engaging,2017-10-13,0.6036468947954782,79.0,83.0,0.9518072289156626,False,0.34091265091305967,"Kary Hendrixson's GTX Basic opportunity has a 60% close propensity and has spent 79 days in Engaging, near the 83-day historical norm; prioritize a next-step check before forecast review."
0KSK9O00,Lajuana Vencill,Dustin Brinkmann,Central,GTX Basic,Bluth Company,Prospecting,,0.476228688615659,,,,False,0.34045135239982166,"Lajuana Vencill's GTX Basic opportunity has a 48% close propensity and has spent 0 days in Engaging, near the 0-day historical norm; prioritize a next-step check before forecast review."
W2K1S9N3,Lajuana Vencill,Dustin Brinkmann,Central,GTX Plus Basic,Dalttechnology,Prospecting,,0.476228688615659,,,,False,0.34045135239982166,"Lajuana Vencill's GTX Plus Basic opportunity has a 48% close propensity and has spent 0 days in Engaging, near the 0-day historical norm; prioritize a next-step check before forecast review."
4SOUOUKH,Vicki Laflamme,Celia Rouche,West,GTX Plus Pro,Treequote,Engaging,2017-09-30,0.6241706027393822,92.0,84.0,1.0952380952380953,False,0.3401224415527349,"Vicki Laflamme's GTX Plus Pro opportunity has a 62% close propensity and has spent 92 days in Engaging, near the 84-day historical norm; prioritize a next-step check before forecast review."
B2FSFXKA,Markita Hansen,Celia Rouche,West,MG Special,,Engaging,2017-10-19,0.5940542202922874,73.0,84.25,0.8664688427299704,False,0.3396807805488856,"Markita Hansen's MG Special opportunity has a 59% close propensity and has spent 73 days in Engaging, near the 84-day historical norm; prioritize a next-step check before forecast review."
W72TPY7P,Markita Hansen,Celia Rouche,West,MG Special,,Engaging,2017-10-19,0.5940542202922874,73.0,84.25,0.8664688427299704,False,0.3396807805488856,"Markita Hansen's MG Special opportunity has a 59% close propensity and has spent 73 days in Engaging, near the 84-day historical norm; prioritize a next-step check before forecast review."
QDBJOE9M,Zane Levy,Summer Sewald,West,MG Special,,Engaging,2017-10-08,0.6119182164414833,84.0,84.25,0.9970326409495549,False,0.33949351539612194,"Zane Levy's MG Special opportunity has a 61% close propensity and has spent 84 days in Engaging, near the 84-day historical norm; prioritize a next-step check before forecast review."
QCBO7C6E,Kami Bicknell,Summer Sewald,West,GTX Plus Basic,,Engaging,2017-10-13,0.5972288485593824,79.0,89.0,0.8876404494382022,False,0.3394697877622441,"Kami Bicknell's GTX Plus Basic opportunity has a 60% close propensity and has spent 79 days in Engaging, near the 89-day historical norm; prioritize a next-step check before forecast review."
9HFEMESD,Lajuana Vencill,Dustin Brinkmann,Central,GTX Basic,,Prospecting,,0.4777884539162932,,,,False,0.33943750495440944,"Lajuana Vencill's GTX Basic opportunity has a 48% close propensity and has spent 0 days in Engaging, near the 0-day historical norm; prioritize a next-step check before forecast review."
00400B1S,Lajuana Vencill,Dustin Brinkmann,Central,GTX Basic,,Prospecting,,0.4777884539162932,,,,False,0.33943750495440944,"Lajuana Vencill's GTX Basic opportunity has a 48% close propensity and has spent 0 days in Engaging, near the 0-day historical norm; prioritize a next-step check before forecast review."
PELBIQ95,Lajuana Vencill,Dustin Brinkmann,Central,GTX Basic,,Prospecting,,0.4777884539162932,,,,False,0.33943750495440944,"Lajuana Vencill's GTX Basic opportunity has a 48% close propensity and has spent 0 days in Engaging, near the 0-day historical norm; prioritize a next-step check before forecast review."
HLE798LQ,Lajuana Vencill,Dustin Brinkmann,Central,GTX Basic,,Prospecting,,0.4777884539162932,,,,False,0.33943750495440944,"Lajuana Vencill's GTX Basic opportunity has a 48% close propensity and has spent 0 days in Engaging, near the 0-day historical norm; prioritize a next-step check before forecast review."
NB67WD27,Lajuana Vencill,Dustin Brinkmann,Central,GTX Basic,,Prospecting,,0.4777884539162932,,,,False,0.33943750495440944,"Lajuana Vencill's GTX Basic opportunity has a 48% close propensity and has spent 0 days in Engaging, near the 0-day historical norm; prioritize a next-step check before forecast review."
2RQOUJ9V,Lajuana Vencill,Dustin Brinkmann,Central,GTX Basic,,Prospecting,,0.4777884539162932,,,,False,0.33943750495440944,"Lajuana Vencill's GTX Basic opportunity has a 48% close propensity and has spent 0 days in Engaging, near the 0-day historical norm; prioritize a next-step check before forecast review."
6KW4PU0S,Lajuana Vencill,Dustin Brinkmann,Central,GTX Basic,,Prospecting,,0.4777884539162932,,,,False,0.33943750495440944,"Lajuana Vencill's GTX Basic opportunity has a 48% close propensity and has spent 0 days in Engaging, near the 0-day historical norm; prioritize a next-step check before forecast review."
Y533QVR5,Lajuana Vencill,Dustin Brinkmann,Central,GTX Basic,,Prospecting,,0.4777884539162932,,,,False,0.33943750495440944,"Lajuana Vencill's GTX Basic opportunity has a 48% close propensity and has spent 0 days in Engaging, near the 0-day historical norm; prioritize a next-step check before forecast review."
PAUK1IU0,Lajuana Vencill,Dustin Brinkmann,Central,GTX Basic,,Prospecting,,0.4777884539162932,,,,False,0.33943750495440944,"Lajuana Vencill's GTX Basic opportunity has a 48% close propensity and has spent 0 days in Engaging, near the 0-day historical norm; prioritize a next-step check before forecast review."
97WEHB4X,Lajuana Vencill,Dustin Brinkmann,Central,GTX Basic,,Prospecting,,0.4777884539162932,,,,False,0.33943750495440944,"Lajuana Vencill's GTX Basic opportunity has a 48% close propensity and has spent 0 days in Engaging, near the 0-day historical norm; prioritize a next-step check before forecast review."
Z4JQEOMT,Lajuana Vencill,Dustin Brinkmann,Central,GTX Basic,,Prospecting,,0.4777884539162932,,,,False,0.33943750495440944,"Lajuana Vencill's GTX Basic opportunity has a 48% close propensity and has spent 0 days in Engaging, near the 0-day historical norm; prioritize a next-step check before forecast review."
U0U1RIMI,Lajuana Vencill,Dustin Brinkmann,Central,GTX Plus Basic,,Prospecting,,0.4777884539162932,,,,False,0.33943750495440944,"Lajuana Vencill's GTX Plus Basic opportunity has a 48% close propensity and has spent 0 days in Engaging, near the 0-day historical norm; prioritize a next-step check before forecast review."
ZTFYF8PV,Lajuana Vencill,Dustin Brinkmann,Central,GTX Plus Basic,,Prospecting,,0.4777884539162932,,,,False,0.33943750495440944,"Lajuana Vencill's GTX Plus Basic opportunity has a 48% close propensity and has spent 0 days in Engaging, near the 0-day historical norm; prioritize a next-step check before forecast review."
Q620I4AZ,Lajuana Vencill,Dustin Brinkmann,Central,GTX Plus Basic,,Prospecting,,0.4777884539162932,,,,False,0.33943750495440944,"Lajuana Vencill's GTX Plus Basic opportunity has a 48% close propensity and has spent 0 days in Engaging, near the 0-day historical norm; prioritize a next-step check before forecast review."
L7PPTHLF,Lajuana Vencill,Dustin Brinkmann,Central,GTX Plus Basic,,Prospecting,,0.4777884539162932,,,,False,0.33943750495440944,"Lajuana Vencill's GTX Plus Basic opportunity has a 48% close propensity and has spent 0 days in Engaging, near the 0-day historical norm; prioritize a next-step check before forecast review."
8U9CA21G,Lajuana Vencill,Dustin Brinkmann,Central,GTX Plus Basic,,Prospecting,,0.4777884539162932,,,,False,0.33943750495440944,"Lajuana Vencill's GTX Plus Basic opportunity has a 48% close propensity and has spent 0 days in Engaging, near the 0-day historical norm; prioritize a next-step check before forecast review."
F14T88OP,Lajuana Vencill,Dustin Brinkmann,Central,GTX Plus Pro,,Prospecting,,0.4777884539162932,,,,False,0.33943750495440944,"Lajuana Vencill's GTX Plus Pro opportunity has a 48% close propensity and has spent 0 days in Engaging, near the 0-day historical norm; prioritize a next-step check before forecast review."
GXIVJQPG,Daniell Hammack,Rocco Neubert,East,GTX Plus Basic,Xx-zobam,Engaging,2017-10-01,0.6206439060557919,91.0,86.0,1.058139534883721,False,0.33916867036606085,"Daniell Hammack's GTX Plus Basic opportunity has a 62% close propensity and has spent 91 days in Engaging, near the 86-day historical norm; prioritize a next-step check before forecast review."
H0RRUQZ6,Maureen Marcano,Summer Sewald,West,MG Special,,Engaging,2017-09-08,0.6623478452644125,114.0,84.25,1.3531157270029674,False,0.33787152669089154,"Maureen Marcano's MG Special opportunity has a 66% close propensity and has spent 114 days in Engaging, near the 84-day historical norm; prioritize a next-step check before forecast review."
1LY8CAXD,Rosalina Dieter,Celia Rouche,West,GTK 500,Betasoloin,Engaging,2017-09-27,0.6198147942828389,95.0,92.0,1.0326086956521738,False,0.33747364458571993,"Rosalina Dieter's GTK 500 opportunity has a 62% close propensity and has spent 95 days in Engaging, near the 92-day historical norm; prioritize a next-step check before forecast review."
XSTGL252,Cassey Cress,Rocco Neubert,East,GTX Pro,Toughzap,Engaging,2017-10-15,0.6121107056355782,77.0,79.0,0.9746835443037974,False,0.33741285146345645,"Cassey Cress's GTX Pro opportunity has a 61% close propensity and has spent 77 days in Engaging, near the 79-day historical norm; prioritize a next-step check before forecast review."
E2CJIO85,Vicki Laflamme,Celia Rouche,West,GTX Plus Pro,,Engaging,2017-10-03,0.6249840156474463,89.0,84.0,1.0595238095238095,False,0.3364687231624932,"Vicki Laflamme's GTX Plus Pro opportunity has a 62% close propensity and has spent 89 days in Engaging, near the 84-day historical norm; prioritize a next-step check before forecast review."
Y6NI5EBV,Kami Bicknell,Summer Sewald,West,GTX Plus Basic,,Engaging,2017-10-17,0.5958124474512181,75.0,89.0,0.8426966292134831,False,0.336457864212888,"Kami Bicknell's GTX Plus Basic opportunity has a 60% close propensity and has spent 75 days in Engaging, near the 89-day historical norm; prioritize a next-step check before forecast review."
GL2FM1RM,Rosalina Dieter,Celia Rouche,West,GTX Basic,,Engaging,2017-10-22,0.5975268370152514,70.0,83.0,0.8433734939759037,False,0.33540273666297815,"Rosalina Dieter's GTX Basic opportunity has a 60% close propensity and has spent 70 days in Engaging, near the 83-day historical norm; prioritize a next-step check before forecast review."
RYWETTBK,Kami Bicknell,Summer Sewald,West,GTX Basic,Fasehatice,Engaging,2017-10-20,0.6026198710189553,72.0,83.0,0.8674698795180723,False,0.3342006982955104,"Kami Bicknell's GTX Basic opportunity has a 60% close propensity and has spent 72 days in Engaging, near the 83-day historical norm; prioritize a next-step check before forecast review."
LZ3B174J,Vicki Laflamme,Celia Rouche,West,MG Special,,Engaging,2017-09-29,0.6354163791868952,93.0,84.25,1.1038575667655786,False,0.33356689062050626,"Vicki Laflamme's MG Special opportunity has a 64% close propensity and has spent 93 days in Engaging, near the 84-day historical norm; prioritize a next-step check before forecast review."
6CT660FF,Maureen Marcano,Summer Sewald,West,GTX Plus Basic,,Engaging,2017-08-31,0.6717908735317042,122.0,89.0,1.3707865168539326,False,0.3332797524291114,"Maureen Marcano's GTX Plus Basic opportunity has a 67% close propensity and has spent 122 days in Engaging, near the 89-day historical norm; prioritize a next-step check before forecast review."
O7MBZPN4,Lajuana Vencill,Dustin Brinkmann,Central,MG Special,,Prospecting,,0.4882146325574511,,,,False,0.3326604888376568,"Lajuana Vencill's MG Special opportunity has a 49% close propensity and has spent 0 days in Engaging, near the 0-day historical norm; prioritize a next-step check before forecast review."
XS7B6QT7,Lajuana Vencill,Dustin Brinkmann,Central,MG Special,,Prospecting,,0.4882146325574511,,,,False,0.3326604888376568,"Lajuana Vencill's MG Special opportunity has a 49% close propensity and has spent 0 days in Engaging, near the 0-day historical norm; prioritize a next-step check before forecast review."
N6JMQG0E,Lajuana Vencill,Dustin Brinkmann,Central,MG Special,,Prospecting,,0.4882146325574511,,,,False,0.3326604888376568,"Lajuana Vencill's MG Special opportunity has a 49% close propensity and has spent 0 days in Engaging, near the 0-day historical norm; prioritize a next-step check before forecast review."
TBNPWPNE,Lajuana Vencill,Dustin Brinkmann,Central,MG Special,,Prospecting,,0.4882146325574511,,,,False,0.3326604888376568,"Lajuana Vencill's MG Special opportunity has a 49% close propensity and has spent 0 days in Engaging, near the 0-day historical norm; prioritize a next-step check before forecast review."
M4WW6I1S,Lajuana Vencill,Dustin Brinkmann,Central,MG Special,,Prospecting,,0.4882146325574511,,,,False,0.3326604888376568,"Lajuana Vencill's MG Special opportunity has a 49% close propensity and has spent 0 days in Engaging, near the 0-day historical norm; prioritize a next-step check before forecast review."
GLQLEZJM,Lajuana Vencill,Dustin Brinkmann,Central,MG Special,,Prospecting,,0.4882146325574511,,,,False,0.3326604888376568,"Lajuana Vencill's MG Special opportunity has a 49% close propensity and has spent 0 days in Engaging, near the 0-day historical norm; prioritize a next-step check before forecast review."
OFC7ZTU8,Kami Bicknell,Summer Sewald,West,GTX Pro,,Engaging,2017-10-17,0.6115160703432275,75.0,82.0,0.9146341463414634,False,0.33254504208178015,"Kami Bicknell's GTX Pro opportunity has a 61% close propensity and has spent 75 days in Engaging, near the 82-day historical norm; prioritize a next-step check before forecast review."
ZKJIVMSG,Lajuana Vencill,Dustin Brinkmann,Central,MG Advanced,Finjob,Prospecting,,0.48853831218142413,,,,False,0.3324500970820743,"Lajuana Vencill's MG Advanced opportunity has a 49% close propensity and has spent 0 days in Engaging, near the 0-day historical norm; prioritize a next-step check before forecast review."
7EHJYKWE,Kary Hendrixson,Summer Sewald,West,GTX Basic,Xx-holding,Engaging,2017-10-28,0.5938323948192766,64.0,83.0,0.7710843373493976,False,0.33147882288554253,"Kary Hendrixson's GTX Basic opportunity has a 59% close propensity and has spent 64 days in Engaging, near the 83-day historical norm; prioritize a next-step check before forecast review."
OYH46MQB,Corliss Cosme,Cara Losch,East,GTX Basic,,Engaging,2017-10-25,0.5938022923456595,67.0,87.0,0.7701149425287356,False,0.3314135674465857,"Corliss Cosme's GTX Basic opportunity has a 59% close propensity and has spent 67 days in Engaging, near the 87-day historical norm; prioritize a next-step check before forecast review."
31IV2B9O,Vicki Laflamme,Celia Rouche,West,GTX Basic,,Engaging,2017-10-26,0.5972288485593824,66.0,83.0,0.7951807228915663,False,0.3313795616894135,"Vicki Laflamme's GTX Basic opportunity has a 60% close propensity and has spent 66 days in Engaging, near the 83-day historical norm; prioritize a next-step check before forecast review."
HWOBBZWQ,Wilburn Farren,Cara Losch,East,GTX Basic,,Engaging,2017-10-24,0.5968262285998089,68.0,87.0,0.7816091954022989,False,0.33045375600782534,"Wilburn Farren's GTX Basic opportunity has a 60% close propensity and has spent 68 days in Engaging, near the 87-day historical norm; prioritize a next-step check before forecast review."
BZGJ44FH,Kami Bicknell,Summer Sewald,West,GTX Pro,,Engaging,2017-10-19,0.6129131931213453,73.0,82.0,0.8902439024390244,False,0.3295027659345402,"Kami Bicknell's GTX Pro opportunity has a 61% close propensity and has spent 73 days in Engaging, near the 82-day historical norm; prioritize a next-step check before forecast review."
RVUJPYY8,Rosalina Dieter,Celia Rouche,West,MG Special,,Engaging,2017-10-18,0.611553092941624,74.0,84.25,0.8783382789317508,False,0.3293450889944726,"Rosalina Dieter's MG Special opportunity has a 61% close propensity and has spent 74 days in Engaging, near the 84-day historical norm; prioritize a next-step check before forecast review."
0N11U6L3,Daniell Hammack,Rocco Neubert,East,GTX Plus Basic,Acme Corporation,Engaging,2017-10-30,0.5924540969338402,62.0,86.0,0.7209302325581395,False,0.3279862323418411,"Daniell Hammack's GTX Plus Basic opportunity has a 59% close propensity and has spent 62 days in Engaging, near the 86-day historical norm; prioritize a next-step check before forecast review."
VRWH3YJV,Maureen Marcano,Summer Sewald,West,GTX Plus Pro,,Engaging,2017-09-14,0.6717908735317042,108.0,84.0,1.2857142857142858,False,0.3258359322043923,"Maureen Marcano's GTX Plus Pro opportunity has a 67% close propensity and has spent 108 days in Engaging, near the 84-day historical norm; prioritize a next-step check before forecast review."
S7UVZXM3,Corliss Cosme,Cara Losch,East,MG Special,,Engaging,2017-10-24,0.6069075353365359,68.0,85.0,0.8,False,0.3255101020312517,"Corliss Cosme's MG Special opportunity has a 61% close propensity and has spent 68 days in Engaging, near the 85-day historical norm; prioritize a next-step check before forecast review."
DYYJW46L,Vicki Laflamme,Celia Rouche,West,GTX Plus Pro,,Engaging,2017-10-14,0.6263622971659422,78.0,84.0,0.9285714285714286,False,0.3241145068421376,"Vicki Laflamme's GTX Plus Pro opportunity has a 63% close propensity and has spent 78 days in Engaging, near the 84-day historical norm; prioritize a next-step check before forecast review."
JZ4QLP1W,Lajuana Vencill,Dustin Brinkmann,Central,MG Special,Bioplex,Prospecting,,0.5020556635264387,,,,False,0.32366381870781485,"Lajuana Vencill's MG Special opportunity has a 50% close propensity and has spent 0 days in Engaging, near the 0-day historical norm; prioritize a next-step check before forecast review."
W5FH95XO,Hayden Neloms,Celia Rouche,West,MG Special,,Engaging,2017-10-30,0.6082272459738393,62.0,84.25,0.7359050445103857,False,0.31904398151166324,"Hayden Neloms's MG Special opportunity has a 61% close propensity and has spent 62 days in Engaging, near the 84-day historical norm; prioritize a next-step check before forecast review."
YQJGEI71,James Ascencio,Summer Sewald,West,GTX Plus Pro,,Engaging,2017-10-19,0.6263622971659422,73.0,84.0,0.8690476190476191,False,0.31890617350880424,"James Ascencio's GTX Plus Pro opportunity has a 63% close propensity and has spent 73 days in Engaging, near the 84-day historical norm; prioritize a next-step check before forecast review."
24K085JJ,Maureen Marcano,Summer Sewald,West,GTX Plus Basic,,Engaging,2017-09-15,0.6717908735317042,107.0,89.0,1.202247191011236,False,0.31853256141787545,"Maureen Marcano's GTX Plus Basic opportunity has a 67% close propensity and has spent 107 days in Engaging, near the 89-day historical norm; prioritize a next-step check before forecast review."
2DY9U1V7,Rosie Papadopoulos,Cara Losch,East,GTX Pro,Konex,Engaging,2017-10-20,0.633516747656066,72.0,79.0,0.9113924050632911,False,0.31796094946659503,"Rosie Papadopoulos's GTX Pro opportunity has a 63% close propensity and has spent 72 days in Engaging, near the 79-day historical norm; prioritize a next-step check before forecast review."
OMCFUDOU,James Ascencio,Summer Sewald,West,GTX Pro,,Engaging,2017-10-31,0.6115160703432275,61.0,82.0,0.7439024390243902,False,0.3176060176915363,"James Ascencio's GTX Pro opportunity has a 61% close propensity and has spent 61 days in Engaging, near the 82-day historical norm; prioritize a next-step check before forecast review."
O1SCOU11,Elease Gluck,Celia Rouche,West,MG Special,,Engaging,2017-10-31,0.6102251407695171,61.0,84.25,0.7240356083086054,False,0.31670677422681687,"Elease Gluck's MG Special opportunity has a 61% close propensity and has spent 61 days in Engaging, near the 84-day historical norm; prioritize a next-step check before forecast review."
X7MN9ROG,Vicki Laflamme,Celia Rouche,West,GTX Plus Pro,,Engaging,2017-10-23,0.6249840156474463,69.0,84.0,0.8214285714285714,False,0.3156353898291599,"Vicki Laflamme's GTX Plus Pro opportunity has a 62% close propensity and has spent 69 days in Engaging, near the 84-day historical norm; prioritize a next-step check before forecast review."
V1SX6HOD,Maureen Marcano,Summer Sewald,West,GTX Plus Basic,,Engaging,2017-09-19,0.6704920127875494,103.0,89.0,1.1573033707865168,False,0.3154442366319131,"Maureen Marcano's GTX Plus Basic opportunity has a 67% close propensity and has spent 103 days in Engaging, near the 89-day historical norm; prioritize a next-step check before forecast review."
4D0K5T7T,Zane Levy,Summer Sewald,West,GTX Pro,Gogozoom,Engaging,2017-10-26,0.6272650702550698,66.0,82.0,0.8048780487804879,False,0.3127045336024973,"Zane Levy's GTX Pro opportunity has a 63% close propensity and has spent 66 days in Engaging, near the 82-day historical norm; prioritize a next-step check before forecast review."
HN6TZPAF,Wilburn Farren,Cara Losch,East,GTX Plus Pro,,Engaging,2017-10-31,0.6215582415568804,61.0,82.0,0.7439024390243902,False,0.3110786064026619,"Wilburn Farren's GTX Plus Pro opportunity has a 62% close propensity and has spent 61 days in Engaging, near the 82-day historical norm; prioritize a next-step check before forecast review."
HXGDBNAV,Maureen Marcano,Summer Sewald,West,MG Advanced,,Engaging,2017-10-25,0.6357641679035991,67.0,80.0,0.8375,False,0.3100345408626606,"Maureen Marcano's MG Advanced opportunity has a 64% close propensity and has spent 67 days in Engaging, near the 80-day historical norm; prioritize a next-step check before forecast review."
P5C842B5,Kami Bicknell,Summer Sewald,West,GTX Plus Pro,,Engaging,2017-10-28,0.6263622971659422,64.0,84.0,0.7619047619047619,False,0.3095311735088042,"Kami Bicknell's GTX Plus Pro opportunity has a 63% close propensity and has spent 64 days in Engaging, near the 84-day historical norm; prioritize a next-step check before forecast review."
NMLTE4CS,Maureen Marcano,Summer Sewald,West,GTX Plus Pro,,Engaging,2017-09-30,0.6717908735317042,92.0,84.0,1.0952380952380953,False,0.3091692655377256,"Maureen Marcano's GTX Plus Pro opportunity has a 67% close propensity and has spent 92 days in Engaging, near the 84-day historical norm; prioritize a next-step check before forecast review."
HSGGBG9J,Lajuana Vencill,Dustin Brinkmann,Central,MG Special,Codehow,Prospecting,,0.5373633072888048,,,,False,0.3007138502622769,"Lajuana Vencill's MG Special opportunity has a 54% close propensity and has spent 0 days in Engaging, near the 0-day historical norm; prioritize a next-step check before forecast review."
SLILSQJV,Maureen Marcano,Summer Sewald,West,GTX Plus Basic,,Engaging,2017-10-19,0.6490611945651089,73.0,89.0,0.8202247191011236,False,0.2998798864540275,"Maureen Marcano's GTX Plus Basic opportunity has a 65% close propensity and has spent 73 days in Engaging, near the 89-day historical norm; prioritize a next-step check before forecast review."
76WK0KFZ,Lajuana Vencill,Dustin Brinkmann,Central,GTX Basic,Konex,Prospecting,,0.5546281409784622,,,,False,0.28949170836399957,"Lajuana Vencill's GTX Basic opportunity has a 55% close propensity and has spent 0 days in Engaging, near the 0-day historical norm; prioritize a next-step check before forecast review."
WTD6O2OR,Anna Snelling,Dustin Brinkmann,Central,MG Advanced,Betasoloin,Prospecting,,0.5638282983447674,,,,False,0.28351160607590115,"Anna Snelling's MG Advanced opportunity has a 56% close propensity and has spent 0 days in Engaging, near the 0-day historical norm; prioritize a next-step check before forecast review."
FEEOZHT8,Anna Snelling,Dustin Brinkmann,Central,MG Advanced,,Prospecting,,0.5638282983447674,,,,False,0.28351160607590115,"Anna Snelling's MG Advanced opportunity has a 56% close propensity and has spent 0 days in Engaging, near the 0-day historical norm; prioritize a next-step check before forecast review."
D382N39B,Anna Snelling,Dustin Brinkmann,Central,MG Advanced,,Prospecting,,0.5638282983447674,,,,False,0.28351160607590115,"Anna Snelling's MG Advanced opportunity has a 56% close propensity and has spent 0 days in Engaging, near the 0-day historical norm; prioritize a next-step check before forecast review."
YYUJ1DCF,Anna Snelling,Dustin Brinkmann,Central,MG Advanced,,Prospecting,,0.5638282983447674,,,,False,0.28351160607590115,"Anna Snelling's MG Advanced opportunity has a 56% close propensity and has spent 0 days in Engaging, near the 0-day historical norm; prioritize a next-step check before forecast review."
OH0HJ6KK,Anna Snelling,Dustin Brinkmann,Central,MG Advanced,,Prospecting,,0.5638282983447674,,,,False,0.28351160607590115,"Anna Snelling's MG Advanced opportunity has a 56% close propensity and has spent 0 days in Engaging, near the 0-day historical norm; prioritize a next-step check before forecast review."
5TGQL49J,Anna Snelling,Dustin Brinkmann,Central,MG Advanced,,Prospecting,,0.5638282983447674,,,,False,0.28351160607590115,"Anna Snelling's MG Advanced opportunity has a 56% close propensity and has spent 0 days in Engaging, near the 0-day historical norm; prioritize a next-step check before forecast review."
Y7WAFW9D,Anna Snelling,Dustin Brinkmann,Central,MG Advanced,,Prospecting,,0.5638282983447674,,,,False,0.28351160607590115,"Anna Snelling's MG Advanced opportunity has a 56% close propensity and has spent 0 days in Engaging, near the 0-day historical norm; prioritize a next-step check before forecast review."
I8NC3RFB,Anna Snelling,Dustin Brinkmann,Central,MG Advanced,,Prospecting,,0.5638282983447674,,,,False,0.28351160607590115,"Anna Snelling's MG Advanced opportunity has a 56% close propensity and has spent 0 days in Engaging, near the 0-day historical norm; prioritize a next-step check before forecast review."
J5IXJWVU,Gladys Colclough,Melvin Marxen,Central,MG Advanced,Cancity,Prospecting,,0.5690305036144638,,,,False,0.28013017265059853,"Gladys Colclough's MG Advanced opportunity has a 57% close propensity and has spent 0 days in Engaging, near the 0-day historical norm; prioritize a next-step check before forecast review."
KFSKQ291,Gladys Colclough,Melvin Marxen,Central,MG Advanced,Plusstrip,Prospecting,,0.5690305036144638,,,,False,0.28013017265059853,"Gladys Colclough's MG Advanced opportunity has a 57% close propensity and has spent 0 days in Engaging, near the 0-day historical norm; prioritize a next-step check before forecast review."
J5IF7CT6,Gladys Colclough,Melvin Marxen,Central,MG Advanced,,Prospecting,,0.5690305036144638,,,,False,0.28013017265059853,"Gladys Colclough's MG Advanced opportunity has a 57% close propensity and has spent 0 days in Engaging, near the 0-day historical norm; prioritize a next-step check before forecast review."
AAQ5H36J,Gladys Colclough,Melvin Marxen,Central,MG Advanced,,Prospecting,,0.5690305036144638,,,,False,0.28013017265059853,"Gladys Colclough's MG Advanced opportunity has a 57% close propensity and has spent 0 days in Engaging, near the 0-day historical norm; prioritize a next-step check before forecast review."
37PEZCGO,Gladys Colclough,Melvin Marxen,Central,MG Advanced,,Prospecting,,0.5690305036144638,,,,False,0.28013017265059853,"Gladys Colclough's MG Advanced opportunity has a 57% close propensity and has spent 0 days in Engaging, near the 0-day historical norm; prioritize a next-step check before forecast review."
X9NUTLTR,Gladys Colclough,Melvin Marxen,Central,MG Advanced,,Prospecting,,0.5690305036144638,,,,False,0.28013017265059853,"Gladys Colclough's MG Advanced opportunity has a 57% close propensity and has spent 0 days in Engaging, near the 0-day historical norm; prioritize a next-step check before forecast review."
L5PS6S68,Gladys Colclough,Melvin Marxen,Central,MG Advanced,,Prospecting,,0.5690305036144638,,,,False,0.28013017265059853,"Gladys Colclough's MG Advanced opportunity has a 57% close propensity and has spent 0 days in Engaging, near the 0-day historical norm; prioritize a next-step check before forecast review."
JLZCOLIE,Gladys Colclough,Melvin Marxen,Central,MG Advanced,,Prospecting,,0.5690305036144638,,,,False,0.28013017265059853,"Gladys Colclough's MG Advanced opportunity has a 57% close propensity and has spent 0 days in Engaging, near the 0-day historical norm; prioritize a next-step check before forecast review."
J9PCNCUP,Kary Hendrixson,Summer Sewald,West,GTX Basic,Golddex,Engaging,2017-11-06,0.6608904230225742,55.0,83.0,0.6626506024096386,False,0.27840315274617017,"Kary Hendrixson's GTX Basic opportunity has a 66% close propensity and has spent 55 days in Engaging, near the 83-day historical norm; prioritize a next-step check before forecast review."
BG0BLC6S,Anna Snelling,Dustin Brinkmann,Central,MG Advanced,Fasehatice,Prospecting,,0.5724433929175007,,,,False,0.2779117946036246,"Anna Snelling's MG Advanced opportunity has a 57% close propensity and has spent 0 days in Engaging, near the 0-day historical norm; prioritize a next-step check before forecast review."
CGRMC7OE,Jonathan Berthelot,Melvin Marxen,Central,MG Advanced,,Prospecting,,0.5735060240366298,,,,False,0.27722108437619064,"Jonathan Berthelot's MG Advanced opportunity has a 57% close propensity and has spent 0 days in Engaging, near the 0-day historical norm; prioritize a next-step check before forecast review."
MI3MV7PU,Marty Freudenburg,Melvin Marxen,Central,MG Advanced,Acme Corporation,Prospecting,,0.5735060240366298,,,,False,0.27722108437619064,"Marty Freudenburg's MG Advanced opportunity has a 57% close propensity and has spent 0 days in Engaging, near the 0-day historical norm; prioritize a next-step check before forecast review."
A8PVW8RI,Marty Freudenburg,Melvin Marxen,Central,MG Advanced,Condax,Prospecting,,0.5735060240366298,,,,False,0.27722108437619064,"Marty Freudenburg's MG Advanced opportunity has a 57% close propensity and has spent 0 days in Engaging, near the 0-day historical norm; prioritize a next-step check before forecast review."
AP74NF6M,Marty Freudenburg,Melvin Marxen,Central,MG Advanced,Iselectrics,Prospecting,,0.5735060240366298,,,,False,0.27722108437619064,"Marty Freudenburg's MG Advanced opportunity has a 57% close propensity and has spent 0 days in Engaging, near the 0-day historical norm; prioritize a next-step check before forecast review."
WJ7HDR4Q,Marty Freudenburg,Melvin Marxen,Central,MG Advanced,,Prospecting,,0.5735060240366298,,,,False,0.27722108437619064,"Marty Freudenburg's MG Advanced opportunity has a 57% close propensity and has spent 0 days in Engaging, near the 0-day historical norm; prioritize a next-step check before forecast review."
F1NWH30L,Marty Freudenburg,Melvin Marxen,Central,MG Advanced,,Prospecting,,0.5735060240366298,,,,False,0.27722108437619064,"Marty Freudenburg's MG Advanced opportunity has a 57% close propensity and has spent 0 days in Engaging, near the 0-day historical norm; prioritize a next-step check before forecast review."
7KQAH6UI,Marty Freudenburg,Melvin Marxen,Central,MG Advanced,,Prospecting,,0.5735060240366298,,,,False,0.27722108437619064,"Marty Freudenburg's MG Advanced opportunity has a 57% close propensity and has spent 0 days in Engaging, near the 0-day historical norm; prioritize a next-step check before forecast review."
2NO97U9Z,Marty Freudenburg,Melvin Marxen,Central,MG Advanced,,Prospecting,,0.5735060240366298,,,,False,0.27722108437619064,"Marty Freudenburg's MG Advanced opportunity has a 57% close propensity and has spent 0 days in Engaging, near the 0-day historical norm; prioritize a next-step check before forecast review."
BKI3OLP8,Marty Freudenburg,Melvin Marxen,Central,MG Advanced,,Prospecting,,0.5735060240366298,,,,False,0.27722108437619064,"Marty Freudenburg's MG Advanced opportunity has a 57% close propensity and has spent 0 days in Engaging, near the 0-day historical norm; prioritize a next-step check before forecast review."
KTSP63I0,Marty Freudenburg,Melvin Marxen,Central,MG Advanced,,Prospecting,,0.5735060240366298,,,,False,0.27722108437619064,"Marty Freudenburg's MG Advanced opportunity has a 57% close propensity and has spent 0 days in Engaging, near the 0-day historical norm; prioritize a next-step check before forecast review."
PF7M8CG2,Niesha Huffines,Melvin Marxen,Central,MG Advanced,,Prospecting,,0.5735060240366298,,,,False,0.27722108437619064,"Niesha Huffines's MG Advanced opportunity has a 57% close propensity and has spent 0 days in Engaging, near the 0-day historical norm; prioritize a next-step check before forecast review."
WNWI8RJU,Versie Hillebrand,Dustin Brinkmann,Central,MG Advanced,,Prospecting,,0.5779077983154282,,,,False,0.2743599310949717,"Versie Hillebrand's MG Advanced opportunity has a 58% close propensity and has spent 0 days in Engaging, near the 0-day historical norm; prioritize a next-step check before forecast review."
4H6DFFO4,Versie Hillebrand,Dustin Brinkmann,Central,MG Advanced,,Prospecting,,0.5779077983154282,,,,False,0.2743599310949717,"Versie Hillebrand's MG Advanced opportunity has a 58% close propensity and has spent 0 days in Engaging, near the 0-day historical norm; prioritize a next-step check before forecast review."
IUM2FVA1,Versie Hillebrand,Dustin Brinkmann,Central,MG Advanced,,Prospecting,,0.5779077983154282,,,,False,0.2743599310949717,"Versie Hillebrand's MG Advanced opportunity has a 58% close propensity and has spent 0 days in Engaging, near the 0-day historical norm; prioritize a next-step check before forecast review."
9MIWFW5J,Versie Hillebrand,Dustin Brinkmann,Central,MG Advanced,,Prospecting,,0.5779077983154282,,,,False,0.2743599310949717,"Versie Hillebrand's MG Advanced opportunity has a 58% close propensity and has spent 0 days in Engaging, near the 0-day historical norm; prioritize a next-step check before forecast review."
6SLKZ8FI,Versie Hillebrand,Dustin Brinkmann,Central,MG Advanced,,Prospecting,,0.5779077983154282,,,,False,0.2743599310949717,"Versie Hillebrand's MG Advanced opportunity has a 58% close propensity and has spent 0 days in Engaging, near the 0-day historical norm; prioritize a next-step check before forecast review."
LIB4KUZJ,Versie Hillebrand,Dustin Brinkmann,Central,MG Advanced,,Prospecting,,0.5779077983154282,,,,False,0.2743599310949717,"Versie Hillebrand's MG Advanced opportunity has a 58% close propensity and has spent 0 days in Engaging, near the 0-day historical norm; prioritize a next-step check before forecast review."
18IUIUK0,Versie Hillebrand,Dustin Brinkmann,Central,MG Advanced,,Prospecting,,0.5779077983154282,,,,False,0.2743599310949717,"Versie Hillebrand's MG Advanced opportunity has a 58% close propensity and has spent 0 days in Engaging, near the 0-day historical norm; prioritize a next-step check before forecast review."
8I5ONXJX,Versie Hillebrand,Dustin Brinkmann,Central,MG Advanced,,Prospecting,,0.5779077983154282,,,,False,0.2743599310949717,"Versie Hillebrand's MG Advanced opportunity has a 58% close propensity and has spent 0 days in Engaging, near the 0-day historical norm; prioritize a next-step check before forecast review."
JQBN7PXK,Gladys Colclough,Melvin Marxen,Central,MG Advanced,Xx-zobam,Prospecting,,0.5781690070238724,,,,False,0.27419014543448295,"Gladys Colclough's MG Advanced opportunity has a 58% close propensity and has spent 0 days in Engaging, near the 0-day historical norm; prioritize a next-step check before forecast review."
9H2V1F1E,Moses Frase,Dustin Brinkmann,Central,MG Advanced,Funholding,Prospecting,,0.5786244115058664,,,,False,0.27389413252118683,"Moses Frase's MG Advanced opportunity has a 58% close propensity and has spent 0 days in Engaging, near the 0-day historical norm; prioritize a next-step check before forecast review."
EJUQOEY5,Darcel Schlecht,Melvin Marxen,Central,MG Advanced,Bubba Gump,Prospecting,,0.5809834226654599,,,,False,0.27236077526745106,"Darcel Schlecht's MG Advanced opportunity has a 58% close propensity and has spent 0 days in Engaging, near the 0-day historical norm; prioritize a next-step check before forecast review."
X4THRRSJ,Darcel Schlecht,Melvin Marxen,Central,MG Advanced,,Prospecting,,0.5809834226654599,,,,False,0.27236077526745106,"Darcel Schlecht's MG Advanced opportunity has a 58% close propensity and has spent 0 days in Engaging, near the 0-day historical norm; prioritize a next-step check before forecast review."
3PN3YSPK,Darcel Schlecht,Melvin Marxen,Central,MG Advanced,,Prospecting,,0.5809834226654599,,,,False,0.27236077526745106,"Darcel Schlecht's MG Advanced opportunity has a 58% close propensity and has spent 0 days in Engaging, near the 0-day historical norm; prioritize a next-step check before forecast review."
F6AOT0NK,Darcel Schlecht,Melvin Marxen,Central,MG Advanced,,Prospecting,,0.5809834226654599,,,,False,0.27236077526745106,"Darcel Schlecht's MG Advanced opportunity has a 58% close propensity and has spent 0 days in Engaging, near the 0-day historical norm; prioritize a next-step check before forecast review."
YI92HVHO,Darcel Schlecht,Melvin Marxen,Central,MG Advanced,,Prospecting,,0.5809834226654599,,,,False,0.27236077526745106,"Darcel Schlecht's MG Advanced opportunity has a 58% close propensity and has spent 0 days in Engaging, near the 0-day historical norm; prioritize a next-step check before forecast review."
39NJ6UC9,Darcel Schlecht,Melvin Marxen,Central,MG Advanced,,Prospecting,,0.5809834226654599,,,,False,0.27236077526745106,"Darcel Schlecht's MG Advanced opportunity has a 58% close propensity and has spent 0 days in Engaging, near the 0-day historical norm; prioritize a next-step check before forecast review."
1XR36ESV,Darcel Schlecht,Melvin Marxen,Central,MG Advanced,,Prospecting,,0.5809834226654599,,,,False,0.27236077526745106,"Darcel Schlecht's MG Advanced opportunity has a 58% close propensity and has spent 0 days in Engaging, near the 0-day historical norm; prioritize a next-step check before forecast review."
TLJWMKEO,Gladys Colclough,Melvin Marxen,Central,GTX Plus Basic,Iselectrics,Prospecting,,0.5828172011451316,,,,False,0.2711688192556645,"Gladys Colclough's GTX Plus Basic opportunity has a 58% close propensity and has spent 0 days in Engaging, near the 0-day historical norm; prioritize a next-step check before forecast review."
EL09RK8X,Moses Frase,Dustin Brinkmann,Central,MG Advanced,Dalttechnology,Prospecting,,0.5832752335269921,,,,False,0.27087109820745514,"Moses Frase's MG Advanced opportunity has a 58% close propensity and has spent 0 days in Engaging, near the 0-day historical norm; prioritize a next-step check before forecast review."
2872DC79,Moses Frase,Dustin Brinkmann,Central,MG Advanced,,Prospecting,,0.5832752335269921,,,,False,0.27087109820745514,"Moses Frase's MG Advanced opportunity has a 58% close propensity and has spent 0 days in Engaging, near the 0-day historical norm; prioritize a next-step check before forecast review."
OYRF34VN,Moses Frase,Dustin Brinkmann,Central,MG Advanced,,Prospecting,,0.5832752335269921,,,,False,0.27087109820745514,"Moses Frase's MG Advanced opportunity has a 58% close propensity and has spent 0 days in Engaging, near the 0-day historical norm; prioritize a next-step check before forecast review."
HP8IWA1E,Moses Frase,Dustin Brinkmann,Central,MG Advanced,,Prospecting,,0.5832752335269921,,,,False,0.27087109820745514,"Moses Frase's MG Advanced opportunity has a 58% close propensity and has spent 0 days in Engaging, near the 0-day historical norm; prioritize a next-step check before forecast review."
M5ZYQFGR,Moses Frase,Dustin Brinkmann,Central,MG Advanced,,Prospecting,,0.5832752335269921,,,,False,0.27087109820745514,"Moses Frase's MG Advanced opportunity has a 58% close propensity and has spent 0 days in Engaging, near the 0-day historical norm; prioritize a next-step check before forecast review."
0CECGPEJ,Moses Frase,Dustin Brinkmann,Central,MG Advanced,,Prospecting,,0.5832752335269921,,,,False,0.27087109820745514,"Moses Frase's MG Advanced opportunity has a 58% close propensity and has spent 0 days in Engaging, near the 0-day historical norm; prioritize a next-step check before forecast review."
D6YEYMJC,Moses Frase,Dustin Brinkmann,Central,MG Advanced,,Prospecting,,0.5832752335269921,,,,False,0.27087109820745514,"Moses Frase's MG Advanced opportunity has a 58% close propensity and has spent 0 days in Engaging, near the 0-day historical norm; prioritize a next-step check before forecast review."
RLDCYEJU,Moses Frase,Dustin Brinkmann,Central,MG Advanced,,Prospecting,,0.5832752335269921,,,,False,0.27087109820745514,"Moses Frase's MG Advanced opportunity has a 58% close propensity and has spent 0 days in Engaging, near the 0-day historical norm; prioritize a next-step check before forecast review."
BIN9U8D9,Moses Frase,Dustin Brinkmann,Central,MG Advanced,,Prospecting,,0.5832752335269921,,,,False,0.27087109820745514,"Moses Frase's MG Advanced opportunity has a 58% close propensity and has spent 0 days in Engaging, near the 0-day historical norm; prioritize a next-step check before forecast review."
8O98HGMW,Moses Frase,Dustin Brinkmann,Central,MG Advanced,,Prospecting,,0.5832752335269921,,,,False,0.27087109820745514,"Moses Frase's MG Advanced opportunity has a 58% close propensity and has spent 0 days in Engaging, near the 0-day historical norm; prioritize a next-step check before forecast review."
SRYX0U85,Moses Frase,Dustin Brinkmann,Central,MG Advanced,,Prospecting,,0.5832752335269921,,,,False,0.27087109820745514,"Moses Frase's MG Advanced opportunity has a 58% close propensity and has spent 0 days in Engaging, near the 0-day historical norm; prioritize a next-step check before forecast review."
FCNN6UY0,Versie Hillebrand,Dustin Brinkmann,Central,MG Advanced,Ganjaflex,Prospecting,,0.5834645607406802,,,,False,0.27074803551855786,"Versie Hillebrand's MG Advanced opportunity has a 58% close propensity and has spent 0 days in Engaging, near the 0-day historical norm; prioritize a next-step check before forecast review."
ZT1234V3,Gladys Colclough,Melvin Marxen,Central,MG Advanced,Ron-tech,Prospecting,,0.5836010569137071,,,,False,0.27065931300609036,"Gladys Colclough's MG Advanced opportunity has a 58% close propensity and has spent 0 days in Engaging, near the 0-day historical norm; prioritize a next-step check before forecast review."
2BD1SDBX,Jonathan Berthelot,Melvin Marxen,Central,GTX Basic,Vehement Capital Partners,Prospecting,,0.5838570718462509,,,,False,0.2704929032999369,"Jonathan Berthelot's GTX Basic opportunity has a 58% close propensity and has spent 0 days in Engaging, near the 0-day historical norm; prioritize a next-step check before forecast review."
M7UNLZEP,Marty Freudenburg,Melvin Marxen,Central,GTX Pro,Finhigh,Prospecting,,0.5838570718462509,,,,False,0.2704929032999369,"Marty Freudenburg's GTX Pro opportunity has a 58% close propensity and has spent 0 days in Engaging, near the 0-day historical norm; prioritize a next-step check before forecast review."
YVFK9Q0W,Niesha Huffines,Melvin Marxen,Central,MG Advanced,Faxquote,Prospecting,,0.5845131505252776,,,,False,0.27006645215856956,"Niesha Huffines's MG Advanced opportunity has a 58% close propensity and has spent 0 days in Engaging, near the 0-day historical norm; prioritize a next-step check before forecast review."
BTDY3DHP,Gladys Colclough,Melvin Marxen,Central,GTX Plus Pro,Vehement Capital Partners,Prospecting,,0.5850438758910873,,,,False,0.26972148067079327,"Gladys Colclough's GTX Plus Pro opportunity has a 59% close propensity and has spent 0 days in Engaging, near the 0-day historical norm; prioritize a next-step check before forecast review."
OEG8QG42,Anna Snelling,Dustin Brinkmann,Central,MG Advanced,Bioplex,Prospecting,,0.5877439168600324,,,,False,0.26796645404097896,"Anna Snelling's MG Advanced opportunity has a 59% close propensity and has spent 0 days in Engaging, near the 0-day historical norm; prioritize a next-step check before forecast review."
8M2O0Q8V,Versie Hillebrand,Dustin Brinkmann,Central,MG Advanced,Silis,Prospecting,,0.5894218618331765,,,,False,0.2668757898084353,"Versie Hillebrand's MG Advanced opportunity has a 59% close propensity and has spent 0 days in Engaging, near the 0-day historical norm; prioritize a next-step check before forecast review."
RSY2XLKK,Anna Snelling,Dustin Brinkmann,Central,MG Advanced,Streethex,Prospecting,,0.590165740378596,,,,False,0.2663922687539126,"Anna Snelling's MG Advanced opportunity has a 59% close propensity and has spent 0 days in Engaging, near the 0-day historical norm; prioritize a next-step check before forecast review."
Q9UWOC28,Anna Snelling,Dustin Brinkmann,Central,GTX Plus Basic,Plusstrip,Prospecting,,0.5904197023587566,,,,False,0.2662271934668082,"Anna Snelling's GTX Plus Basic opportunity has a 59% close propensity and has spent 0 days in Engaging, near the 0-day historical norm; prioritize a next-step check before forecast review."
9P9ISECL,Anna Snelling,Dustin Brinkmann,Central,GTX Plus Pro,Sumace,Prospecting,,0.5904197023587566,,,,False,0.2662271934668082,"Anna Snelling's GTX Plus Pro opportunity has a 59% close propensity and has spent 0 days in Engaging, near the 0-day historical norm; prioritize a next-step check before forecast review."
RJ21Q4HO,Gladys Colclough,Melvin Marxen,Central,GTX Basic,Hottechi,Prospecting,,0.5910340189678717,,,,False,0.26582788767088344,"Gladys Colclough's GTX Basic opportunity has a 59% close propensity and has spent 0 days in Engaging, near the 0-day historical norm; prioritize a next-step check before forecast review."
R6HYAPR6,Darcel Schlecht,Melvin Marxen,Central,GTX Pro,Opentech,Prospecting,,0.591282325739709,,,,False,0.2656664882691892,"Darcel Schlecht's GTX Pro opportunity has a 59% close propensity and has spent 0 days in Engaging, near the 0-day historical norm; prioritize a next-step check before forecast review."
3LCLVRVV,Anna Snelling,Dustin Brinkmann,Central,GTX Basic,,Prospecting,,0.591930797784381,,,,False,0.2652449814401524,"Anna Snelling's GTX Basic opportunity has a 59% close propensity and has spent 0 days in Engaging, near the 0-day historical norm; prioritize a next-step check before forecast review."
YIU1B39V,Anna Snelling,Dustin Brinkmann,Central,GTX Basic,,Prospecting,,0.591930797784381,,,,False,0.2652449814401524,"Anna Snelling's GTX Basic opportunity has a 59% close propensity and has spent 0 days in Engaging, near the 0-day historical norm; prioritize a next-step check before forecast review."
8E0VRCLW,Anna Snelling,Dustin Brinkmann,Central,GTX Basic,,Prospecting,,0.591930797784381,,,,False,0.2652449814401524,"Anna Snelling's GTX Basic opportunity has a 59% close propensity and has spent 0 days in Engaging, near the 0-day historical norm; prioritize a next-step check before forecast review."
G99CS23F,Anna Snelling,Dustin Brinkmann,Central,GTX Basic,,Prospecting,,0.591930797784381,,,,False,0.2652449814401524,"Anna Snelling's GTX Basic opportunity has a 59% close propensity and has spent 0 days in Engaging, near the 0-day historical norm; prioritize a next-step check before forecast review."
XRJ54GNR,Anna Snelling,Dustin Brinkmann,Central,GTX Basic,,Prospecting,,0.591930797784381,,,,False,0.2652449814401524,"Anna Snelling's GTX Basic opportunity has a 59% close propensity and has spent 0 days in Engaging, near the 0-day historical norm; prioritize a next-step check before forecast review."
GR9S7VHI,Anna Snelling,Dustin Brinkmann,Central,GTX Basic,,Prospecting,,0.591930797784381,,,,False,0.2652449814401524,"Anna Snelling's GTX Basic opportunity has a 59% close propensity and has spent 0 days in Engaging, near the 0-day historical norm; prioritize a next-step check before forecast review."
OJDZN6UK,Anna Snelling,Dustin Brinkmann,Central,GTX Plus Basic,,Prospecting,,0.591930797784381,,,,False,0.2652449814401524,"Anna Snelling's GTX Plus Basic opportunity has a 59% close propensity and has spent 0 days in Engaging, near the 0-day historical norm; prioritize a next-step check before forecast review."
OM60BJ4S,Anna Snelling,Dustin Brinkmann,Central,GTX Plus Basic,,Prospecting,,0.591930797784381,,,,False,0.2652449814401524,"Anna Snelling's GTX Plus Basic opportunity has a 59% close propensity and has spent 0 days in Engaging, near the 0-day historical norm; prioritize a next-step check before forecast review."
0D8Y5JA0,Anna Snelling,Dustin Brinkmann,Central,GTX Plus Pro,,Prospecting,,0.591930797784381,,,,False,0.2652449814401524,"Anna Snelling's GTX Plus Pro opportunity has a 59% close propensity and has spent 0 days in Engaging, near the 0-day historical norm; prioritize a next-step check before forecast review."
GNN53C6D,Anna Snelling,Dustin Brinkmann,Central,GTX Plus Pro,,Prospecting,,0.591930797784381,,,,False,0.2652449814401524,"Anna Snelling's GTX Plus Pro opportunity has a 59% close propensity and has spent 0 days in Engaging, near the 0-day historical norm; prioritize a next-step check before forecast review."
6KHIXTAD,Anna Snelling,Dustin Brinkmann,Central,GTX Plus Pro,,Prospecting,,0.591930797784381,,,,False,0.2652449814401524,"Anna Snelling's GTX Plus Pro opportunity has a 59% close propensity and has spent 0 days in Engaging, near the 0-day historical norm; prioritize a next-step check before forecast review."
6CWZFOHJ,Anna Snelling,Dustin Brinkmann,Central,GTX Basic,Green-Plus,Prospecting,,0.5933875255558777,,,,False,0.2642981083886795,"Anna Snelling's GTX Basic opportunity has a 59% close propensity and has spent 0 days in Engaging, near the 0-day historical norm; prioritize a next-step check before forecast review."
SQ71BWHG,Kary Hendrixson,Summer Sewald,West,GTX Pro,Zencorporation,Engaging,2017-11-04,0.6873657319159976,57.0,82.0,0.6951219512195121,False,0.2640354449863089,"Kary Hendrixson's GTX Pro opportunity has a 69% close propensity and has spent 57 days in Engaging, near the 82-day historical norm; prioritize a next-step check before forecast review."
JJGRAQ2K,Kary Hendrixson,Summer Sewald,West,GTX Plus Pro,Rangreen,Engaging,2017-10-23,0.7045046882130079,69.0,84.0,0.8214285714285714,False,0.26394695266154483,"Kary Hendrixson's GTX Plus Pro opportunity has a 70% close propensity and has spent 69 days in Engaging, near the 84-day historical norm; prioritize a next-step check before forecast review."
SJE81OUR,Cecily Lampkin,Dustin Brinkmann,Central,MG Advanced,,Prospecting,,0.5939300107038877,,,,False,0.263945493042473,"Cecily Lampkin's MG Advanced opportunity has a 59% close propensity and has spent 0 days in Engaging, near the 0-day historical norm; prioritize a next-step check before forecast review."
R0MBBXL8,Cecily Lampkin,Dustin Brinkmann,Central,MG Advanced,,Prospecting,,0.5939300107038877,,,,False,0.263945493042473,"Cecily Lampkin's MG Advanced opportunity has a 59% close propensity and has spent 0 days in Engaging, near the 0-day historical norm; prioritize a next-step check before forecast review."
NR2EDMKC,Cecily Lampkin,Dustin Brinkmann,Central,MG Advanced,,Prospecting,,0.5939300107038877,,,,False,0.263945493042473,"Cecily Lampkin's MG Advanced opportunity has a 59% close propensity and has spent 0 days in Engaging, near the 0-day historical norm; prioritize a next-step check before forecast review."
SU8FTFLS,Cecily Lampkin,Dustin Brinkmann,Central,MG Advanced,,Prospecting,,0.5939300107038877,,,,False,0.263945493042473,"Cecily Lampkin's MG Advanced opportunity has a 59% close propensity and has spent 0 days in Engaging, near the 0-day historical norm; prioritize a next-step check before forecast review."
61GDYW9T,Cecily Lampkin,Dustin Brinkmann,Central,MG Advanced,,Prospecting,,0.5939300107038877,,,,False,0.263945493042473,"Cecily Lampkin's MG Advanced opportunity has a 59% close propensity and has spent 0 days in Engaging, near the 0-day historical norm; prioritize a next-step check before forecast review."
TFCQZ28G,Cecily Lampkin,Dustin Brinkmann,Central,MG Advanced,,Prospecting,,0.5939300107038877,,,,False,0.263945493042473,"Cecily Lampkin's MG Advanced opportunity has a 59% close propensity and has spent 0 days in Engaging, near the 0-day historical norm; prioritize a next-step check before forecast review."
IXW68X6Z,Cecily Lampkin,Dustin Brinkmann,Central,MG Advanced,,Prospecting,,0.5939300107038877,,,,False,0.263945493042473,"Cecily Lampkin's MG Advanced opportunity has a 59% close propensity and has spent 0 days in Engaging, near the 0-day historical norm; prioritize a next-step check before forecast review."
F77XD7IZ,Cecily Lampkin,Dustin Brinkmann,Central,MG Advanced,,Prospecting,,0.5939300107038877,,,,False,0.263945493042473,"Cecily Lampkin's MG Advanced opportunity has a 59% close propensity and has spent 0 days in Engaging, near the 0-day historical norm; prioritize a next-step check before forecast review."
EJCPWP6V,Gladys Colclough,Melvin Marxen,Central,GTX Pro,Bioholding,Prospecting,,0.5955322669241798,,,,False,0.2629040264992831,"Gladys Colclough's GTX Pro opportunity has a 60% close propensity and has spent 0 days in Engaging, near the 0-day historical norm; prioritize a next-step check before forecast review."
BJE7KCZ1,Gladys Colclough,Melvin Marxen,Central,GTX Pro,Genco Pura Olive Oil Company,Prospecting,,0.5955322669241798,,,,False,0.2629040264992831,"Gladys Colclough's GTX Pro opportunity has a 60% close propensity and has spent 0 days in Engaging, near the 0-day historical norm; prioritize a next-step check before forecast review."
NSYCCHCJ,Gladys Colclough,Melvin Marxen,Central,GTX Basic,,Prospecting,,0.5970373736487233,,,,False,0.26192570712832985,"Gladys Colclough's GTX Basic opportunity has a 60% close propensity and has spent 0 days in Engaging, near the 0-day historical norm; prioritize a next-step check before forecast review."
ATOYVLLB,Gladys Colclough,Melvin Marxen,Central,GTX Basic,,Prospecting,,0.5970373736487233,,,,False,0.26192570712832985,"Gladys Colclough's GTX Basic opportunity has a 60% close propensity and has spent 0 days in Engaging, near the 0-day historical norm; prioritize a next-step check before forecast review."
0M4K6F8Q,Gladys Colclough,Melvin Marxen,Central,GTX Basic,,Prospecting,,0.5970373736487233,,,,False,0.26192570712832985,"Gladys Colclough's GTX Basic opportunity has a 60% close propensity and has spent 0 days in Engaging, near the 0-day historical norm; prioritize a next-step check before forecast review."
HWKJ7TFJ,Gladys Colclough,Melvin Marxen,Central,GTX Plus Basic,,Prospecting,,0.5970373736487233,,,,False,0.26192570712832985,"Gladys Colclough's GTX Plus Basic opportunity has a 60% close propensity and has spent 0 days in Engaging, near the 0-day historical norm; prioritize a next-step check before forecast review."
Q62STRQQ,Gladys Colclough,Melvin Marxen,Central,GTX Plus Basic,,Prospecting,,0.5970373736487233,,,,False,0.26192570712832985,"Gladys Colclough's GTX Plus Basic opportunity has a 60% close propensity and has spent 0 days in Engaging, near the 0-day historical norm; prioritize a next-step check before forecast review."
9P9J2ANM,Gladys Colclough,Melvin Marxen,Central,GTX Plus Basic,,Prospecting,,0.5970373736487233,,,,False,0.26192570712832985,"Gladys Colclough's GTX Plus Basic opportunity has a 60% close propensity and has spent 0 days in Engaging, near the 0-day historical norm; prioritize a next-step check before forecast review."
OJWGRIXN,Gladys Colclough,Melvin Marxen,Central,GTX Plus Basic,,Prospecting,,0.5970373736487233,,,,False,0.26192570712832985,"Gladys Colclough's GTX Plus Basic opportunity has a 60% close propensity and has spent 0 days in Engaging, near the 0-day historical norm; prioritize a next-step check before forecast review."
EB393LSH,Gladys Colclough,Melvin Marxen,Central,GTX Plus Basic,,Prospecting,,0.5970373736487233,,,,False,0.26192570712832985,"Gladys Colclough's GTX Plus Basic opportunity has a 60% close propensity and has spent 0 days in Engaging, near the 0-day historical norm; prioritize a next-step check before forecast review."
566X0PLZ,Gladys Colclough,Melvin Marxen,Central,GTX Plus Basic,,Prospecting,,0.5970373736487233,,,,False,0.26192570712832985,"Gladys Colclough's GTX Plus Basic opportunity has a 60% close propensity and has spent 0 days in Engaging, near the 0-day historical norm; prioritize a next-step check before forecast review."
SFR7RG9V,Gladys Colclough,Melvin Marxen,Central,GTX Plus Basic,,Prospecting,,0.5970373736487233,,,,False,0.26192570712832985,"Gladys Colclough's GTX Plus Basic opportunity has a 60% close propensity and has spent 0 days in Engaging, near the 0-day historical norm; prioritize a next-step check before forecast review."
XARW0KTX,Gladys Colclough,Melvin Marxen,Central,GTX Pro,,Prospecting,,0.5970373736487233,,,,False,0.26192570712832985,"Gladys Colclough's GTX Pro opportunity has a 60% close propensity and has spent 0 days in Engaging, near the 0-day historical norm; prioritize a next-step check before forecast review."
0C34Z5UZ,Gladys Colclough,Melvin Marxen,Central,GTX Pro,,Prospecting,,0.5970373736487233,,,,False,0.26192570712832985,"Gladys Colclough's GTX Pro opportunity has a 60% close propensity and has spent 0 days in Engaging, near the 0-day historical norm; prioritize a next-step check before forecast review."
OA3RDG12,Gladys Colclough,Melvin Marxen,Central,GTX Pro,,Prospecting,,0.5970373736487233,,,,False,0.26192570712832985,"Gladys Colclough's GTX Pro opportunity has a 60% close propensity and has spent 0 days in Engaging, near the 0-day historical norm; prioritize a next-step check before forecast review."
847RHYQE,Gladys Colclough,Melvin Marxen,Central,GTX Pro,,Prospecting,,0.5970373736487233,,,,False,0.26192570712832985,"Gladys Colclough's GTX Pro opportunity has a 60% close propensity and has spent 0 days in Engaging, near the 0-day historical norm; prioritize a next-step check before forecast review."
I93XL6Q9,Anna Snelling,Dustin Brinkmann,Central,MG Special,Finhigh,Prospecting,,0.5979989566007713,,,,False,0.26130067820949865,"Anna Snelling's MG Special opportunity has a 60% close propensity and has spent 0 days in Engaging, near the 0-day historical norm; prioritize a next-step check before forecast review."
F4W7Z1UU,Anna Snelling,Dustin Brinkmann,Central,MG Special,Vehement Capital Partners,Prospecting,,0.5979989566007713,,,,False,0.26130067820949865,"Anna Snelling's MG Special opportunity has a 60% close propensity and has spent 0 days in Engaging, near the 0-day historical norm; prioritize a next-step check before forecast review."
W2149WNZ,Versie Hillebrand,Dustin Brinkmann,Central,MG Special,Golddex,Prospecting,,0.5979989566007713,,,,False,0.26130067820949865,"Versie Hillebrand's MG Special opportunity has a 60% close propensity and has spent 0 days in Engaging, near the 0-day historical norm; prioritize a next-step check before forecast review."
KLUS7RVS,Versie Hillebrand,Dustin Brinkmann,Central,MG Special,Opentech,Prospecting,,0.5979989566007713,,,,False,0.26130067820949865,"Versie Hillebrand's MG Special opportunity has a 60% close propensity and has spent 0 days in Engaging, near the 0-day historical norm; prioritize a next-step check before forecast review."
2IRZM0LB,Darcel Schlecht,Melvin Marxen,Central,GTX Pro,Xx-zobam,Prospecting,,0.5998675634599949,,,,False,0.2600860837510033,"Darcel Schlecht's GTX Pro opportunity has a 60% close propensity and has spent 0 days in Engaging, near the 0-day historical norm; prioritize a next-step check before forecast review."
AE3YDLK3,Jonathan Berthelot,Melvin Marxen,Central,GTX Basic,Xx-zobam,Prospecting,,0.5998675634599949,,,,False,0.2600860837510033,"Jonathan Berthelot's GTX Basic opportunity has a 60% close propensity and has spent 0 days in Engaging, near the 0-day historical norm; prioritize a next-step check before forecast review."
RGW7PKJ6,Marty Freudenburg,Melvin Marxen,Central,GTX Basic,Xx-zobam,Prospecting,,0.5998675634599949,,,,False,0.2600860837510033,"Marty Freudenburg's GTX Basic opportunity has a 60% close propensity and has spent 0 days in Engaging, near the 0-day historical norm; prioritize a next-step check before forecast review."
TN4KM3D1,Jonathan Berthelot,Melvin Marxen,Central,GTX Basic,Bluth Company,Prospecting,,0.5999260705505963,,,,False,0.2600480541421124,"Jonathan Berthelot's GTX Basic opportunity has a 60% close propensity and has spent 0 days in Engaging, near the 0-day historical norm; prioritize a next-step check before forecast review."
OIIFWY81,Jonathan Berthelot,Melvin Marxen,Central,GTX Basic,Conecom,Prospecting,,0.5999260705505963,,,,False,0.2600480541421124,"Jonathan Berthelot's GTX Basic opportunity has a 60% close propensity and has spent 0 days in Engaging, near the 0-day historical norm; prioritize a next-step check before forecast review."
NT38RBZY,Jonathan Berthelot,Melvin Marxen,Central,GTX Basic,Gogozoom,Prospecting,,0.5999260705505963,,,,False,0.2600480541421124,"Jonathan Berthelot's GTX Basic opportunity has a 60% close propensity and has spent 0 days in Engaging, near the 0-day historical norm; prioritize a next-step check before forecast review."
0XVL2UMH,Jonathan Berthelot,Melvin Marxen,Central,GTX Basic,Groovestreet,Prospecting,,0.5999260705505963,,,,False,0.2600480541421124,"Jonathan Berthelot's GTX Basic opportunity has a 60% close propensity and has spent 0 days in Engaging, near the 0-day historical norm; prioritize a next-step check before forecast review."
C54CWZIT,Jonathan Berthelot,Melvin Marxen,Central,GTX Basic,Zencorporation,Prospecting,,0.5999260705505963,,,,False,0.2600480541421124,"Jonathan Berthelot's GTX Basic opportunity has a 60% close propensity and has spent 0 days in Engaging, near the 0-day historical norm; prioritize a next-step check before forecast review."
ARBTXSEH,Jonathan Berthelot,Melvin Marxen,Central,GTX Plus Basic,Globex Corporation,Prospecting,,0.5999260705505963,,,,False,0.2600480541421124,"Jonathan Berthelot's GTX Plus Basic opportunity has a 60% close propensity and has spent 0 days in Engaging, near the 0-day historical norm; prioritize a next-step check before forecast review."
I43F0Z77,Marty Freudenburg,Melvin Marxen,Central,GTX Plus Basic,Betasoloin,Prospecting,,0.5999260705505963,,,,False,0.2600480541421124,"Marty Freudenburg's GTX Plus Basic opportunity has a 60% close propensity and has spent 0 days in Engaging, near the 0-day historical norm; prioritize a next-step check before forecast review."
FMRVHL9O,Marty Freudenburg,Melvin Marxen,Central,GTX Plus Basic,Toughzap,Prospecting,,0.5999260705505963,,,,False,0.2600480541421124,"Marty Freudenburg's GTX Plus Basic opportunity has a 60% close propensity and has spent 0 days in Engaging, near the 0-day historical norm; prioritize a next-step check before forecast review."
0BQTT5UF,Marty Freudenburg,Melvin Marxen,Central,GTX Pro,Donware,Prospecting,,0.5999260705505963,,,,False,0.2600480541421124,"Marty Freudenburg's GTX Pro opportunity has a 60% close propensity and has spent 0 days in Engaging, near the 0-day historical norm; prioritize a next-step check before forecast review."
UND13JS5,Marty Freudenburg,Melvin Marxen,Central,GTX Pro,Plusstrip,Prospecting,,0.5999260705505963,,,,False,0.2600480541421124,"Marty Freudenburg's GTX Pro opportunity has a 60% close propensity and has spent 0 days in Engaging, near the 0-day historical norm; prioritize a next-step check before forecast review."
MON9ZE47,Niesha Huffines,Melvin Marxen,Central,GTX Basic,Groovestreet,Prospecting,,0.5999260705505963,,,,False,0.2600480541421124,"Niesha Huffines's GTX Basic opportunity has a 60% close propensity and has spent 0 days in Engaging, near the 0-day historical norm; prioritize a next-step check before forecast review."
49T7VKA7,Gladys Colclough,Melvin Marxen,Central,GTX Plus Pro,Plussunin,Prospecting,,0.6000472612235097,,,,False,0.2599692802047187,"Gladys Colclough's GTX Plus Pro opportunity has a 60% close propensity and has spent 0 days in Engaging, near the 0-day historical norm; prioritize a next-step check before forecast review."
UZ7DU3D9,Gladys Colclough,Melvin Marxen,Central,GTX Plus Pro,,Prospecting,,0.6000472612235097,,,,False,0.2599692802047187,"Gladys Colclough's GTX Plus Pro opportunity has a 60% close propensity and has spent 0 days in Engaging, near the 0-day historical norm; prioritize a next-step check before forecast review."
73CWPT9H,Gladys Colclough,Melvin Marxen,Central,GTX Plus Pro,,Prospecting,,0.6000472612235097,,,,False,0.2599692802047187,"Gladys Colclough's GTX Plus Pro opportunity has a 60% close propensity and has spent 0 days in Engaging, near the 0-day historical norm; prioritize a next-step check before forecast review."
B7KZYEII,Gladys Colclough,Melvin Marxen,Central,GTX Plus Pro,,Prospecting,,0.6000472612235097,,,,False,0.2599692802047187,"Gladys Colclough's GTX Plus Pro opportunity has a 60% close propensity and has spent 0 days in Engaging, near the 0-day historical norm; prioritize a next-step check before forecast review."
67CBAWHG,Gladys Colclough,Melvin Marxen,Central,GTX Plus Pro,,Prospecting,,0.6000472612235097,,,,False,0.2599692802047187,"Gladys Colclough's GTX Plus Pro opportunity has a 60% close propensity and has spent 0 days in Engaging, near the 0-day historical norm; prioritize a next-step check before forecast review."
2WTPSQTN,Gladys Colclough,Melvin Marxen,Central,GTX Plus Pro,,Prospecting,,0.6000472612235097,,,,False,0.2599692802047187,"Gladys Colclough's GTX Plus Pro opportunity has a 60% close propensity and has spent 0 days in Engaging, near the 0-day historical norm; prioritize a next-step check before forecast review."
V5PKXYWS,Gladys Colclough,Melvin Marxen,Central,GTX Plus Pro,,Prospecting,,0.6000472612235097,,,,False,0.2599692802047187,"Gladys Colclough's GTX Plus Pro opportunity has a 60% close propensity and has spent 0 days in Engaging, near the 0-day historical norm; prioritize a next-step check before forecast review."
UFZFCBOS,Jonathan Berthelot,Melvin Marxen,Central,GTX Basic,Lexiqvolax,Prospecting,,0.6014257698256993,,,,False,0.2590732496132955,"Jonathan Berthelot's GTX Basic opportunity has a 60% close propensity and has spent 0 days in Engaging, near the 0-day historical norm; prioritize a next-step check before forecast review."
D00AN5HY,Jonathan Berthelot,Melvin Marxen,Central,GTX Basic,,Prospecting,,0.6014257698256993,,,,False,0.2590732496132955,"Jonathan Berthelot's GTX Basic opportunity has a 60% close propensity and has spent 0 days in Engaging, near the 0-day historical norm; prioritize a next-step check before forecast review."
E6798P2J,Jonathan Berthelot,Melvin Marxen,Central,GTX Basic,,Prospecting,,0.6014257698256993,,,,False,0.2590732496132955,"Jonathan Berthelot's GTX Basic opportunity has a 60% close propensity and has spent 0 days in Engaging, near the 0-day historical norm; prioritize a next-step check before forecast review."
MR08TTTT,Jonathan Berthelot,Melvin Marxen,Central,GTX Basic,,Prospecting,,0.6014257698256993,,,,False,0.2590732496132955,"Jonathan Berthelot's GTX Basic opportunity has a 60% close propensity and has spent 0 days in Engaging, near the 0-day historical norm; prioritize a next-step check before forecast review."
7UVKZD60,Jonathan Berthelot,Melvin Marxen,Central,GTX Basic,,Prospecting,,0.6014257698256993,,,,False,0.2590732496132955,"Jonathan Berthelot's GTX Basic opportunity has a 60% close propensity and has spent 0 days in Engaging, near the 0-day historical norm; prioritize a next-step check before forecast review."
0RLU8I9Q,Jonathan Berthelot,Melvin Marxen,Central,GTX Basic,,Prospecting,,0.6014257698256993,,,,False,0.2590732496132955,"Jonathan Berthelot's GTX Basic opportunity has a 60% close propensity and has spent 0 days in Engaging, near the 0-day historical norm; prioritize a next-step check before forecast review."
ZT163LH3,Jonathan Berthelot,Melvin Marxen,Central,GTX Basic,,Prospecting,,0.6014257698256993,,,,False,0.2590732496132955,"Jonathan Berthelot's GTX Basic opportunity has a 60% close propensity and has spent 0 days in Engaging, near the 0-day historical norm; prioritize a next-step check before forecast review."
8Y3OMER4,Jonathan Berthelot,Melvin Marxen,Central,GTX Basic,,Prospecting,,0.6014257698256993,,,,False,0.2590732496132955,"Jonathan Berthelot's GTX Basic opportunity has a 60% close propensity and has spent 0 days in Engaging, near the 0-day historical norm; prioritize a next-step check before forecast review."
OQ1P1OLH,Jonathan Berthelot,Melvin Marxen,Central,GTX Basic,,Prospecting,,0.6014257698256993,,,,False,0.2590732496132955,"Jonathan Berthelot's GTX Basic opportunity has a 60% close propensity and has spent 0 days in Engaging, near the 0-day historical norm; prioritize a next-step check before forecast review."
UY93W9NZ,Jonathan Berthelot,Melvin Marxen,Central,GTX Basic,,Prospecting,,0.6014257698256993,,,,False,0.2590732496132955,"Jonathan Berthelot's GTX Basic opportunity has a 60% close propensity and has spent 0 days in Engaging, near the 0-day historical norm; prioritize a next-step check before forecast review."
NVH71LD4,Jonathan Berthelot,Melvin Marxen,Central,GTX Basic,,Prospecting,,0.6014257698256993,,,,False,0.2590732496132955,"Jonathan Berthelot's GTX Basic opportunity has a 60% close propensity and has spent 0 days in Engaging, near the 0-day historical norm; prioritize a next-step check before forecast review."
XVQ3OA99,Jonathan Berthelot,Melvin Marxen,Central,GTX Basic,,Prospecting,,0.6014257698256993,,,,False,0.2590732496132955,"Jonathan Berthelot's GTX Basic opportunity has a 60% close propensity and has spent 0 days in Engaging, near the 0-day historical norm; prioritize a next-step check before forecast review."
DJDJ5A58,Jonathan Berthelot,Melvin Marxen,Central,GTX Basic,,Prospecting,,0.6014257698256993,,,,False,0.2590732496132955,"Jonathan Berthelot's GTX Basic opportunity has a 60% close propensity and has spent 0 days in Engaging, near the 0-day historical norm; prioritize a next-step check before forecast review."
22TUMCKT,Jonathan Berthelot,Melvin Marxen,Central,GTX Basic,,Prospecting,,0.6014257698256993,,,,False,0.2590732496132955,"Jonathan Berthelot's GTX Basic opportunity has a 60% close propensity and has spent 0 days in Engaging, near the 0-day historical norm; prioritize a next-step check before forecast review."
UD1GNRL4,Jonathan Berthelot,Melvin Marxen,Central,GTX Plus Basic,,Prospecting,,0.6014257698256993,,,,False,0.2590732496132955,"Jonathan Berthelot's GTX Plus Basic opportunity has a 60% close propensity and has spent 0 days in Engaging, near the 0-day historical norm; prioritize a next-step check before forecast review."
B2YZJ212,Jonathan Berthelot,Melvin Marxen,Central,GTX Plus Basic,,Prospecting,,0.6014257698256993,,,,False,0.2590732496132955,"Jonathan Berthelot's GTX Plus Basic opportunity has a 60% close propensity and has spent 0 days in Engaging, near the 0-day historical norm; prioritize a next-step check before forecast review."
94DGJSLN,Jonathan Berthelot,Melvin Marxen,Central,GTX Plus Basic,,Prospecting,,0.6014257698256993,,,,False,0.2590732496132955,"Jonathan Berthelot's GTX Plus Basic opportunity has a 60% close propensity and has spent 0 days in Engaging, near the 0-day historical norm; prioritize a next-step check before forecast review."
IRTO8ZJW,Jonathan Berthelot,Melvin Marxen,Central,GTX Plus Basic,,Prospecting,,0.6014257698256993,,,,False,0.2590732496132955,"Jonathan Berthelot's GTX Plus Basic opportunity has a 60% close propensity and has spent 0 days in Engaging, near the 0-day historical norm; prioritize a next-step check before forecast review."
8RQCHZ5O,Jonathan Berthelot,Melvin Marxen,Central,GTX Pro,,Prospecting,,0.6014257698256993,,,,False,0.2590732496132955,"Jonathan Berthelot's GTX Pro opportunity has a 60% close propensity and has spent 0 days in Engaging, near the 0-day historical norm; prioritize a next-step check before forecast review."
90KRHC6T,Jonathan Berthelot,Melvin Marxen,Central,GTX Pro,,Prospecting,,0.6014257698256993,,,,False,0.2590732496132955,"Jonathan Berthelot's GTX Pro opportunity has a 60% close propensity and has spent 0 days in Engaging, near the 0-day historical norm; prioritize a next-step check before forecast review."
8NLGRTU5,Jonathan Berthelot,Melvin Marxen,Central,GTX Pro,,Prospecting,,0.6014257698256993,,,,False,0.2590732496132955,"Jonathan Berthelot's GTX Pro opportunity has a 60% close propensity and has spent 0 days in Engaging, near the 0-day historical norm; prioritize a next-step check before forecast review."
QMRDG7WP,Jonathan Berthelot,Melvin Marxen,Central,GTX Pro,,Prospecting,,0.6014257698256993,,,,False,0.2590732496132955,"Jonathan Berthelot's GTX Pro opportunity has a 60% close propensity and has spent 0 days in Engaging, near the 0-day historical norm; prioritize a next-step check before forecast review."
F0K8UDEG,Jonathan Berthelot,Melvin Marxen,Central,GTX Pro,,Prospecting,,0.6014257698256993,,,,False,0.2590732496132955,"Jonathan Berthelot's GTX Pro opportunity has a 60% close propensity and has spent 0 days in Engaging, near the 0-day historical norm; prioritize a next-step check before forecast review."
NUEPXB8Z,Jonathan Berthelot,Melvin Marxen,Central,GTX Pro,,Prospecting,,0.6014257698256993,,,,False,0.2590732496132955,"Jonathan Berthelot's GTX Pro opportunity has a 60% close propensity and has spent 0 days in Engaging, near the 0-day historical norm; prioritize a next-step check before forecast review."
FBDS7GIZ,Jonathan Berthelot,Melvin Marxen,Central,GTX Pro,,Prospecting,,0.6014257698256993,,,,False,0.2590732496132955,"Jonathan Berthelot's GTX Pro opportunity has a 60% close propensity and has spent 0 days in Engaging, near the 0-day historical norm; prioritize a next-step check before forecast review."
BW0NOLCK,Marty Freudenburg,Melvin Marxen,Central,GTX Basic,,Prospecting,,0.6014257698256993,,,,False,0.2590732496132955,"Marty Freudenburg's GTX Basic opportunity has a 60% close propensity and has spent 0 days in Engaging, near the 0-day historical norm; prioritize a next-step check before forecast review."
G7K3HJAT,Marty Freudenburg,Melvin Marxen,Central,GTX Basic,,Prospecting,,0.6014257698256993,,,,False,0.2590732496132955,"Marty Freudenburg's GTX Basic opportunity has a 60% close propensity and has spent 0 days in Engaging, near the 0-day historical norm; prioritize a next-step check before forecast review."
NBE5EMSV,Marty Freudenburg,Melvin Marxen,Central,GTX Basic,,Prospecting,,0.6014257698256993,,,,False,0.2590732496132955,"Marty Freudenburg's GTX Basic opportunity has a 60% close propensity and has spent 0 days in Engaging, near the 0-day historical norm; prioritize a next-step check before forecast review."
D00KRY2S,Marty Freudenburg,Melvin Marxen,Central,GTX Basic,,Prospecting,,0.6014257698256993,,,,False,0.2590732496132955,"Marty Freudenburg's GTX Basic opportunity has a 60% close propensity and has spent 0 days in Engaging, near the 0-day historical norm; prioritize a next-step check before forecast review."
ZB3JRI67,Marty Freudenburg,Melvin Marxen,Central,GTX Basic,,Prospecting,,0.6014257698256993,,,,False,0.2590732496132955,"Marty Freudenburg's GTX Basic opportunity has a 60% close propensity and has spent 0 days in Engaging, near the 0-day historical norm; prioritize a next-step check before forecast review."
4AUWVKUU,Marty Freudenburg,Melvin Marxen,Central,GTX Basic,,Prospecting,,0.6014257698256993,,,,False,0.2590732496132955,"Marty Freudenburg's GTX Basic opportunity has a 60% close propensity and has spent 0 days in Engaging, near the 0-day historical norm; prioritize a next-step check before forecast review."
0HR4TEU4,Marty Freudenburg,Melvin Marxen,Central,GTX Plus Basic,Plussunin,Prospecting,,0.6014257698256993,,,,False,0.2590732496132955,"Marty Freudenburg's GTX Plus Basic opportunity has a 60% close propensity and has spent 0 days in Engaging, near the 0-day historical norm; prioritize a next-step check before forecast review."
VUFZB941,Marty Freudenburg,Melvin Marxen,Central,GTX Plus Basic,,Prospecting,,0.6014257698256993,,,,False,0.2590732496132955,"Marty Freudenburg's GTX Plus Basic opportunity has a 60% close propensity and has spent 0 days in Engaging, near the 0-day historical norm; prioritize a next-step check before forecast review."
EABYCHB3,Marty Freudenburg,Melvin Marxen,Central,GTX Plus Basic,,Prospecting,,0.6014257698256993,,,,False,0.2590732496132955,"Marty Freudenburg's GTX Plus Basic opportunity has a 60% close propensity and has spent 0 days in Engaging, near the 0-day historical norm; prioritize a next-step check before forecast review."
6Z6DMG2V,Marty Freudenburg,Melvin Marxen,Central,GTX Plus Basic,,Prospecting,,0.6014257698256993,,,,False,0.2590732496132955,"Marty Freudenburg's GTX Plus Basic opportunity has a 60% close propensity and has spent 0 days in Engaging, near the 0-day historical norm; prioritize a next-step check before forecast review."
BZ96Z7AI,Marty Freudenburg,Melvin Marxen,Central,GTX Plus Basic,,Prospecting,,0.6014257698256993,,,,False,0.2590732496132955,"Marty Freudenburg's GTX Plus Basic opportunity has a 60% close propensity and has spent 0 days in Engaging, near the 0-day historical norm; prioritize a next-step check before forecast review."
QY7GTG6Y,Marty Freudenburg,Melvin Marxen,Central,GTX Plus Basic,,Prospecting,,0.6014257698256993,,,,False,0.2590732496132955,"Marty Freudenburg's GTX Plus Basic opportunity has a 60% close propensity and has spent 0 days in Engaging, near the 0-day historical norm; prioritize a next-step check before forecast review."
VZ28EXFN,Marty Freudenburg,Melvin Marxen,Central,GTX Plus Basic,,Prospecting,,0.6014257698256993,,,,False,0.2590732496132955,"Marty Freudenburg's GTX Plus Basic opportunity has a 60% close propensity and has spent 0 days in Engaging, near the 0-day historical norm; prioritize a next-step check before forecast review."
KOPIWJO5,Marty Freudenburg,Melvin Marxen,Central,GTX Plus Basic,,Prospecting,,0.6014257698256993,,,,False,0.2590732496132955,"Marty Freudenburg's GTX Plus Basic opportunity has a 60% close propensity and has spent 0 days in Engaging, near the 0-day historical norm; prioritize a next-step check before forecast review."
465ZW6J2,Marty Freudenburg,Melvin Marxen,Central,GTX Plus Basic,,Prospecting,,0.6014257698256993,,,,False,0.2590732496132955,"Marty Freudenburg's GTX Plus Basic opportunity has a 60% close propensity and has spent 0 days in Engaging, near the 0-day historical norm; prioritize a next-step check before forecast review."
HFVWQIMF,Marty Freudenburg,Melvin Marxen,Central,GTX Pro,,Prospecting,,0.6014257698256993,,,,False,0.2590732496132955,"Marty Freudenburg's GTX Pro opportunity has a 60% close propensity and has spent 0 days in Engaging, near the 0-day historical norm; prioritize a next-step check before forecast review."
9YLUGU6I,Marty Freudenburg,Melvin Marxen,Central,GTX Pro,,Prospecting,,0.6014257698256993,,,,False,0.2590732496132955,"Marty Freudenburg's GTX Pro opportunity has a 60% close propensity and has spent 0 days in Engaging, near the 0-day historical norm; prioritize a next-step check before forecast review."
SAUIIUTV,Marty Freudenburg,Melvin Marxen,Central,GTX Pro,,Prospecting,,0.6014257698256993,,,,False,0.2590732496132955,"Marty Freudenburg's GTX Pro opportunity has a 60% close propensity and has spent 0 days in Engaging, near the 0-day historical norm; prioritize a next-step check before forecast review."
B5H6M7AP,Marty Freudenburg,Melvin Marxen,Central,GTX Pro,,Prospecting,,0.6014257698256993,,,,False,0.2590732496132955,"Marty Freudenburg's GTX Pro opportunity has a 60% close propensity and has spent 0 days in Engaging, near the 0-day historical norm; prioritize a next-step check before forecast review."
FJHKS2T2,Niesha Huffines,Melvin Marxen,Central,GTX Basic,Plussunin,Prospecting,,0.6014257698256993,,,,False,0.2590732496132955,"Niesha Huffines's GTX Basic opportunity has a 60% close propensity and has spent 0 days in Engaging, near the 0-day historical norm; prioritize a next-step check before forecast review."
HUG2KAHE,Niesha Huffines,Melvin Marxen,Central,GTX Basic,,Prospecting,,0.6014257698256993,,,,False,0.2590732496132955,"Niesha Huffines's GTX Basic opportunity has a 60% close propensity and has spent 0 days in Engaging, near the 0-day historical norm; prioritize a next-step check before forecast review."
PGN9I1HU,Niesha Huffines,Melvin Marxen,Central,GTX Basic,,Prospecting,,0.6014257698256993,,,,False,0.2590732496132955,"Niesha Huffines's GTX Basic opportunity has a 60% close propensity and has spent 0 days in Engaging, near the 0-day historical norm; prioritize a next-step check before forecast review."
647SQRGL,Niesha Huffines,Melvin Marxen,Central,GTX Basic,,Prospecting,,0.6014257698256993,,,,False,0.2590732496132955,"Niesha Huffines's GTX Basic opportunity has a 60% close propensity and has spent 0 days in Engaging, near the 0-day historical norm; prioritize a next-step check before forecast review."
TAKHOTRW,Niesha Huffines,Melvin Marxen,Central,GTX Basic,,Prospecting,,0.6014257698256993,,,,False,0.2590732496132955,"Niesha Huffines's GTX Basic opportunity has a 60% close propensity and has spent 0 days in Engaging, near the 0-day historical norm; prioritize a next-step check before forecast review."
TS9QPHNA,Niesha Huffines,Melvin Marxen,Central,GTX Basic,,Prospecting,,0.6014257698256993,,,,False,0.2590732496132955,"Niesha Huffines's GTX Basic opportunity has a 60% close propensity and has spent 0 days in Engaging, near the 0-day historical norm; prioritize a next-step check before forecast review."
UEI0RABV,Niesha Huffines,Melvin Marxen,Central,GTX Basic,,Prospecting,,0.6014257698256993,,,,False,0.2590732496132955,"Niesha Huffines's GTX Basic opportunity has a 60% close propensity and has spent 0 days in Engaging, near the 0-day historical norm; prioritize a next-step check before forecast review."
27ZK0L0F,Niesha Huffines,Melvin Marxen,Central,GTX Basic,,Prospecting,,0.6014257698256993,,,,False,0.2590732496132955,"Niesha Huffines's GTX Basic opportunity has a 60% close propensity and has spent 0 days in Engaging, near the 0-day historical norm; prioritize a next-step check before forecast review."
K38J8D75,Niesha Huffines,Melvin Marxen,Central,GTX Basic,,Prospecting,,0.6014257698256993,,,,False,0.2590732496132955,"Niesha Huffines's GTX Basic opportunity has a 60% close propensity and has spent 0 days in Engaging, near the 0-day historical norm; prioritize a next-step check before forecast review."
UIP7MXOR,Niesha Huffines,Melvin Marxen,Central,GTX Basic,,Prospecting,,0.6014257698256993,,,,False,0.2590732496132955,"Niesha Huffines's GTX Basic opportunity has a 60% close propensity and has spent 0 days in Engaging, near the 0-day historical norm; prioritize a next-step check before forecast review."
52WACRCG,Niesha Huffines,Melvin Marxen,Central,GTX Plus Basic,,Prospecting,,0.6014257698256993,,,,False,0.2590732496132955,"Niesha Huffines's GTX Plus Basic opportunity has a 60% close propensity and has spent 0 days in Engaging, near the 0-day historical norm; prioritize a next-step check before forecast review."
0PXJYUT7,Niesha Huffines,Melvin Marxen,Central,GTX Plus Basic,,Prospecting,,0.6014257698256993,,,,False,0.2590732496132955,"Niesha Huffines's GTX Plus Basic opportunity has a 60% close propensity and has spent 0 days in Engaging, near the 0-day historical norm; prioritize a next-step check before forecast review."
D45LXDPW,Niesha Huffines,Melvin Marxen,Central,GTX Plus Basic,,Prospecting,,0.6014257698256993,,,,False,0.2590732496132955,"Niesha Huffines's GTX Plus Basic opportunity has a 60% close propensity and has spent 0 days in Engaging, near the 0-day historical norm; prioritize a next-step check before forecast review."
G4B3UCWQ,Niesha Huffines,Melvin Marxen,Central,GTX Pro,,Prospecting,,0.6014257698256993,,,,False,0.2590732496132955,"Niesha Huffines's GTX Pro opportunity has a 60% close propensity and has spent 0 days in Engaging, near the 0-day historical norm; prioritize a next-step check before forecast review."
8O212QCV,Niesha Huffines,Melvin Marxen,Central,GTX Pro,,Prospecting,,0.6014257698256993,,,,False,0.2590732496132955,"Niesha Huffines's GTX Pro opportunity has a 60% close propensity and has spent 0 days in Engaging, near the 0-day historical norm; prioritize a next-step check before forecast review."
X2REWR7J,Niesha Huffines,Melvin Marxen,Central,GTX Pro,,Prospecting,,0.6014257698256993,,,,False,0.2590732496132955,"Niesha Huffines's GTX Pro opportunity has a 60% close propensity and has spent 0 days in Engaging, near the 0-day historical norm; prioritize a next-step check before forecast review."
N2249A7T,Markita Hansen,Celia Rouche,West,GTX Pro,,Engaging,2017-11-02,0.6984043599684737,59.0,82.0,0.7195121951219512,False,0.2589944830936628,"Markita Hansen's GTX Pro opportunity has a 70% close propensity and has spent 59 days in Engaging, near the 82-day historical norm; prioritize a next-step check before forecast review."
TK9J8AOZ,Gladys Colclough,Melvin Marxen,Central,GTX Pro,Treequote,Prospecting,,0.6026419477413941,,,,False,0.2582827339680938,"Gladys Colclough's GTX Pro opportunity has a 60% close propensity and has spent 0 days in Engaging, near the 0-day historical norm; prioritize a next-step check before forecast review."
Z99W80UY,Niesha Huffines,Melvin Marxen,Central,GTX Plus Pro,Zencorporation,Prospecting,,0.602928731386706,,,,False,0.2580963245986411,"Niesha Huffines's GTX Plus Pro opportunity has a 60% close propensity and has spent 0 days in Engaging, near the 0-day historical norm; prioritize a next-step check before forecast review."
2G5ZMOYC,Versie Hillebrand,Dustin Brinkmann,Central,GTX Basic,Scottech,Prospecting,,0.604243332806178,,,,False,0.2572418336759843,"Versie Hillebrand's GTX Basic opportunity has a 60% close propensity and has spent 0 days in Engaging, near the 0-day historical norm; prioritize a next-step check before forecast review."
C5B5WBY9,Versie Hillebrand,Dustin Brinkmann,Central,GTX Plus Basic,Sumace,Prospecting,,0.604243332806178,,,,False,0.2572418336759843,"Versie Hillebrand's GTX Plus Basic opportunity has a 60% close propensity and has spent 0 days in Engaging, near the 0-day historical norm; prioritize a next-step check before forecast review."
QN1UL4N3,Jonathan Berthelot,Melvin Marxen,Central,GTX Plus Pro,,Prospecting,,0.6044245966933637,,,,False,0.25712401214931363,"Jonathan Berthelot's GTX Plus Pro opportunity has a 60% close propensity and has spent 0 days in Engaging, near the 0-day historical norm; prioritize a next-step check before forecast review."
FW2CVY2X,Jonathan Berthelot,Melvin Marxen,Central,GTX Plus Pro,,Prospecting,,0.6044245966933637,,,,False,0.25712401214931363,"Jonathan Berthelot's GTX Plus Pro opportunity has a 60% close propensity and has spent 0 days in Engaging, near the 0-day historical norm; prioritize a next-step check before forecast review."
BVRUBA3A,Marty Freudenburg,Melvin Marxen,Central,GTX Plus Pro,,Prospecting,,0.6044245966933637,,,,False,0.25712401214931363,"Marty Freudenburg's GTX Plus Pro opportunity has a 60% close propensity and has spent 0 days in Engaging, near the 0-day historical norm; prioritize a next-step check before forecast review."
5JS1Z5BQ,Marty Freudenburg,Melvin Marxen,Central,GTX Plus Pro,,Prospecting,,0.6044245966933637,,,,False,0.25712401214931363,"Marty Freudenburg's GTX Plus Pro opportunity has a 60% close propensity and has spent 0 days in Engaging, near the 0-day historical norm; prioritize a next-step check before forecast review."
5EUHU5AF,Marty Freudenburg,Melvin Marxen,Central,GTX Plus Pro,,Prospecting,,0.6044245966933637,,,,False,0.25712401214931363,"Marty Freudenburg's GTX Plus Pro opportunity has a 60% close propensity and has spent 0 days in Engaging, near the 0-day historical norm; prioritize a next-step check before forecast review."
F11IGBLD,Marty Freudenburg,Melvin Marxen,Central,GTX Plus Pro,,Prospecting,,0.6044245966933637,,,,False,0.25712401214931363,"Marty Freudenburg's GTX Plus Pro opportunity has a 60% close propensity and has spent 0 days in Engaging, near the 0-day historical norm; prioritize a next-step check before forecast review."
CC70D9SD,Marty Freudenburg,Melvin Marxen,Central,GTX Plus Pro,,Prospecting,,0.6044245966933637,,,,False,0.25712401214931363,"Marty Freudenburg's GTX Plus Pro opportunity has a 60% close propensity and has spent 0 days in Engaging, near the 0-day historical norm; prioritize a next-step check before forecast review."
K8ITR8PA,Niesha Huffines,Melvin Marxen,Central,GTX Plus Pro,,Prospecting,,0.6044245966933637,,,,False,0.25712401214931363,"Niesha Huffines's GTX Plus Pro opportunity has a 60% close propensity and has spent 0 days in Engaging, near the 0-day historical norm; prioritize a next-step check before forecast review."
ON821ADT,Markita Hansen,Celia Rouche,West,GTX Pro,,Engaging,2017-11-04,0.6984043599684737,57.0,82.0,0.6951219512195121,False,0.2568603367521994,"Markita Hansen's GTX Pro opportunity has a 70% close propensity and has spent 57 days in Engaging, near the 82-day historical norm; prioritize a next-step check before forecast review."
F22C6LKO,Gladys Colclough,Melvin Marxen,Central,MG Special,The New York Inquirer,Prospecting,,0.6052455069619429,,,,False,0.2565904204747371,"Gladys Colclough's MG Special opportunity has a 61% close propensity and has spent 0 days in Engaging, near the 0-day historical norm; prioritize a next-step check before forecast review."
2TI0MAKP,Versie Hillebrand,Dustin Brinkmann,Central,GTX Basic,Lexiqvolax,Prospecting,,0.6057374841386253,,,,False,0.2562706353098936,"Versie Hillebrand's GTX Basic opportunity has a 61% close propensity and has spent 0 days in Engaging, near the 0-day historical norm; prioritize a next-step check before forecast review."
EPOB4B15,Versie Hillebrand,Dustin Brinkmann,Central,GTX Basic,,Prospecting,,0.6057374841386253,,,,False,0.2562706353098936,"Versie Hillebrand's GTX Basic opportunity has a 61% close propensity and has spent 0 days in Engaging, near the 0-day historical norm; prioritize a next-step check before forecast review."
2WWMPY7O,Versie Hillebrand,Dustin Brinkmann,Central,GTX Basic,,Prospecting,,0.6057374841386253,,,,False,0.2562706353098936,"Versie Hillebrand's GTX Basic opportunity has a 61% close propensity and has spent 0 days in Engaging, near the 0-day historical norm; prioritize a next-step check before forecast review."
Z6VQW8TB,Versie Hillebrand,Dustin Brinkmann,Central,GTX Basic,,Prospecting,,0.6057374841386253,,,,False,0.2562706353098936,"Versie Hillebrand's GTX Basic opportunity has a 61% close propensity and has spent 0 days in Engaging, near the 0-day historical norm; prioritize a next-step check before forecast review."
FNLAOXF8,Versie Hillebrand,Dustin Brinkmann,Central,GTX Basic,,Prospecting,,0.6057374841386253,,,,False,0.2562706353098936,"Versie Hillebrand's GTX Basic opportunity has a 61% close propensity and has spent 0 days in Engaging, near the 0-day historical norm; prioritize a next-step check before forecast review."
6IO91583,Versie Hillebrand,Dustin Brinkmann,Central,GTX Plus Basic,,Prospecting,,0.6057374841386253,,,,False,0.2562706353098936,"Versie Hillebrand's GTX Plus Basic opportunity has a 61% close propensity and has spent 0 days in Engaging, near the 0-day historical norm; prioritize a next-step check before forecast review."
ZXNPF7PL,Versie Hillebrand,Dustin Brinkmann,Central,GTX Plus Pro,,Prospecting,,0.6057374841386253,,,,False,0.2562706353098936,"Versie Hillebrand's GTX Plus Pro opportunity has a 61% close propensity and has spent 0 days in Engaging, near the 0-day historical norm; prioritize a next-step check before forecast review."
NKFG3KKP,Versie Hillebrand,Dustin Brinkmann,Central,GTX Plus Pro,,Prospecting,,0.6057374841386253,,,,False,0.2562706353098936,"Versie Hillebrand's GTX Plus Pro opportunity has a 61% close propensity and has spent 0 days in Engaging, near the 0-day historical norm; prioritize a next-step check before forecast review."
EYR5E7LO,Darcel Schlecht,Melvin Marxen,Central,GTX Pro,Initech,Prospecting,,0.6065834538849872,,,,False,0.2557207549747583,"Darcel Schlecht's GTX Pro opportunity has a 61% close propensity and has spent 0 days in Engaging, near the 0-day historical norm; prioritize a next-step check before forecast review."
9R8AKL0D,Jonathan Berthelot,Melvin Marxen,Central,GTX Pro,Initech,Prospecting,,0.6065834538849872,,,,False,0.2557207549747583,"Jonathan Berthelot's GTX Pro opportunity has a 61% close propensity and has spent 0 days in Engaging, near the 0-day historical norm; prioritize a next-step check before forecast review."
NXJNQ3Z9,Gladys Colclough,Melvin Marxen,Central,GTX Plus Basic,Plexzap,Prospecting,,0.6066924173720929,,,,False,0.25564992870813963,"Gladys Colclough's GTX Plus Basic opportunity has a 61% close propensity and has spent 0 days in Engaging, near the 0-day historical norm; prioritize a next-step check before forecast review."
CAONNFXN,Darcel Schlecht,Melvin Marxen,Central,GTX Basic,Kinnamplus,Prospecting,,0.6072574721702625,,,,False,0.2552826430893294,"Darcel Schlecht's GTX Basic opportunity has a 61% close propensity and has spent 0 days in Engaging, near the 0-day historical norm; prioritize a next-step check before forecast review."
VAM56BG4,Darcel Schlecht,Melvin Marxen,Central,GTX Plus Basic,Acme Corporation,Prospecting,,0.6072574721702625,,,,False,0.2552826430893294,"Darcel Schlecht's GTX Plus Basic opportunity has a 61% close propensity and has spent 0 days in Engaging, near the 0-day historical norm; prioritize a next-step check before forecast review."
SYP74C5W,Darcel Schlecht,Melvin Marxen,Central,GTX Pro,Bioholding,Prospecting,,0.6072574721702625,,,,False,0.2552826430893294,"Darcel Schlecht's GTX Pro opportunity has a 61% close propensity and has spent 0 days in Engaging, near the 0-day historical norm; prioritize a next-step check before forecast review."
R0Q5BZ9Y,Darcel Schlecht,Melvin Marxen,Central,GTX Pro,Blackzim,Prospecting,,0.6072574721702625,,,,False,0.2552826430893294,"Darcel Schlecht's GTX Pro opportunity has a 61% close propensity and has spent 0 days in Engaging, near the 0-day historical norm; prioritize a next-step check before forecast review."
OT0GOR3I,Darcel Schlecht,Melvin Marxen,Central,GTX Pro,Bluth Company,Prospecting,,0.6072574721702625,,,,False,0.2552826430893294,"Darcel Schlecht's GTX Pro opportunity has a 61% close propensity and has spent 0 days in Engaging, near the 0-day historical norm; prioritize a next-step check before forecast review."
6RN7I8ZF,Darcel Schlecht,Melvin Marxen,Central,GTX Pro,Condax,Prospecting,,0.6072574721702625,,,,False,0.2552826430893294,"Darcel Schlecht's GTX Pro opportunity has a 61% close propensity and has spent 0 days in Engaging, near the 0-day historical norm; prioritize a next-step check before forecast review."
YBWUG6QP,Darcel Schlecht,Melvin Marxen,Central,GTX Pro,Condax,Prospecting,,0.6072574721702625,,,,False,0.2552826430893294,"Darcel Schlecht's GTX Pro opportunity has a 61% close propensity and has spent 0 days in Engaging, near the 0-day historical norm; prioritize a next-step check before forecast review."
S1U1RD6K,Darcel Schlecht,Melvin Marxen,Central,GTX Pro,Iselectrics,Prospecting,,0.6072574721702625,,,,False,0.2552826430893294,"Darcel Schlecht's GTX Pro opportunity has a 61% close propensity and has spent 0 days in Engaging, near the 0-day historical norm; prioritize a next-step check before forecast review."
A8NXNY0M,Darcel Schlecht,Melvin Marxen,Central,GTX Pro,Plusstrip,Prospecting,,0.6072574721702625,,,,False,0.2552826430893294,"Darcel Schlecht's GTX Pro opportunity has a 61% close propensity and has spent 0 days in Engaging, near the 0-day historical norm; prioritize a next-step check before forecast review."
VJILDVVF,Darcel Schlecht,Melvin Marxen,Central,GTX Pro,Zathunicon,Prospecting,,0.6072574721702625,,,,False,0.2552826430893294,"Darcel Schlecht's GTX Pro opportunity has a 61% close propensity and has spent 0 days in Engaging, near the 0-day historical norm; prioritize a next-step check before forecast review."
A9DGDN56,Darcel Schlecht,Melvin Marxen,Central,GTX Pro,Zencorporation,Prospecting,,0.6072574721702625,,,,False,0.2552826430893294,"Darcel Schlecht's GTX Pro opportunity has a 61% close propensity and has spent 0 days in Engaging, near the 0-day historical norm; prioritize a next-step check before forecast review."
4ROECHG6,Darcel Schlecht,Melvin Marxen,Central,GTX Pro,Ron-tech,Prospecting,,0.607598708549977,,,,False,0.25506083944251495,"Darcel Schlecht's GTX Pro opportunity has a 61% close propensity and has spent 0 days in Engaging, near the 0-day historical norm; prioritize a next-step check before forecast review."
FVVATY89,Darcel Schlecht,Melvin Marxen,Central,GTX Pro,Ron-tech,Prospecting,,0.607598708549977,,,,False,0.25506083944251495,"Darcel Schlecht's GTX Pro opportunity has a 61% close propensity and has spent 0 days in Engaging, near the 0-day historical norm; prioritize a next-step check before forecast review."
5Q2BX622,Anna Snelling,Dustin Brinkmann,Central,MG Advanced,Inity,Prospecting,,0.6082394498638465,,,,False,0.2546443575884998,"Anna Snelling's MG Advanced opportunity has a 61% close propensity and has spent 0 days in Engaging, near the 0-day historical norm; prioritize a next-step check before forecast review."
P4D8H19O,Jonathan Berthelot,Melvin Marxen,Central,GTX Plus Basic,Isdom,Prospecting,,0.6086212216958828,,,,False,0.25439620589767614,"Jonathan Berthelot's GTX Plus Basic opportunity has a 61% close propensity and has spent 0 days in Engaging, near the 0-day historical norm; prioritize a next-step check before forecast review."
O8JCYJSV,Marty Freudenburg,Melvin Marxen,Central,GTX Plus Basic,Silis,Prospecting,,0.6086212216958828,,,,False,0.25439620589767614,"Marty Freudenburg's GTX Plus Basic opportunity has a 61% close propensity and has spent 0 days in Engaging, near the 0-day historical norm; prioritize a next-step check before forecast review."
CPEYUW7V,Darcel Schlecht,Melvin Marxen,Central,GTX Basic,,Prospecting,,0.608747612259927,,,,False,0.25431405203104746,"Darcel Schlecht's GTX Basic opportunity has a 61% close propensity and has spent 0 days in Engaging, near the 0-day historical norm; prioritize a next-step check before forecast review."
5ZATE1WV,Darcel Schlecht,Melvin Marxen,Central,GTX Basic,,Prospecting,,0.608747612259927,,,,False,0.25431405203104746,"Darcel Schlecht's GTX Basic opportunity has a 61% close propensity and has spent 0 days in Engaging, near the 0-day historical norm; prioritize a next-step check before forecast review."
R1HFBU5H,Darcel Schlecht,Melvin Marxen,Central,GTX Basic,,Prospecting,,0.608747612259927,,,,False,0.25431405203104746,"Darcel Schlecht's GTX Basic opportunity has a 61% close propensity and has spent 0 days in Engaging, near the 0-day historical norm; prioritize a next-step check before forecast review."
03P9VXWG,Darcel Schlecht,Melvin Marxen,Central,GTX Basic,,Prospecting,,0.608747612259927,,,,False,0.25431405203104746,"Darcel Schlecht's GTX Basic opportunity has a 61% close propensity and has spent 0 days in Engaging, near the 0-day historical norm; prioritize a next-step check before forecast review."
RMJG8OS2,Darcel Schlecht,Melvin Marxen,Central,GTX Basic,,Prospecting,,0.608747612259927,,,,False,0.25431405203104746,"Darcel Schlecht's GTX Basic opportunity has a 61% close propensity and has spent 0 days in Engaging, near the 0-day historical norm; prioritize a next-step check before forecast review."
9L0WKMJ2,Darcel Schlecht,Melvin Marxen,Central,GTX Basic,,Prospecting,,0.608747612259927,,,,False,0.25431405203104746,"Darcel Schlecht's GTX Basic opportunity has a 61% close propensity and has spent 0 days in Engaging, near the 0-day historical norm; prioritize a next-step check before forecast review."
I2LEEFAM,Darcel Schlecht,Melvin Marxen,Central,GTX Plus Basic,,Prospecting,,0.608747612259927,,,,False,0.25431405203104746,"Darcel Schlecht's GTX Plus Basic opportunity has a 61% close propensity and has spent 0 days in Engaging, near the 0-day historical norm; prioritize a next-step check before forecast review."
1LWG4COF,Darcel Schlecht,Melvin Marxen,Central,GTX Plus Basic,,Prospecting,,0.608747612259927,,,,False,0.25431405203104746,"Darcel Schlecht's GTX Plus Basic opportunity has a 61% close propensity and has spent 0 days in Engaging, near the 0-day historical norm; prioritize a next-step check before forecast review."
FEL7FQQG,Darcel Schlecht,Melvin Marxen,Central,GTX Plus Basic,,Prospecting,,0.608747612259927,,,,False,0.25431405203104746,"Darcel Schlecht's GTX Plus Basic opportunity has a 61% close propensity and has spent 0 days in Engaging, near the 0-day historical norm; prioritize a next-step check before forecast review."
0TQP0E65,Darcel Schlecht,Melvin Marxen,Central,GTX Plus Basic,,Prospecting,,0.608747612259927,,,,False,0.25431405203104746,"Darcel Schlecht's GTX Plus Basic opportunity has a 61% close propensity and has spent 0 days in Engaging, near the 0-day historical norm; prioritize a next-step check before forecast review."
P95E1DOX,Darcel Schlecht,Melvin Marxen,Central,GTX Plus Basic,,Prospecting,,0.608747612259927,,,,False,0.25431405203104746,"Darcel Schlecht's GTX Plus Basic opportunity has a 61% close propensity and has spent 0 days in Engaging, near the 0-day historical norm; prioritize a next-step check before forecast review."
JCRT0QHO,Darcel Schlecht,Melvin Marxen,Central,GTX Plus Basic,,Prospecting,,0.608747612259927,,,,False,0.25431405203104746,"Darcel Schlecht's GTX Plus Basic opportunity has a 61% close propensity and has spent 0 days in Engaging, near the 0-day historical norm; prioritize a next-step check before forecast review."
MTGV7WOM,Darcel Schlecht,Melvin Marxen,Central,GTX Plus Basic,,Prospecting,,0.608747612259927,,,,False,0.25431405203104746,"Darcel Schlecht's GTX Plus Basic opportunity has a 61% close propensity and has spent 0 days in Engaging, near the 0-day historical norm; prioritize a next-step check before forecast review."
IEMOIN3K,Darcel Schlecht,Melvin Marxen,Central,GTX Plus Basic,,Prospecting,,0.608747612259927,,,,False,0.25431405203104746,"Darcel Schlecht's GTX Plus Basic opportunity has a 61% close propensity and has spent 0 days in Engaging, near the 0-day historical norm; prioritize a next-step check before forecast review."
XTXMQMRC,Darcel Schlecht,Melvin Marxen,Central,GTX Plus Basic,,Prospecting,,0.608747612259927,,,,False,0.25431405203104746,"Darcel Schlecht's GTX Plus Basic opportunity has a 61% close propensity and has spent 0 days in Engaging, near the 0-day historical norm; prioritize a next-step check before forecast review."
OQX98BBL,Darcel Schlecht,Melvin Marxen,Central,GTX Plus Basic,,Prospecting,,0.608747612259927,,,,False,0.25431405203104746,"Darcel Schlecht's GTX Plus Basic opportunity has a 61% close propensity and has spent 0 days in Engaging, near the 0-day historical norm; prioritize a next-step check before forecast review."
RH0FJYPZ,Darcel Schlecht,Melvin Marxen,Central,GTX Plus Basic,,Prospecting,,0.608747612259927,,,,False,0.25431405203104746,"Darcel Schlecht's GTX Plus Basic opportunity has a 61% close propensity and has spent 0 days in Engaging, near the 0-day historical norm; prioritize a next-step check before forecast review."
HD6YD6P9,Darcel Schlecht,Melvin Marxen,Central,GTX Plus Basic,,Prospecting,,0.608747612259927,,,,False,0.25431405203104746,"Darcel Schlecht's GTX Plus Basic opportunity has a 61% close propensity and has spent 0 days in Engaging, near the 0-day historical norm; prioritize a next-step check before forecast review."
64OXRCSR,Darcel Schlecht,Melvin Marxen,Central,GTX Plus Basic,,Prospecting,,0.608747612259927,,,,False,0.25431405203104746,"Darcel Schlecht's GTX Plus Basic opportunity has a 61% close propensity and has spent 0 days in Engaging, near the 0-day historical norm; prioritize a next-step check before forecast review."
EG3X1ACF,Darcel Schlecht,Melvin Marxen,Central,GTX Plus Basic,,Prospecting,,0.608747612259927,,,,False,0.25431405203104746,"Darcel Schlecht's GTX Plus Basic opportunity has a 61% close propensity and has spent 0 days in Engaging, near the 0-day historical norm; prioritize a next-step check before forecast review."
TJ64MOUR,Darcel Schlecht,Melvin Marxen,Central,GTX Plus Basic,,Prospecting,,0.608747612259927,,,,False,0.25431405203104746,"Darcel Schlecht's GTX Plus Basic opportunity has a 61% close propensity and has spent 0 days in Engaging, near the 0-day historical norm; prioritize a next-step check before forecast review."
FY0SHNZY,Darcel Schlecht,Melvin Marxen,Central,GTX Plus Basic,,Prospecting,,0.608747612259927,,,,False,0.25431405203104746,"Darcel Schlecht's GTX Plus Basic opportunity has a 61% close propensity and has spent 0 days in Engaging, near the 0-day historical norm; prioritize a next-step check before forecast review."
V2V69I86,Darcel Schlecht,Melvin Marxen,Central,GTX Plus Basic,,Prospecting,,0.608747612259927,,,,False,0.25431405203104746,"Darcel Schlecht's GTX Plus Basic opportunity has a 61% close propensity and has spent 0 days in Engaging, near the 0-day historical norm; prioritize a next-step check before forecast review."
OAECXU4A,Darcel Schlecht,Melvin Marxen,Central,GTX Plus Basic,,Prospecting,,0.608747612259927,,,,False,0.25431405203104746,"Darcel Schlecht's GTX Plus Basic opportunity has a 61% close propensity and has spent 0 days in Engaging, near the 0-day historical norm; prioritize a next-step check before forecast review."
LFD1ZGJ8,Darcel Schlecht,Melvin Marxen,Central,GTX Pro,,Prospecting,,0.608747612259927,,,,False,0.25431405203104746,"Darcel Schlecht's GTX Pro opportunity has a 61% close propensity and has spent 0 days in Engaging, near the 0-day historical norm; prioritize a next-step check before forecast review."
4YJKB8EC,Darcel Schlecht,Melvin Marxen,Central,GTX Pro,,Prospecting,,0.608747612259927,,,,False,0.25431405203104746,"Darcel Schlecht's GTX Pro opportunity has a 61% close propensity and has spent 0 days in Engaging, near the 0-day historical norm; prioritize a next-step check before forecast review."
DIGG7U6M,Darcel Schlecht,Melvin Marxen,Central,GTX Pro,,Prospecting,,0.608747612259927,,,,False,0.25431405203104746,"Darcel Schlecht's GTX Pro opportunity has a 61% close propensity and has spent 0 days in Engaging, near the 0-day historical norm; prioritize a next-step check before forecast review."
VMXGBINH,Darcel Schlecht,Melvin Marxen,Central,GTX Pro,,Prospecting,,0.608747612259927,,,,False,0.25431405203104746,"Darcel Schlecht's GTX Pro opportunity has a 61% close propensity and has spent 0 days in Engaging, near the 0-day historical norm; prioritize a next-step check before forecast review."
N6BT2U29,Darcel Schlecht,Melvin Marxen,Central,GTX Pro,,Prospecting,,0.608747612259927,,,,False,0.25431405203104746,"Darcel Schlecht's GTX Pro opportunity has a 61% close propensity and has spent 0 days in Engaging, near the 0-day historical norm; prioritize a next-step check before forecast review."
T12MT0HL,Darcel Schlecht,Melvin Marxen,Central,GTX Pro,,Prospecting,,0.608747612259927,,,,False,0.25431405203104746,"Darcel Schlecht's GTX Pro opportunity has a 61% close propensity and has spent 0 days in Engaging, near the 0-day historical norm; prioritize a next-step check before forecast review."
HZVVOITE,Darcel Schlecht,Melvin Marxen,Central,GTX Pro,,Prospecting,,0.608747612259927,,,,False,0.25431405203104746,"Darcel Schlecht's GTX Pro opportunity has a 61% close propensity and has spent 0 days in Engaging, near the 0-day historical norm; prioritize a next-step check before forecast review."
P6Z4X54S,Darcel Schlecht,Melvin Marxen,Central,GTX Pro,,Prospecting,,0.608747612259927,,,,False,0.25431405203104746,"Darcel Schlecht's GTX Pro opportunity has a 61% close propensity and has spent 0 days in Engaging, near the 0-day historical norm; prioritize a next-step check before forecast review."
910NLQ80,Darcel Schlecht,Melvin Marxen,Central,GTX Pro,,Prospecting,,0.608747612259927,,,,False,0.25431405203104746,"Darcel Schlecht's GTX Pro opportunity has a 61% close propensity and has spent 0 days in Engaging, near the 0-day historical norm; prioritize a next-step check before forecast review."
8IPMP8NT,Darcel Schlecht,Melvin Marxen,Central,GTX Pro,,Prospecting,,0.608747612259927,,,,False,0.25431405203104746,"Darcel Schlecht's GTX Pro opportunity has a 61% close propensity and has spent 0 days in Engaging, near the 0-day historical norm; prioritize a next-step check before forecast review."
7YOJ4KU7,Darcel Schlecht,Melvin Marxen,Central,GTX Pro,,Prospecting,,0.608747612259927,,,,False,0.25431405203104746,"Darcel Schlecht's GTX Pro opportunity has a 61% close propensity and has spent 0 days in Engaging, near the 0-day historical norm; prioritize a next-step check before forecast review."
3K70RL7Q,Darcel Schlecht,Melvin Marxen,Central,GTX Pro,,Prospecting,,0.608747612259927,,,,False,0.25431405203104746,"Darcel Schlecht's GTX Pro opportunity has a 61% close propensity and has spent 0 days in Engaging, near the 0-day historical norm; prioritize a next-step check before forecast review."
DX1M0XF0,Darcel Schlecht,Melvin Marxen,Central,GTX Pro,,Prospecting,,0.608747612259927,,,,False,0.25431405203104746,"Darcel Schlecht's GTX Pro opportunity has a 61% close propensity and has spent 0 days in Engaging, near the 0-day historical norm; prioritize a next-step check before forecast review."
5MNF16D8,Darcel Schlecht,Melvin Marxen,Central,GTX Pro,,Prospecting,,0.608747612259927,,,,False,0.25431405203104746,"Darcel Schlecht's GTX Pro opportunity has a 61% close propensity and has spent 0 days in Engaging, near the 0-day historical norm; prioritize a next-step check before forecast review."
PES548QV,Darcel Schlecht,Melvin Marxen,Central,GTX Pro,,Prospecting,,0.608747612259927,,,,False,0.25431405203104746,"Darcel Schlecht's GTX Pro opportunity has a 61% close propensity and has spent 0 days in Engaging, near the 0-day historical norm; prioritize a next-step check before forecast review."
XGMTNND1,Darcel Schlecht,Melvin Marxen,Central,GTX Pro,,Prospecting,,0.608747612259927,,,,False,0.25431405203104746,"Darcel Schlecht's GTX Pro opportunity has a 61% close propensity and has spent 0 days in Engaging, near the 0-day historical norm; prioritize a next-step check before forecast review."
6R94B0SG,Darcel Schlecht,Melvin Marxen,Central,GTX Pro,,Prospecting,,0.608747612259927,,,,False,0.25431405203104746,"Darcel Schlecht's GTX Pro opportunity has a 61% close propensity and has spent 0 days in Engaging, near the 0-day historical norm; prioritize a next-step check before forecast review."
8JL58ECD,Darcel Schlecht,Melvin Marxen,Central,GTX Pro,,Prospecting,,0.608747612259927,,,,False,0.25431405203104746,"Darcel Schlecht's GTX Pro opportunity has a 61% close propensity and has spent 0 days in Engaging, near the 0-day historical norm; prioritize a next-step check before forecast review."
KO7JWXCT,Darcel Schlecht,Melvin Marxen,Central,GTX Pro,,Prospecting,,0.608747612259927,,,,False,0.25431405203104746,"Darcel Schlecht's GTX Pro opportunity has a 61% close propensity and has spent 0 days in Engaging, near the 0-day historical norm; prioritize a next-step check before forecast review."
FGSBCJSC,Darcel Schlecht,Melvin Marxen,Central,GTX Pro,,Prospecting,,0.608747612259927,,,,False,0.25431405203104746,"Darcel Schlecht's GTX Pro opportunity has a 61% close propensity and has spent 0 days in Engaging, near the 0-day historical norm; prioritize a next-step check before forecast review."
65SMA4OZ,Darcel Schlecht,Melvin Marxen,Central,GTX Pro,,Prospecting,,0.608747612259927,,,,False,0.25431405203104746,"Darcel Schlecht's GTX Pro opportunity has a 61% close propensity and has spent 0 days in Engaging, near the 0-day historical norm; prioritize a next-step check before forecast review."
537X47QY,Darcel Schlecht,Melvin Marxen,Central,GTX Pro,,Prospecting,,0.608747612259927,,,,False,0.25431405203104746,"Darcel Schlecht's GTX Pro opportunity has a 61% close propensity and has spent 0 days in Engaging, near the 0-day historical norm; prioritize a next-step check before forecast review."
D95K3R9N,Darcel Schlecht,Melvin Marxen,Central,GTX Pro,,Prospecting,,0.608747612259927,,,,False,0.25431405203104746,"Darcel Schlecht's GTX Pro opportunity has a 61% close propensity and has spent 0 days in Engaging, near the 0-day historical norm; prioritize a next-step check before forecast review."
51HOGHF0,Darcel Schlecht,Melvin Marxen,Central,GTX Pro,,Prospecting,,0.608747612259927,,,,False,0.25431405203104746,"Darcel Schlecht's GTX Pro opportunity has a 61% close propensity and has spent 0 days in Engaging, near the 0-day historical norm; prioritize a next-step check before forecast review."
PRUFERA6,Darcel Schlecht,Melvin Marxen,Central,GTX Pro,,Prospecting,,0.608747612259927,,,,False,0.25431405203104746,"Darcel Schlecht's GTX Pro opportunity has a 61% close propensity and has spent 0 days in Engaging, near the 0-day historical norm; prioritize a next-step check before forecast review."
NST2FEF3,Darcel Schlecht,Melvin Marxen,Central,GTX Pro,,Prospecting,,0.608747612259927,,,,False,0.25431405203104746,"Darcel Schlecht's GTX Pro opportunity has a 61% close propensity and has spent 0 days in Engaging, near the 0-day historical norm; prioritize a next-step check before forecast review."
BBV196A3,Darcel Schlecht,Melvin Marxen,Central,GTX Pro,,Prospecting,,0.608747612259927,,,,False,0.25431405203104746,"Darcel Schlecht's GTX Pro opportunity has a 61% close propensity and has spent 0 days in Engaging, near the 0-day historical norm; prioritize a next-step check before forecast review."
E4YR0OE6,Darcel Schlecht,Melvin Marxen,Central,GTX Pro,,Prospecting,,0.608747612259927,,,,False,0.25431405203104746,"Darcel Schlecht's GTX Pro opportunity has a 61% close propensity and has spent 0 days in Engaging, near the 0-day historical norm; prioritize a next-step check before forecast review."
HKMMBDMW,Moses Frase,Dustin Brinkmann,Central,GTX Basic,Plusstrip,Prospecting,,0.6095021665377491,,,,False,0.2538235917504631,"Moses Frase's GTX Basic opportunity has a 61% close propensity and has spent 0 days in Engaging, near the 0-day historical norm; prioritize a next-step check before forecast review."
XS7L2AQE,Moses Frase,Dustin Brinkmann,Central,GTX Basic,Zencorporation,Prospecting,,0.6095021665377491,,,,False,0.2538235917504631,"Moses Frase's GTX Basic opportunity has a 61% close propensity and has spent 0 days in Engaging, near the 0-day historical norm; prioritize a next-step check before forecast review."
9HA8VBAP,Darcel Schlecht,Melvin Marxen,Central,MG Advanced,Donquadtech,Prospecting,,0.6095651552318778,,,,False,0.25378264909927944,"Darcel Schlecht's MG Advanced opportunity has a 61% close propensity and has spent 0 days in Engaging, near the 0-day historical norm; prioritize a next-step check before forecast review."
URRD7VUB,Jonathan Berthelot,Melvin Marxen,Central,MG Special,Blackzim,Prospecting,,0.609602964653648,,,,False,0.25375807297512876,"Jonathan Berthelot's MG Special opportunity has a 61% close propensity and has spent 0 days in Engaging, near the 0-day historical norm; prioritize a next-step check before forecast review."
COGXUYLL,Marty Freudenburg,Melvin Marxen,Central,MG Special,Doncon,Prospecting,,0.609602964653648,,,,False,0.25375807297512876,"Marty Freudenburg's MG Special opportunity has a 61% close propensity and has spent 0 days in Engaging, near the 0-day historical norm; prioritize a next-step check before forecast review."
1BB5LME9,Marty Freudenburg,Melvin Marxen,Central,MG Special,Globex Corporation,Prospecting,,0.609602964653648,,,,False,0.25375807297512876,"Marty Freudenburg's MG Special opportunity has a 61% close propensity and has spent 0 days in Engaging, near the 0-day historical norm; prioritize a next-step check before forecast review."
0CR37ETK,Corliss Cosme,Cara Losch,East,MG Advanced,,Engaging,2017-11-05,0.6935703483044225,56.0,90.0,0.6222222222222222,False,0.2536237180465698,"Corliss Cosme's MG Advanced opportunity has a 69% close propensity and has spent 56 days in Engaging, near the 90-day historical norm; prioritize a next-step check before forecast review."
LZW4N9KF,Darcel Schlecht,Melvin Marxen,Central,GTX Plus Pro,Zathunicon,Prospecting,,0.6102408568838226,,,,False,0.2533434430255153,"Darcel Schlecht's GTX Plus Pro opportunity has a 61% close propensity and has spent 0 days in Engaging, near the 0-day historical norm; prioritize a next-step check before forecast review."
M22PCEKY,Moses Frase,Dustin Brinkmann,Central,GTX Basic,,Prospecting,,0.6109892457126338,,,,False,0.25285699028678804,"Moses Frase's GTX Basic opportunity has a 61% close propensity and has spent 0 days in Engaging, near the 0-day historical norm; prioritize a next-step check before forecast review."
IVTNXNYP,Moses Frase,Dustin Brinkmann,Central,GTX Basic,,Prospecting,,0.6109892457126338,,,,False,0.25285699028678804,"Moses Frase's GTX Basic opportunity has a 61% close propensity and has spent 0 days in Engaging, near the 0-day historical norm; prioritize a next-step check before forecast review."
HOXD9TTL,Moses Frase,Dustin Brinkmann,Central,GTX Basic,,Prospecting,,0.6109892457126338,,,,False,0.25285699028678804,"Moses Frase's GTX Basic opportunity has a 61% close propensity and has spent 0 days in Engaging, near the 0-day historical norm; prioritize a next-step check before forecast review."
H046CU4Z,Moses Frase,Dustin Brinkmann,Central,GTX Basic,,Prospecting,,0.6109892457126338,,,,False,0.25285699028678804,"Moses Frase's GTX Basic opportunity has a 61% close propensity and has spent 0 days in Engaging, near the 0-day historical norm; prioritize a next-step check before forecast review."
JF4MEWPX,Moses Frase,Dustin Brinkmann,Central,GTX Basic,,Prospecting,,0.6109892457126338,,,,False,0.25285699028678804,"Moses Frase's GTX Basic opportunity has a 61% close propensity and has spent 0 days in Engaging, near the 0-day historical norm; prioritize a next-step check before forecast review."
1HD5JJM3,Moses Frase,Dustin Brinkmann,Central,GTX Plus Basic,,Prospecting,,0.6109892457126338,,,,False,0.25285699028678804,"Moses Frase's GTX Plus Basic opportunity has a 61% close propensity and has spent 0 days in Engaging, near the 0-day historical norm; prioritize a next-step check before forecast review."
NWPSEF2I,Moses Frase,Dustin Brinkmann,Central,GTX Plus Basic,,Prospecting,,0.6109892457126338,,,,False,0.25285699028678804,"Moses Frase's GTX Plus Basic opportunity has a 61% close propensity and has spent 0 days in Engaging, near the 0-day historical norm; prioritize a next-step check before forecast review."
0E8D6TCQ,Moses Frase,Dustin Brinkmann,Central,GTX Plus Basic,,Prospecting,,0.6109892457126338,,,,False,0.25285699028678804,"Moses Frase's GTX Plus Basic opportunity has a 61% close propensity and has spent 0 days in Engaging, near the 0-day historical norm; prioritize a next-step check before forecast review."
7MKYTX69,Moses Frase,Dustin Brinkmann,Central,GTX Plus Pro,,Prospecting,,0.6109892457126338,,,,False,0.25285699028678804,"Moses Frase's GTX Plus Pro opportunity has a 61% close propensity and has spent 0 days in Engaging, near the 0-day historical norm; prioritize a next-step check before forecast review."
LKDSEQ2Q,Darcel Schlecht,Melvin Marxen,Central,GTX Plus Basic,Yearin,Prospecting,,0.6110441674845352,,,,False,0.25282129113505214,"Darcel Schlecht's GTX Plus Basic opportunity has a 61% close propensity and has spent 0 days in Engaging, near the 0-day historical norm; prioritize a next-step check before forecast review."
99YRLZM0,Darcel Schlecht,Melvin Marxen,Central,GTX Pro,Yearin,Prospecting,,0.6110441674845352,,,,False,0.25282129113505214,"Darcel Schlecht's GTX Pro opportunity has a 61% close propensity and has spent 0 days in Engaging, near the 0-day historical norm; prioritize a next-step check before forecast review."
R14YE68N,Jonathan Berthelot,Melvin Marxen,Central,GTX Pro,Plexzap,Prospecting,,0.6110441674845352,,,,False,0.25282129113505214,"Jonathan Berthelot's GTX Pro opportunity has a 61% close propensity and has spent 0 days in Engaging, near the 0-day historical norm; prioritize a next-step check before forecast review."
ETJR6FUL,Marty Freudenburg,Melvin Marxen,Central,GTX Basic,Plexzap,Prospecting,,0.6110441674845352,,,,False,0.25282129113505214,"Marty Freudenburg's GTX Basic opportunity has a 61% close propensity and has spent 0 days in Engaging, near the 0-day historical norm; prioritize a next-step check before forecast review."
HP50ZWIZ,Gladys Colclough,Melvin Marxen,Central,MG Special,,Prospecting,,0.6114348736889208,,,,False,0.2525673321022015,"Gladys Colclough's MG Special opportunity has a 61% close propensity and has spent 0 days in Engaging, near the 0-day historical norm; prioritize a next-step check before forecast review."
X3KQZM1K,Gladys Colclough,Melvin Marxen,Central,MG Special,,Prospecting,,0.6114348736889208,,,,False,0.2525673321022015,"Gladys Colclough's MG Special opportunity has a 61% close propensity and has spent 0 days in Engaging, near the 0-day historical norm; prioritize a next-step check before forecast review."
WA3U0EVI,Gladys Colclough,Melvin Marxen,Central,MG Special,,Prospecting,,0.6114348736889208,,,,False,0.2525673321022015,"Gladys Colclough's MG Special opportunity has a 61% close propensity and has spent 0 days in Engaging, near the 0-day historical norm; prioritize a next-step check before forecast review."
Q9CASEJL,Gladys Colclough,Melvin Marxen,Central,MG Special,,Prospecting,,0.6114348736889208,,,,False,0.2525673321022015,"Gladys Colclough's MG Special opportunity has a 61% close propensity and has spent 0 days in Engaging, near the 0-day historical norm; prioritize a next-step check before forecast review."
OIBR7UA7,Gladys Colclough,Melvin Marxen,Central,MG Special,,Prospecting,,0.6114348736889208,,,,False,0.2525673321022015,"Gladys Colclough's MG Special opportunity has a 61% close propensity and has spent 0 days in Engaging, near the 0-day historical norm; prioritize a next-step check before forecast review."
ZTCQWF53,Darcel Schlecht,Melvin Marxen,Central,GTX Plus Basic,Faxquote,Prospecting,,0.6114532150545653,,,,False,0.2525554102145326,"Darcel Schlecht's GTX Plus Basic opportunity has a 61% close propensity and has spent 0 days in Engaging, near the 0-day historical norm; prioritize a next-step check before forecast review."
YKBJP191,Darcel Schlecht,Melvin Marxen,Central,GTX Pro,Faxquote,Prospecting,,0.6114532150545653,,,,False,0.2525554102145326,"Darcel Schlecht's GTX Pro opportunity has a 61% close propensity and has spent 0 days in Engaging, near the 0-day historical norm; prioritize a next-step check before forecast review."
P7UPCSTC,Darcel Schlecht,Melvin Marxen,Central,GTX Pro,Faxquote,Prospecting,,0.6114532150545653,,,,False,0.2525554102145326,"Darcel Schlecht's GTX Pro opportunity has a 61% close propensity and has spent 0 days in Engaging, near the 0-day historical norm; prioritize a next-step check before forecast review."
32NDDT4L,Moses Frase,Dustin Brinkmann,Central,MG Special,,Prospecting,,0.6115938395706529,,,,False,0.2524640042790756,"Moses Frase's MG Special opportunity has a 61% close propensity and has spent 0 days in Engaging, near the 0-day historical norm; prioritize a next-step check before forecast review."
1969NL80,Moses Frase,Dustin Brinkmann,Central,MG Special,,Prospecting,,0.6115938395706529,,,,False,0.2524640042790756,"Moses Frase's MG Special opportunity has a 61% close propensity and has spent 0 days in Engaging, near the 0-day historical norm; prioritize a next-step check before forecast review."
IKR0NSUE,Moses Frase,Dustin Brinkmann,Central,MG Special,,Prospecting,,0.6115938395706529,,,,False,0.2524640042790756,"Moses Frase's MG Special opportunity has a 61% close propensity and has spent 0 days in Engaging, near the 0-day historical norm; prioritize a next-step check before forecast review."
473F6L9F,Moses Frase,Dustin Brinkmann,Central,MG Special,,Prospecting,,0.6115938395706529,,,,False,0.2524640042790756,"Moses Frase's MG Special opportunity has a 61% close propensity and has spent 0 days in Engaging, near the 0-day historical norm; prioritize a next-step check before forecast review."
KN4LCS4D,Moses Frase,Dustin Brinkmann,Central,MG Special,,Prospecting,,0.6115938395706529,,,,False,0.2524640042790756,"Moses Frase's MG Special opportunity has a 61% close propensity and has spent 0 days in Engaging, near the 0-day historical norm; prioritize a next-step check before forecast review."
OAMIMSUU,Jonathan Berthelot,Melvin Marxen,Central,GTX Plus Pro,Cheers,Prospecting,,0.6116008728232232,,,,False,0.25245943266490495,"Jonathan Berthelot's GTX Plus Pro opportunity has a 61% close propensity and has spent 0 days in Engaging, near the 0-day historical norm; prioritize a next-step check before forecast review."
B26TNOGQ,Jonathan Berthelot,Melvin Marxen,Central,GTX Plus Pro,Silis,Prospecting,,0.6116008728232232,,,,False,0.25245943266490495,"Jonathan Berthelot's GTX Plus Pro opportunity has a 61% close propensity and has spent 0 days in Engaging, near the 0-day historical norm; prioritize a next-step check before forecast review."
IAV71BEX,Cecily Lampkin,Dustin Brinkmann,Central,MG Advanced,Singletechno,Prospecting,,0.6116644837760867,,,,False,0.2524180855455436,"Cecily Lampkin's MG Advanced opportunity has a 61% close propensity and has spent 0 days in Engaging, near the 0-day historical norm; prioritize a next-step check before forecast review."
S4V0T890,Marty Freudenburg,Melvin Marxen,Central,MG Advanced,Finjob,Prospecting,,0.6116989424623922,,,,False,0.25239568739944507,"Marty Freudenburg's MG Advanced opportunity has a 61% close propensity and has spent 0 days in Engaging, near the 0-day historical norm; prioritize a next-step check before forecast review."
A4TA5P1B,Darcel Schlecht,Melvin Marxen,Central,GTX Plus Pro,,Prospecting,,0.611726915013787,,,,False,0.25237750524103847,"Darcel Schlecht's GTX Plus Pro opportunity has a 61% close propensity and has spent 0 days in Engaging, near the 0-day historical norm; prioritize a next-step check before forecast review."
KIKV29M0,Darcel Schlecht,Melvin Marxen,Central,GTX Plus Pro,,Prospecting,,0.611726915013787,,,,False,0.25237750524103847,"Darcel Schlecht's GTX Plus Pro opportunity has a 61% close propensity and has spent 0 days in Engaging, near the 0-day historical norm; prioritize a next-step check before forecast review."
PCXGIH9X,Darcel Schlecht,Melvin Marxen,Central,GTX Plus Pro,,Prospecting,,0.611726915013787,,,,False,0.25237750524103847,"Darcel Schlecht's GTX Plus Pro opportunity has a 61% close propensity and has spent 0 days in Engaging, near the 0-day historical norm; prioritize a next-step check before forecast review."
ODSFN0YA,Darcel Schlecht,Melvin Marxen,Central,GTX Plus Pro,,Prospecting,,0.611726915013787,,,,False,0.25237750524103847,"Darcel Schlecht's GTX Plus Pro opportunity has a 61% close propensity and has spent 0 days in Engaging, near the 0-day historical norm; prioritize a next-step check before forecast review."
6RQUXORL,Darcel Schlecht,Melvin Marxen,Central,GTX Plus Pro,,Prospecting,,0.611726915013787,,,,False,0.25237750524103847,"Darcel Schlecht's GTX Plus Pro opportunity has a 61% close propensity and has spent 0 days in Engaging, near the 0-day historical norm; prioritize a next-step check before forecast review."
74LCNGIK,Darcel Schlecht,Melvin Marxen,Central,GTX Plus Pro,,Prospecting,,0.611726915013787,,,,False,0.25237750524103847,"Darcel Schlecht's GTX Plus Pro opportunity has a 61% close propensity and has spent 0 days in Engaging, near the 0-day historical norm; prioritize a next-step check before forecast review."
28EJ0L9T,Darcel Schlecht,Melvin Marxen,Central,GTX Plus Pro,,Prospecting,,0.611726915013787,,,,False,0.25237750524103847,"Darcel Schlecht's GTX Plus Pro opportunity has a 61% close propensity and has spent 0 days in Engaging, near the 0-day historical norm; prioritize a next-step check before forecast review."
UH9TR8Y1,Darcel Schlecht,Melvin Marxen,Central,GTX Plus Pro,,Prospecting,,0.611726915013787,,,,False,0.25237750524103847,"Darcel Schlecht's GTX Plus Pro opportunity has a 61% close propensity and has spent 0 days in Engaging, near the 0-day historical norm; prioritize a next-step check before forecast review."
JVXGG70X,Darcel Schlecht,Melvin Marxen,Central,GTX Plus Pro,,Prospecting,,0.611726915013787,,,,False,0.25237750524103847,"Darcel Schlecht's GTX Plus Pro opportunity has a 61% close propensity and has spent 0 days in Engaging, near the 0-day historical norm; prioritize a next-step check before forecast review."
P0B49XCI,Gladys Colclough,Melvin Marxen,Central,MG Special,Codehow,Prospecting,,0.6124164403412721,,,,False,0.2519293137781732,"Gladys Colclough's MG Special opportunity has a 61% close propensity and has spent 0 days in Engaging, near the 0-day historical norm; prioritize a next-step check before forecast review."
FU2PQZR4,Darcel Schlecht,Melvin Marxen,Central,GTX Plus Pro,Green-Plus,Prospecting,,0.6131591579011924,,,,False,0.251446547364225,"Darcel Schlecht's GTX Plus Pro opportunity has a 61% close propensity and has spent 0 days in Engaging, near the 0-day historical norm; prioritize a next-step check before forecast review."
5C59O9GU,Anna Snelling,Dustin Brinkmann,Central,MG Special,Conecom,Prospecting,,0.6138830106618548,,,,False,0.2509760430697944,"Anna Snelling's MG Special opportunity has a 61% close propensity and has spent 0 days in Engaging, near the 0-day historical norm; prioritize a next-step check before forecast review."
JQ338VQC,Versie Hillebrand,Dustin Brinkmann,Central,MG Special,Blackzim,Prospecting,,0.6138830106618548,,,,False,0.2509760430697944,"Versie Hillebrand's MG Special opportunity has a 61% close propensity and has spent 0 days in Engaging, near the 0-day historical norm; prioritize a next-step check before forecast review."
WJK0O5J9,Versie Hillebrand,Dustin Brinkmann,Central,MG Special,Doncon,Prospecting,,0.6138830106618548,,,,False,0.2509760430697944,"Versie Hillebrand's MG Special opportunity has a 61% close propensity and has spent 0 days in Engaging, near the 0-day historical norm; prioritize a next-step check before forecast review."
GR8JTX1T,Darcel Schlecht,Melvin Marxen,Central,GTX Pro,Warephase,Prospecting,,0.6139602586978772,,,,False,0.25092583184637984,"Darcel Schlecht's GTX Pro opportunity has a 61% close propensity and has spent 0 days in Engaging, near the 0-day historical norm; prioritize a next-step check before forecast review."
11T4HX93,Jonathan Berthelot,Melvin Marxen,Central,MG Special,Bluth Company,Prospecting,,0.6142870386750454,,,,False,0.2507134248612205,"Jonathan Berthelot's MG Special opportunity has a 61% close propensity and has spent 0 days in Engaging, near the 0-day historical norm; prioritize a next-step check before forecast review."
0QMDTHBS,Jonathan Berthelot,Melvin Marxen,Central,MG Special,,Prospecting,,0.6157673832308351,,,,False,0.24975120089995717,"Jonathan Berthelot's MG Special opportunity has a 62% close propensity and has spent 0 days in Engaging, near the 0-day historical norm; prioritize a next-step check before forecast review."
GM5X0CSG,Jonathan Berthelot,Melvin Marxen,Central,MG Special,,Prospecting,,0.6157673832308351,,,,False,0.24975120089995717,"Jonathan Berthelot's MG Special opportunity has a 62% close propensity and has spent 0 days in Engaging, near the 0-day historical norm; prioritize a next-step check before forecast review."
E0HMRMZ9,Jonathan Berthelot,Melvin Marxen,Central,MG Special,,Prospecting,,0.6157673832308351,,,,False,0.24975120089995717,"Jonathan Berthelot's MG Special opportunity has a 62% close propensity and has spent 0 days in Engaging, near the 0-day historical norm; prioritize a next-step check before forecast review."
DYA87PL1,Jonathan Berthelot,Melvin Marxen,Central,MG Special,,Prospecting,,0.6157673832308351,,,,False,0.24975120089995717,"Jonathan Berthelot's MG Special opportunity has a 62% close propensity and has spent 0 days in Engaging, near the 0-day historical norm; prioritize a next-step check before forecast review."
GSOR2INK,Marty Freudenburg,Melvin Marxen,Central,MG Special,,Prospecting,,0.6157673832308351,,,,False,0.24975120089995717,"Marty Freudenburg's MG Special opportunity has a 62% close propensity and has spent 0 days in Engaging, near the 0-day historical norm; prioritize a next-step check before forecast review."
BTH2O9OF,Marty Freudenburg,Melvin Marxen,Central,MG Special,,Prospecting,,0.6157673832308351,,,,False,0.24975120089995717,"Marty Freudenburg's MG Special opportunity has a 62% close propensity and has spent 0 days in Engaging, near the 0-day historical norm; prioritize a next-step check before forecast review."
HW367OVT,Marty Freudenburg,Melvin Marxen,Central,MG Special,,Prospecting,,0.6157673832308351,,,,False,0.24975120089995717,"Marty Freudenburg's MG Special opportunity has a 62% close propensity and has spent 0 days in Engaging, near the 0-day historical norm; prioritize a next-step check before forecast review."
O6NIPA7N,Marty Freudenburg,Melvin Marxen,Central,MG Special,,Prospecting,,0.6157673832308351,,,,False,0.24975120089995717,"Marty Freudenburg's MG Special opportunity has a 62% close propensity and has spent 0 days in Engaging, near the 0-day historical norm; prioritize a next-step check before forecast review."
K7L1RE8B,Niesha Huffines,Melvin Marxen,Central,MG Special,,Prospecting,,0.6157673832308351,,,,False,0.24975120089995717,"Niesha Huffines's MG Special opportunity has a 62% close propensity and has spent 0 days in Engaging, near the 0-day historical norm; prioritize a next-step check before forecast review."
RPCZJOE2,Niesha Huffines,Melvin Marxen,Central,MG Special,,Prospecting,,0.6157673832308351,,,,False,0.24975120089995717,"Niesha Huffines's MG Special opportunity has a 62% close propensity and has spent 0 days in Engaging, near the 0-day historical norm; prioritize a next-step check before forecast review."
6IG2A8KD,Niesha Huffines,Melvin Marxen,Central,MG Special,,Prospecting,,0.6157673832308351,,,,False,0.24975120089995717,"Niesha Huffines's MG Special opportunity has a 62% close propensity and has spent 0 days in Engaging, near the 0-day historical norm; prioritize a next-step check before forecast review."
MFU6Y5HX,Niesha Huffines,Melvin Marxen,Central,MG Special,,Prospecting,,0.6157673832308351,,,,False,0.24975120089995717,"Niesha Huffines's MG Special opportunity has a 62% close propensity and has spent 0 days in Engaging, near the 0-day historical norm; prioritize a next-step check before forecast review."
Y0EKPBLQ,Niesha Huffines,Melvin Marxen,Central,MG Special,,Prospecting,,0.6157673832308351,,,,False,0.24975120089995717,"Niesha Huffines's MG Special opportunity has a 62% close propensity and has spent 0 days in Engaging, near the 0-day historical norm; prioritize a next-step check before forecast review."
8TLX2786,Niesha Huffines,Melvin Marxen,Central,MG Special,,Prospecting,,0.6157673832308351,,,,False,0.24975120089995717,"Niesha Huffines's MG Special opportunity has a 62% close propensity and has spent 0 days in Engaging, near the 0-day historical norm; prioritize a next-step check before forecast review."
Z9CW6K35,Niesha Huffines,Melvin Marxen,Central,MG Special,,Prospecting,,0.6157673832308351,,,,False,0.24975120089995717,"Niesha Huffines's MG Special opportunity has a 62% close propensity and has spent 0 days in Engaging, near the 0-day historical norm; prioritize a next-step check before forecast review."
XSEG5T4H,Markita Hansen,Celia Rouche,West,GTX Plus Basic,Zoomit,Engaging,2017-11-03,0.7037966088457603,58.0,89.0,0.651685393258427,False,0.24955467616036814,"Markita Hansen's GTX Plus Basic opportunity has a 70% close propensity and has spent 58 days in Engaging, near the 89-day historical norm; prioritize a next-step check before forecast review."
9CYYLZ11,Marty Freudenburg,Melvin Marxen,Central,GTX Basic,Stanredtax,Prospecting,,0.6163112927511943,,,,False,0.2493976597117237,"Marty Freudenburg's GTX Basic opportunity has a 62% close propensity and has spent 0 days in Engaging, near the 0-day historical norm; prioritize a next-step check before forecast review."
E6DGJSDW,Anna Snelling,Dustin Brinkmann,Central,MG Special,Green-Plus,Prospecting,,0.6167911660756008,,,,False,0.24908574205085948,"Anna Snelling's MG Special opportunity has a 62% close propensity and has spent 0 days in Engaging, near the 0-day historical norm; prioritize a next-step check before forecast review."
BREOLQD9,Boris Faz,Rocco Neubert,East,MG Advanced,,Engaging,2017-11-16,0.6841409721772005,45.0,90.0,0.5,False,0.24905836808481968,"Boris Faz's MG Advanced opportunity has a 68% close propensity and has spent 45 days in Engaging, near the 90-day historical norm; prioritize a next-step check before forecast review."
YL29KX3L,Anna Snelling,Dustin Brinkmann,Central,GTX Plus Basic,Zumgoity,Prospecting,,0.6169428989488429,,,,False,0.24898711568325213,"Anna Snelling's GTX Plus Basic opportunity has a 62% close propensity and has spent 0 days in Engaging, near the 0-day historical norm; prioritize a next-step check before forecast review."
9PDR4X2R,Anna Snelling,Dustin Brinkmann,Central,GTX Plus Pro,Hatfan,Prospecting,,0.6169428989488429,,,,False,0.24898711568325213,"Anna Snelling's GTX Plus Pro opportunity has a 62% close propensity and has spent 0 days in Engaging, near the 0-day historical norm; prioritize a next-step check before forecast review."
IHKIAB1W,Darcel Schlecht,Melvin Marxen,Central,GTX Pro,Dontechi,Prospecting,,0.6169476084456514,,,,False,0.24898405451032657,"Darcel Schlecht's GTX Pro opportunity has a 62% close propensity and has spent 0 days in Engaging, near the 0-day historical norm; prioritize a next-step check before forecast review."
WE2CEE8A,Jonathan Berthelot,Melvin Marxen,Central,GTX Basic,Dontechi,Prospecting,,0.6169476084456514,,,,False,0.24898405451032657,"Jonathan Berthelot's GTX Basic opportunity has a 62% close propensity and has spent 0 days in Engaging, near the 0-day historical norm; prioritize a next-step check before forecast review."
9RGWSKNU,Gladys Colclough,Melvin Marxen,Central,GTX Plus Pro,Kan-code,Prospecting,,0.6179382801135072,,,,False,0.24834011792622035,"Gladys Colclough's GTX Plus Pro opportunity has a 62% close propensity and has spent 0 days in Engaging, near the 0-day historical norm; prioritize a next-step check before forecast review."
ZVO432VF,Marty Freudenburg,Melvin Marxen,Central,MG Special,Faxquote,Prospecting,,0.6184548682122376,,,,False,0.24800433566204558,"Marty Freudenburg's MG Special opportunity has a 62% close propensity and has spent 0 days in Engaging, near the 0-day historical norm; prioritize a next-step check before forecast review."
Y9EBNML6,Moses Frase,Dustin Brinkmann,Central,MG Advanced,Donquadtech,Prospecting,,0.6190570347731336,,,,False,0.24761292739746318,"Moses Frase's MG Advanced opportunity has a 62% close propensity and has spent 0 days in Engaging, near the 0-day historical norm; prioritize a next-step check before forecast review."
BUOI3TBI,Gladys Colclough,Melvin Marxen,Central,MG Special,Rundofase,Prospecting,,0.6190993919609463,,,,False,0.2475853952253849,"Gladys Colclough's MG Special opportunity has a 62% close propensity and has spent 0 days in Engaging, near the 0-day historical norm; prioritize a next-step check before forecast review."
E0S2ZL6X,Niesha Huffines,Melvin Marxen,Central,GTX Plus Basic,Streethex,Prospecting,,0.6192833442099107,,,,False,0.24746582626355804,"Niesha Huffines's GTX Plus Basic opportunity has a 62% close propensity and has spent 0 days in Engaging, near the 0-day historical norm; prioritize a next-step check before forecast review."
XT9QCG8T,Niesha Huffines,Melvin Marxen,Central,GTX Plus Basic,Zoomit,Prospecting,,0.6192833442099107,,,,False,0.24746582626355804,"Niesha Huffines's GTX Plus Basic opportunity has a 62% close propensity and has spent 0 days in Engaging, near the 0-day historical norm; prioritize a next-step check before forecast review."
2SZX9B7J,Cecily Lampkin,Dustin Brinkmann,Central,GTX Plus Pro,Sunnamplex,Prospecting,,0.6199233346588772,,,,False,0.24704983247172985,"Cecily Lampkin's GTX Plus Pro opportunity has a 62% close propensity and has spent 0 days in Engaging, near the 0-day historical norm; prioritize a next-step check before forecast review."
Z89NKUC7,Anna Snelling,Dustin Brinkmann,Central,MG Special,Plussunin,Prospecting,,0.6200219723091388,,,,False,0.2469857179990598,"Anna Snelling's MG Special opportunity has a 62% close propensity and has spent 0 days in Engaging, near the 0-day historical norm; prioritize a next-step check before forecast review."
47P0HBNM,Anna Snelling,Dustin Brinkmann,Central,MG Special,Plussunin,Prospecting,,0.6200219723091388,,,,False,0.2469857179990598,"Anna Snelling's MG Special opportunity has a 62% close propensity and has spent 0 days in Engaging, near the 0-day historical norm; prioritize a next-step check before forecast review."
UDAUS3DF,Anna Snelling,Dustin Brinkmann,Central,MG Special,Sonron,Prospecting,,0.6200219723091388,,,,False,0.2469857179990598,"Anna Snelling's MG Special opportunity has a 62% close propensity and has spent 0 days in Engaging, near the 0-day historical norm; prioritize a next-step check before forecast review."
4ENCEYPG,Anna Snelling,Dustin Brinkmann,Central,MG Special,,Prospecting,,0.6200219723091388,,,,False,0.2469857179990598,"Anna Snelling's MG Special opportunity has a 62% close propensity and has spent 0 days in Engaging, near the 0-day historical norm; prioritize a next-step check before forecast review."
EU4DPJGN,Anna Snelling,Dustin Brinkmann,Central,MG Special,,Prospecting,,0.6200219723091388,,,,False,0.2469857179990598,"Anna Snelling's MG Special opportunity has a 62% close propensity and has spent 0 days in Engaging, near the 0-day historical norm; prioritize a next-step check before forecast review."
426EL41A,Anna Snelling,Dustin Brinkmann,Central,MG Special,,Prospecting,,0.6200219723091388,,,,False,0.2469857179990598,"Anna Snelling's MG Special opportunity has a 62% close propensity and has spent 0 days in Engaging, near the 0-day historical norm; prioritize a next-step check before forecast review."
OXKLRULK,Anna Snelling,Dustin Brinkmann,Central,MG Special,,Prospecting,,0.6200219723091388,,,,False,0.2469857179990598,"Anna Snelling's MG Special opportunity has a 62% close propensity and has spent 0 days in Engaging, near the 0-day historical norm; prioritize a next-step check before forecast review."
D3ZJX20X,Anna Snelling,Dustin Brinkmann,Central,MG Special,,Prospecting,,0.6200219723091388,,,,False,0.2469857179990598,"Anna Snelling's MG Special opportunity has a 62% close propensity and has spent 0 days in Engaging, near the 0-day historical norm; prioritize a next-step check before forecast review."
V9JDJ861,Anna Snelling,Dustin Brinkmann,Central,MG Special,,Prospecting,,0.6200219723091388,,,,False,0.2469857179990598,"Anna Snelling's MG Special opportunity has a 62% close propensity and has spent 0 days in Engaging, near the 0-day historical norm; prioritize a next-step check before forecast review."
DYXD1AXO,Anna Snelling,Dustin Brinkmann,Central,MG Special,,Prospecting,,0.6200219723091388,,,,False,0.2469857179990598,"Anna Snelling's MG Special opportunity has a 62% close propensity and has spent 0 days in Engaging, near the 0-day historical norm; prioritize a next-step check before forecast review."
JSTHYUCD,Anna Snelling,Dustin Brinkmann,Central,MG Special,,Prospecting,,0.6200219723091388,,,,False,0.2469857179990598,"Anna Snelling's MG Special opportunity has a 62% close propensity and has spent 0 days in Engaging, near the 0-day historical norm; prioritize a next-step check before forecast review."
JC7DDV56,Anna Snelling,Dustin Brinkmann,Central,MG Special,,Prospecting,,0.6200219723091388,,,,False,0.2469857179990598,"Anna Snelling's MG Special opportunity has a 62% close propensity and has spent 0 days in Engaging, near the 0-day historical norm; prioritize a next-step check before forecast review."
ASDR6QEZ,Anna Snelling,Dustin Brinkmann,Central,MG Special,,Prospecting,,0.6200219723091388,,,,False,0.2469857179990598,"Anna Snelling's MG Special opportunity has a 62% close propensity and has spent 0 days in Engaging, near the 0-day historical norm; prioritize a next-step check before forecast review."
5ELMZN3E,Anna Snelling,Dustin Brinkmann,Central,MG Special,,Prospecting,,0.6200219723091388,,,,False,0.2469857179990598,"Anna Snelling's MG Special opportunity has a 62% close propensity and has spent 0 days in Engaging, near the 0-day historical norm; prioritize a next-step check before forecast review."
7Q90C2VN,Anna Snelling,Dustin Brinkmann,Central,MG Special,,Prospecting,,0.6200219723091388,,,,False,0.2469857179990598,"Anna Snelling's MG Special opportunity has a 62% close propensity and has spent 0 days in Engaging, near the 0-day historical norm; prioritize a next-step check before forecast review."
ZIMT5RQ2,Anna Snelling,Dustin Brinkmann,Central,MG Special,,Prospecting,,0.6200219723091388,,,,False,0.2469857179990598,"Anna Snelling's MG Special opportunity has a 62% close propensity and has spent 0 days in Engaging, near the 0-day historical norm; prioritize a next-step check before forecast review."
6QKBZAEQ,Versie Hillebrand,Dustin Brinkmann,Central,MG Special,,Prospecting,,0.6200219723091388,,,,False,0.2469857179990598,"Versie Hillebrand's MG Special opportunity has a 62% close propensity and has spent 0 days in Engaging, near the 0-day historical norm; prioritize a next-step check before forecast review."
5P4OCP0Q,Versie Hillebrand,Dustin Brinkmann,Central,MG Special,,Prospecting,,0.6200219723091388,,,,False,0.2469857179990598,"Versie Hillebrand's MG Special opportunity has a 62% close propensity and has spent 0 days in Engaging, near the 0-day historical norm; prioritize a next-step check before forecast review."
E54FFQBM,Versie Hillebrand,Dustin Brinkmann,Central,MG Special,,Prospecting,,0.6200219723091388,,,,False,0.2469857179990598,"Versie Hillebrand's MG Special opportunity has a 62% close propensity and has spent 0 days in Engaging, near the 0-day historical norm; prioritize a next-step check before forecast review."
8GNSME5U,Versie Hillebrand,Dustin Brinkmann,Central,MG Special,,Prospecting,,0.6200219723091388,,,,False,0.2469857179990598,"Versie Hillebrand's MG Special opportunity has a 62% close propensity and has spent 0 days in Engaging, near the 0-day historical norm; prioritize a next-step check before forecast review."
5697WKA6,Versie Hillebrand,Dustin Brinkmann,Central,MG Special,,Prospecting,,0.6200219723091388,,,,False,0.2469857179990598,"Versie Hillebrand's MG Special opportunity has a 62% close propensity and has spent 0 days in Engaging, near the 0-day historical norm; prioritize a next-step check before forecast review."
A5DN7SE1,Versie Hillebrand,Dustin Brinkmann,Central,MG Special,,Prospecting,,0.6200219723091388,,,,False,0.2469857179990598,"Versie Hillebrand's MG Special opportunity has a 62% close propensity and has spent 0 days in Engaging, near the 0-day historical norm; prioritize a next-step check before forecast review."
DGI6CB5K,Versie Hillebrand,Dustin Brinkmann,Central,MG Special,,Prospecting,,0.6200219723091388,,,,False,0.2469857179990598,"Versie Hillebrand's MG Special opportunity has a 62% close propensity and has spent 0 days in Engaging, near the 0-day historical norm; prioritize a next-step check before forecast review."
MTH7D617,Versie Hillebrand,Dustin Brinkmann,Central,MG Special,,Prospecting,,0.6200219723091388,,,,False,0.2469857179990598,"Versie Hillebrand's MG Special opportunity has a 62% close propensity and has spent 0 days in Engaging, near the 0-day historical norm; prioritize a next-step check before forecast review."
S6BD2RV6,Versie Hillebrand,Dustin Brinkmann,Central,MG Special,,Prospecting,,0.6200219723091388,,,,False,0.2469857179990598,"Versie Hillebrand's MG Special opportunity has a 62% close propensity and has spent 0 days in Engaging, near the 0-day historical norm; prioritize a next-step check before forecast review."
P43NZA0V,Versie Hillebrand,Dustin Brinkmann,Central,MG Special,,Prospecting,,0.6200219723091388,,,,False,0.2469857179990598,"Versie Hillebrand's MG Special opportunity has a 62% close propensity and has spent 0 days in Engaging, near the 0-day historical norm; prioritize a next-step check before forecast review."
TFPZNRS3,Versie Hillebrand,Dustin Brinkmann,Central,MG Special,,Prospecting,,0.6200219723091388,,,,False,0.2469857179990598,"Versie Hillebrand's MG Special opportunity has a 62% close propensity and has spent 0 days in Engaging, near the 0-day historical norm; prioritize a next-step check before forecast review."
SPTF1MZ4,Versie Hillebrand,Dustin Brinkmann,Central,MG Special,,Prospecting,,0.6200219723091388,,,,False,0.2469857179990598,"Versie Hillebrand's MG Special opportunity has a 62% close propensity and has spent 0 days in Engaging, near the 0-day historical norm; prioritize a next-step check before forecast review."
WI5RHGX9,Versie Hillebrand,Dustin Brinkmann,Central,MG Special,,Prospecting,,0.6200219723091388,,,,False,0.2469857179990598,"Versie Hillebrand's MG Special opportunity has a 62% close propensity and has spent 0 days in Engaging, near the 0-day historical norm; prioritize a next-step check before forecast review."
WAT7H38N,Versie Hillebrand,Dustin Brinkmann,Central,MG Special,,Prospecting,,0.6200219723091388,,,,False,0.2469857179990598,"Versie Hillebrand's MG Special opportunity has a 62% close propensity and has spent 0 days in Engaging, near the 0-day historical norm; prioritize a next-step check before forecast review."
1FAU5C6V,Versie Hillebrand,Dustin Brinkmann,Central,MG Special,,Prospecting,,0.6200219723091388,,,,False,0.2469857179990598,"Versie Hillebrand's MG Special opportunity has a 62% close propensity and has spent 0 days in Engaging, near the 0-day historical norm; prioritize a next-step check before forecast review."
Q5RRTVJK,Versie Hillebrand,Dustin Brinkmann,Central,MG Special,,Prospecting,,0.6200219723091388,,,,False,0.2469857179990598,"Versie Hillebrand's MG Special opportunity has a 62% close propensity and has spent 0 days in Engaging, near the 0-day historical norm; prioritize a next-step check before forecast review."
KIOF5EM0,Versie Hillebrand,Dustin Brinkmann,Central,MG Special,,Prospecting,,0.6200219723091388,,,,False,0.2469857179990598,"Versie Hillebrand's MG Special opportunity has a 62% close propensity and has spent 0 days in Engaging, near the 0-day historical norm; prioritize a next-step check before forecast review."
SH4FSTJV,Versie Hillebrand,Dustin Brinkmann,Central,MG Special,,Prospecting,,0.6200219723091388,,,,False,0.2469857179990598,"Versie Hillebrand's MG Special opportunity has a 62% close propensity and has spent 0 days in Engaging, near the 0-day historical norm; prioritize a next-step check before forecast review."
AV50UWVV,Versie Hillebrand,Dustin Brinkmann,Central,MG Special,,Prospecting,,0.6200219723091388,,,,False,0.2469857179990598,"Versie Hillebrand's MG Special opportunity has a 62% close propensity and has spent 0 days in Engaging, near the 0-day historical norm; prioritize a next-step check before forecast review."
KAZ72JJ0,Versie Hillebrand,Dustin Brinkmann,Central,MG Special,,Prospecting,,0.6200219723091388,,,,False,0.2469857179990598,"Versie Hillebrand's MG Special opportunity has a 62% close propensity and has spent 0 days in Engaging, near the 0-day historical norm; prioritize a next-step check before forecast review."
QVWEPN6J,Versie Hillebrand,Dustin Brinkmann,Central,MG Special,,Prospecting,,0.6200219723091388,,,,False,0.2469857179990598,"Versie Hillebrand's MG Special opportunity has a 62% close propensity and has spent 0 days in Engaging, near the 0-day historical norm; prioritize a next-step check before forecast review."
JD7ACALY,Versie Hillebrand,Dustin Brinkmann,Central,MG Special,,Prospecting,,0.6200219723091388,,,,False,0.2469857179990598,"Versie Hillebrand's MG Special opportunity has a 62% close propensity and has spent 0 days in Engaging, near the 0-day historical norm; prioritize a next-step check before forecast review."
NSGU1K3N,Versie Hillebrand,Dustin Brinkmann,Central,MG Special,,Prospecting,,0.6200219723091388,,,,False,0.2469857179990598,"Versie Hillebrand's MG Special opportunity has a 62% close propensity and has spent 0 days in Engaging, near the 0-day historical norm; prioritize a next-step check before forecast review."
UK00OVV2,Versie Hillebrand,Dustin Brinkmann,Central,MG Special,,Prospecting,,0.6200219723091388,,,,False,0.2469857179990598,"Versie Hillebrand's MG Special opportunity has a 62% close propensity and has spent 0 days in Engaging, near the 0-day historical norm; prioritize a next-step check before forecast review."
DWGARGA2,Versie Hillebrand,Dustin Brinkmann,Central,MG Special,,Prospecting,,0.6200219723091388,,,,False,0.2469857179990598,"Versie Hillebrand's MG Special opportunity has a 62% close propensity and has spent 0 days in Engaging, near the 0-day historical norm; prioritize a next-step check before forecast review."
A4M34F8C,Versie Hillebrand,Dustin Brinkmann,Central,MG Special,,Prospecting,,0.6200219723091388,,,,False,0.2469857179990598,"Versie Hillebrand's MG Special opportunity has a 62% close propensity and has spent 0 days in Engaging, near the 0-day historical norm; prioritize a next-step check before forecast review."
DOP1NORG,Gladys Colclough,Melvin Marxen,Central,MG Special,Plexzap,Prospecting,,0.6209639569658912,,,,False,0.2463734279721707,"Gladys Colclough's MG Special opportunity has a 62% close propensity and has spent 0 days in Engaging, near the 0-day historical norm; prioritize a next-step check before forecast review."
D8ZJ6F45,Gladys Colclough,Melvin Marxen,Central,MG Special,Yearin,Prospecting,,0.6209639569658912,,,,False,0.2463734279721707,"Gladys Colclough's MG Special opportunity has a 62% close propensity and has spent 0 days in Engaging, near the 0-day historical norm; prioritize a next-step check before forecast review."
CLPDG9BG,Moses Frase,Dustin Brinkmann,Central,MG Special,Yearin,Prospecting,,0.6211214400934505,,,,False,0.24627106393925718,"Moses Frase's MG Special opportunity has a 62% close propensity and has spent 0 days in Engaging, near the 0-day historical norm; prioritize a next-step check before forecast review."
UMD1BA4S,Anna Snelling,Dustin Brinkmann,Central,MG Special,Ganjaflex,Prospecting,,0.6213279845520191,,,,False,0.2461368100411876,"Anna Snelling's MG Special opportunity has a 62% close propensity and has spent 0 days in Engaging, near the 0-day historical norm; prioritize a next-step check before forecast review."
4H8GZ075,Anna Snelling,Dustin Brinkmann,Central,MG Special,Scotfind,Prospecting,,0.6213279845520191,,,,False,0.2461368100411876,"Anna Snelling's MG Special opportunity has a 62% close propensity and has spent 0 days in Engaging, near the 0-day historical norm; prioritize a next-step check before forecast review."
QR63ME8L,Cecily Lampkin,Dustin Brinkmann,Central,GTX Basic,,Prospecting,,0.6213953797858658,,,,False,0.24609300313918725,"Cecily Lampkin's GTX Basic opportunity has a 62% close propensity and has spent 0 days in Engaging, near the 0-day historical norm; prioritize a next-step check before forecast review."
I79B9KJ2,Cecily Lampkin,Dustin Brinkmann,Central,GTX Plus Basic,,Prospecting,,0.6213953797858658,,,,False,0.24609300313918725,"Cecily Lampkin's GTX Plus Basic opportunity has a 62% close propensity and has spent 0 days in Engaging, near the 0-day historical norm; prioritize a next-step check before forecast review."
LABZ0UGB,Cecily Lampkin,Dustin Brinkmann,Central,GTX Plus Basic,,Prospecting,,0.6213953797858658,,,,False,0.24609300313918725,"Cecily Lampkin's GTX Plus Basic opportunity has a 62% close propensity and has spent 0 days in Engaging, near the 0-day historical norm; prioritize a next-step check before forecast review."
3R4W7ZVY,Cecily Lampkin,Dustin Brinkmann,Central,GTX Plus Basic,,Prospecting,,0.6213953797858658,,,,False,0.24609300313918725,"Cecily Lampkin's GTX Plus Basic opportunity has a 62% close propensity and has spent 0 days in Engaging, near the 0-day historical norm; prioritize a next-step check before forecast review."
0ZG6U7MQ,Cecily Lampkin,Dustin Brinkmann,Central,GTX Plus Pro,,Prospecting,,0.6213953797858658,,,,False,0.24609300313918725,"Cecily Lampkin's GTX Plus Pro opportunity has a 62% close propensity and has spent 0 days in Engaging, near the 0-day historical norm; prioritize a next-step check before forecast review."
KQPNPH8A,Cecily Lampkin,Dustin Brinkmann,Central,GTX Plus Pro,,Prospecting,,0.6213953797858658,,,,False,0.24609300313918725,"Cecily Lampkin's GTX Plus Pro opportunity has a 62% close propensity and has spent 0 days in Engaging, near the 0-day historical norm; prioritize a next-step check before forecast review."
SGI0VM1F,Cecily Lampkin,Dustin Brinkmann,Central,GTX Plus Pro,,Prospecting,,0.6213953797858658,,,,False,0.24609300313918725,"Cecily Lampkin's GTX Plus Pro opportunity has a 62% close propensity and has spent 0 days in Engaging, near the 0-day historical norm; prioritize a next-step check before forecast review."
38K5251H,Cecily Lampkin,Dustin Brinkmann,Central,GTX Basic,Fasehatice,Prospecting,,0.6216909494331568,,,,False,0.24590088286844808,"Cecily Lampkin's GTX Basic opportunity has a 62% close propensity and has spent 0 days in Engaging, near the 0-day historical norm; prioritize a next-step check before forecast review."
RKP2DVSU,Niesha Huffines,Melvin Marxen,Central,MG Special,Hottechi,Prospecting,,0.6222857285725388,,,,False,0.24551427642784976,"Niesha Huffines's MG Special opportunity has a 62% close propensity and has spent 0 days in Engaging, near the 0-day historical norm; prioritize a next-step check before forecast review."
TR7WLH5Q,Darcel Schlecht,Melvin Marxen,Central,MG Special,,Prospecting,,0.6229909191520111,,,,False,0.2450559025511928,"Darcel Schlecht's MG Special opportunity has a 62% close propensity and has spent 0 days in Engaging, near the 0-day historical norm; prioritize a next-step check before forecast review."
M64OQCC3,Darcel Schlecht,Melvin Marxen,Central,MG Special,,Prospecting,,0.6229909191520111,,,,False,0.2450559025511928,"Darcel Schlecht's MG Special opportunity has a 62% close propensity and has spent 0 days in Engaging, near the 0-day historical norm; prioritize a next-step check before forecast review."
WR9CQB8E,Darcel Schlecht,Melvin Marxen,Central,MG Special,,Prospecting,,0.6229909191520111,,,,False,0.2450559025511928,"Darcel Schlecht's MG Special opportunity has a 62% close propensity and has spent 0 days in Engaging, near the 0-day historical norm; prioritize a next-step check before forecast review."
TWWD62O3,Darcel Schlecht,Melvin Marxen,Central,MG Special,,Prospecting,,0.6229909191520111,,,,False,0.2450559025511928,"Darcel Schlecht's MG Special opportunity has a 62% close propensity and has spent 0 days in Engaging, near the 0-day historical norm; prioritize a next-step check before forecast review."
7CZU8GS1,Darcel Schlecht,Melvin Marxen,Central,MG Special,,Prospecting,,0.6229909191520111,,,,False,0.2450559025511928,"Darcel Schlecht's MG Special opportunity has a 62% close propensity and has spent 0 days in Engaging, near the 0-day historical norm; prioritize a next-step check before forecast review."
APXWBOOT,Darcel Schlecht,Melvin Marxen,Central,MG Special,,Prospecting,,0.6229909191520111,,,,False,0.2450559025511928,"Darcel Schlecht's MG Special opportunity has a 62% close propensity and has spent 0 days in Engaging, near the 0-day historical norm; prioritize a next-step check before forecast review."
7N6AHU7C,Darcel Schlecht,Melvin Marxen,Central,MG Special,,Prospecting,,0.6229909191520111,,,,False,0.2450559025511928,"Darcel Schlecht's MG Special opportunity has a 62% close propensity and has spent 0 days in Engaging, near the 0-day historical norm; prioritize a next-step check before forecast review."
GEQ8IGKW,Darcel Schlecht,Melvin Marxen,Central,GTX Pro,Finjob,Prospecting,,0.6246489076219557,,,,False,0.2439782100457288,"Darcel Schlecht's GTX Pro opportunity has a 62% close propensity and has spent 0 days in Engaging, near the 0-day historical norm; prioritize a next-step check before forecast review."
LEJWV2Y5,Darcel Schlecht,Melvin Marxen,Central,GTX Basic,Donquadtech,Prospecting,,0.6248902373976972,,,,False,0.24382134569149683,"Darcel Schlecht's GTX Basic opportunity has a 62% close propensity and has spent 0 days in Engaging, near the 0-day historical norm; prioritize a next-step check before forecast review."
8XE8GGIW,Darcel Schlecht,Melvin Marxen,Central,GTX Pro,Donquadtech,Prospecting,,0.6248902373976972,,,,False,0.24382134569149683,"Darcel Schlecht's GTX Pro opportunity has a 62% close propensity and has spent 0 days in Engaging, near the 0-day historical norm; prioritize a next-step check before forecast review."
YYMKOAVY,Marty Freudenburg,Melvin Marxen,Central,GTX Plus Basic,Donquadtech,Prospecting,,0.6248902373976972,,,,False,0.24382134569149683,"Marty Freudenburg's GTX Plus Basic opportunity has a 62% close propensity and has spent 0 days in Engaging, near the 0-day historical norm; prioritize a next-step check before forecast review."
6JBM1ZKO,Vicki Laflamme,Celia Rouche,West,GTX Pro,,Engaging,2017-11-09,0.7107737032735534,52.0,82.0,0.6341463414634146,False,0.24348489775023907,"Vicki Laflamme's GTX Pro opportunity has a 71% close propensity and has spent 52 days in Engaging, near the 82-day historical norm; prioritize a next-step check before forecast review."
52V1RWCZ,Moses Frase,Dustin Brinkmann,Central,GTX Basic,Stanredtax,Prospecting,,0.6257398626452251,,,,False,0.2432690892806037,"Moses Frase's GTX Basic opportunity has a 63% close propensity and has spent 0 days in Engaging, near the 0-day historical norm; prioritize a next-step check before forecast review."
R8V3ALA8,Darcel Schlecht,Melvin Marxen,Central,GTX Basic,Konmatfix,Prospecting,,0.6262233831618805,,,,False,0.24295480094477767,"Darcel Schlecht's GTX Basic opportunity has a 63% close propensity and has spent 0 days in Engaging, near the 0-day historical norm; prioritize a next-step check before forecast review."
BV75OM0B,Darcel Schlecht,Melvin Marxen,Central,GTX Pro,Rundofase,Prospecting,,0.6262233831618805,,,,False,0.24295480094477767,"Darcel Schlecht's GTX Pro opportunity has a 63% close propensity and has spent 0 days in Engaging, near the 0-day historical norm; prioritize a next-step check before forecast review."
ZGTCQT1A,Darcel Schlecht,Melvin Marxen,Central,GTX Pro,Rundofase,Prospecting,,0.6262233831618805,,,,False,0.24295480094477767,"Darcel Schlecht's GTX Pro opportunity has a 63% close propensity and has spent 0 days in Engaging, near the 0-day historical norm; prioritize a next-step check before forecast review."
D01U08PR,Darcel Schlecht,Melvin Marxen,Central,GTX Pro,Zumgoity,Prospecting,,0.6262233831618805,,,,False,0.24295480094477767,"Darcel Schlecht's GTX Pro opportunity has a 63% close propensity and has spent 0 days in Engaging, near the 0-day historical norm; prioritize a next-step check before forecast review."
YMI68O7S,Marty Freudenburg,Melvin Marxen,Central,GTX Plus Basic,Zumgoity,Prospecting,,0.6262233831618805,,,,False,0.24295480094477767,"Marty Freudenburg's GTX Plus Basic opportunity has a 63% close propensity and has spent 0 days in Engaging, near the 0-day historical norm; prioritize a next-step check before forecast review."
EG7S6ZOI,Marty Freudenburg,Melvin Marxen,Central,GTX Pro,Konmatfix,Prospecting,,0.6262233831618805,,,,False,0.24295480094477767,"Marty Freudenburg's GTX Pro opportunity has a 63% close propensity and has spent 0 days in Engaging, near the 0-day historical norm; prioritize a next-step check before forecast review."
6WNENPQM,Versie Hillebrand,Dustin Brinkmann,Central,MG Special,Goodsilron,Prospecting,,0.6270898663816955,,,,False,0.24239158685189793,"Versie Hillebrand's MG Special opportunity has a 63% close propensity and has spent 0 days in Engaging, near the 0-day historical norm; prioritize a next-step check before forecast review."
XETF5BVH,Darcel Schlecht,Melvin Marxen,Central,GTX Plus Pro,Finjob,Prospecting,,0.627581202616773,,,,False,0.24207221829909759,"Darcel Schlecht's GTX Plus Pro opportunity has a 63% close propensity and has spent 0 days in Engaging, near the 0-day historical norm; prioritize a next-step check before forecast review."
MNCY3CKD,Niesha Huffines,Melvin Marxen,Central,GTX Plus Basic,Nam-zim,Prospecting,,0.6290105440577168,,,,False,0.24114314636248407,"Niesha Huffines's GTX Plus Basic opportunity has a 63% close propensity and has spent 0 days in Engaging, near the 0-day historical norm; prioritize a next-step check before forecast review."
CVMNBKGH,Darcel Schlecht,Melvin Marxen,Central,GTX Plus Pro,Hatfan,Prospecting,,0.6291506805644267,,,,False,0.24105205763312265,"Darcel Schlecht's GTX Plus Pro opportunity has a 63% close propensity and has spent 0 days in Engaging, near the 0-day historical norm; prioritize a next-step check before forecast review."
TLZGG7G5,Cecily Lampkin,Dustin Brinkmann,Central,MG Special,Conecom,Prospecting,,0.6294153227505089,,,,False,0.2408800402121692,"Cecily Lampkin's MG Special opportunity has a 63% close propensity and has spent 0 days in Engaging, near the 0-day historical norm; prioritize a next-step check before forecast review."
9BM1CGBV,Cecily Lampkin,Dustin Brinkmann,Central,MG Special,Sumace,Prospecting,,0.6294153227505089,,,,False,0.2408800402121692,"Cecily Lampkin's MG Special opportunity has a 63% close propensity and has spent 0 days in Engaging, near the 0-day historical norm; prioritize a next-step check before forecast review."
ZQRBJVZF,Anna Snelling,Dustin Brinkmann,Central,MG Special,Dontechi,Prospecting,,0.6301246066300182,,,,False,0.24041900569048816,"Anna Snelling's MG Special opportunity has a 63% close propensity and has spent 0 days in Engaging, near the 0-day historical norm; prioritize a next-step check before forecast review."
WJO52I18,Cassey Cress,Rocco Neubert,East,GTX Pro,Inity,Engaging,2017-11-04,0.729996883444432,57.0,79.0,0.7215189873417721,False,0.23863493715352424,"Cassey Cress's GTX Pro opportunity has a 73% close propensity and has spent 57 days in Engaging, near the 79-day historical norm; prioritize a next-step check before forecast review."
DW5BQ220,Anna Snelling,Dustin Brinkmann,Central,MG Special,Zoomit,Prospecting,,0.6329781199193392,,,,False,0.23856422205242955,"Anna Snelling's MG Special opportunity has a 63% close propensity and has spent 0 days in Engaging, near the 0-day historical norm; prioritize a next-step check before forecast review."
DDHNCZMO,Niesha Huffines,Melvin Marxen,Central,GTX Plus Pro,Konex,Prospecting,,0.6332570416552976,,,,False,0.23838292292405655,"Niesha Huffines's GTX Plus Pro opportunity has a 63% close propensity and has spent 0 days in Engaging, near the 0-day historical norm; prioritize a next-step check before forecast review."
ZHPJ73Q6,Versie Hillebrand,Dustin Brinkmann,Central,GTX Basic,Inity,Prospecting,,0.6346605168532001,,,,False,0.23747066404541992,"Versie Hillebrand's GTX Basic opportunity has a 63% close propensity and has spent 0 days in Engaging, near the 0-day historical norm; prioritize a next-step check before forecast review."
GSBUIL1E,Cecily Lampkin,Dustin Brinkmann,Central,MG Special,,Prospecting,,0.6354539815603127,,,,False,0.2369549119857967,"Cecily Lampkin's MG Special opportunity has a 64% close propensity and has spent 0 days in Engaging, near the 0-day historical norm; prioritize a next-step check before forecast review."
9F9NDO41,Cecily Lampkin,Dustin Brinkmann,Central,MG Special,,Prospecting,,0.6354539815603127,,,,False,0.2369549119857967,"Cecily Lampkin's MG Special opportunity has a 64% close propensity and has spent 0 days in Engaging, near the 0-day historical norm; prioritize a next-step check before forecast review."
LO8L5ELD,Darcel Schlecht,Melvin Marxen,Central,GTX Pro,Inity,Prospecting,,0.6356043165751064,,,,False,0.23685719422618084,"Darcel Schlecht's GTX Pro opportunity has a 64% close propensity and has spent 0 days in Engaging, near the 0-day historical norm; prioritize a next-step check before forecast review."
QD7MU7DD,Rosie Papadopoulos,Cara Losch,East,GTX Pro,,Engaging,2017-11-05,0.7313765783588373,56.0,79.0,0.7088607594936709,False,0.23663054052245197,"Rosie Papadopoulos's GTX Pro opportunity has a 73% close propensity and has spent 56 days in Engaging, near the 79-day historical norm; prioritize a next-step check before forecast review."
I5VHXAWW,Boris Faz,Rocco Neubert,East,GTX Plus Pro,Bluth Company,Engaging,2017-11-06,0.726818656995598,55.0,82.0,0.6707317073170732,False,0.2362568973431052,"Boris Faz's GTX Plus Pro opportunity has a 73% close propensity and has spent 55 days in Engaging, near the 82-day historical norm; prioritize a next-step check before forecast review."
C2FSIMZP,Corliss Cosme,Cara Losch,East,GTX Pro,,Engaging,2017-11-07,0.7303439191482698,54.0,79.0,0.6835443037974683,False,0.2350865791359031,"Corliss Cosme's GTX Pro opportunity has a 73% close propensity and has spent 54 days in Engaging, near the 79-day historical norm; prioritize a next-step check before forecast review."
VW8CEV4C,Versie Hillebrand,Dustin Brinkmann,Central,MG Special,Konmatfix,Prospecting,,0.6398137137792935,,,,False,0.23412108604345921,"Versie Hillebrand's MG Special opportunity has a 64% close propensity and has spent 0 days in Engaging, near the 0-day historical norm; prioritize a next-step check before forecast review."
ROM4I2T0,Versie Hillebrand,Dustin Brinkmann,Central,MG Special,Rundofase,Prospecting,,0.6398137137792935,,,,False,0.23412108604345921,"Versie Hillebrand's MG Special opportunity has a 64% close propensity and has spent 0 days in Engaging, near the 0-day historical norm; prioritize a next-step check before forecast review."
JHNDPI2N,Anna Snelling,Dustin Brinkmann,Central,MG Special,J-Texon,Prospecting,,0.64042644258006,,,,False,0.23372281232296102,"Anna Snelling's MG Special opportunity has a 64% close propensity and has spent 0 days in Engaging, near the 0-day historical norm; prioritize a next-step check before forecast review."
7XRWWM0X,Kami Bicknell,Summer Sewald,West,MG Special,Scotfind,Engaging,2017-11-15,0.714502982715982,46.0,84.25,0.5459940652818991,False,0.23334754194677787,"Kami Bicknell's MG Special opportunity has a 71% close propensity and has spent 46 days in Engaging, near the 84-day historical norm; prioritize a next-step check before forecast review."
T3T4OE0A,Niesha Huffines,Melvin Marxen,Central,MG Special,Konex,Prospecting,,0.6415244522066925,,,,False,0.23300910606564987,"Niesha Huffines's MG Special opportunity has a 64% close propensity and has spent 0 days in Engaging, near the 0-day historical norm; prioritize a next-step check before forecast review."
IBB0VGUN,Cassey Cress,Rocco Neubert,East,MG Special,,Engaging,2017-11-05,0.7302132860784423,56.0,85.0,0.6588235294117647,False,0.23300842287254195,"Cassey Cress's MG Special opportunity has a 73% close propensity and has spent 56 days in Engaging, near the 85-day historical norm; prioritize a next-step check before forecast review."
E1LFK6E3,Kami Bicknell,Summer Sewald,West,GTX Basic,,Engaging,2017-11-03,0.73600554972183,58.0,83.0,0.6987951807228916,False,0.23274097099406355,"Kami Bicknell's GTX Basic opportunity has a 74% close propensity and has spent 58 days in Engaging, near the 83-day historical norm; prioritize a next-step check before forecast review."
8NI8O26G,Cecily Lampkin,Dustin Brinkmann,Central,MG Special,Goodsilron,Prospecting,,0.6424003836073555,,,,False,0.2324397506552189,"Cecily Lampkin's MG Special opportunity has a 64% close propensity and has spent 0 days in Engaging, near the 0-day historical norm; prioritize a next-step check before forecast review."
10ALJD82,Anna Snelling,Dustin Brinkmann,Central,MG Special,Nam-zim,Prospecting,,0.6425573787238003,,,,False,0.23233770382952984,"Anna Snelling's MG Special opportunity has a 64% close propensity and has spent 0 days in Engaging, near the 0-day historical norm; prioritize a next-step check before forecast review."
MA56XGWR,Daniell Hammack,Rocco Neubert,East,GTX Basic,Iselectrics,Engaging,2017-11-05,0.7299348330680486,56.0,87.0,0.6436781609195402,False,0.23186419758622817,"Daniell Hammack's GTX Basic opportunity has a 73% close propensity and has spent 56 days in Engaging, near the 87-day historical norm; prioritize a next-step check before forecast review."
GI94RTL5,Anna Snelling,Dustin Brinkmann,Central,MG Special,Labdrill,Prospecting,,0.6434491748069843,,,,False,0.23175803637546022,"Anna Snelling's MG Special opportunity has a 64% close propensity and has spent 0 days in Engaging, near the 0-day historical norm; prioritize a next-step check before forecast review."
RN67OVFW,Zane Levy,Summer Sewald,West,GTX Basic,,Engaging,2017-11-04,0.73600554972183,57.0,83.0,0.6867469879518072,False,0.23168675412659367,"Zane Levy's GTX Basic opportunity has a 74% close propensity and has spent 57 days in Engaging, near the 83-day historical norm; prioritize a next-step check before forecast review."
854QZNWK,Violet Mclelland,Cara Losch,East,MG Special,,Engaging,2017-11-01,0.7386182543856327,60.0,85.0,0.7058823529411765,False,0.23166284053169173,"Violet Mclelland's MG Special opportunity has a 74% close propensity and has spent 60 days in Engaging, near the 85-day historical norm; prioritize a next-step check before forecast review."
46UHJGY0,Corliss Cosme,Cara Losch,East,MG Special,,Engaging,2017-11-02,0.7383139314996412,59.0,85.0,0.6941176470588235,False,0.23083123864288027,"Corliss Cosme's MG Special opportunity has a 74% close propensity and has spent 59 days in Engaging, near the 85-day historical norm; prioritize a next-step check before forecast review."
0KWYQTQQ,Rosalina Dieter,Celia Rouche,West,MG Special,,Engaging,2017-11-10,0.7266614446100451,51.0,84.25,0.6053412462908012,False,0.2306374200539158,"Rosalina Dieter's MG Special opportunity has a 73% close propensity and has spent 51 days in Engaging, near the 84-day historical norm; prioritize a next-step check before forecast review."
PV3TH2FF,Vicki Laflamme,Celia Rouche,West,MG Special,,Engaging,2017-11-23,0.7060995549423866,38.0,84.25,0.45103857566765576,False,0.23050116465836856,"Vicki Laflamme's MG Special opportunity has a 71% close propensity and has spent 38 days in Engaging, near the 84-day historical norm; prioritize a next-step check before forecast review."
NNNEMOZ5,James Ascencio,Summer Sewald,West,GTX Plus Pro,,Engaging,2017-11-05,0.7362462084049073,56.0,84.0,0.6666666666666666,False,0.22977329787014358,"James Ascencio's GTX Plus Pro opportunity has a 74% close propensity and has spent 56 days in Engaging, near the 84-day historical norm; prioritize a next-step check before forecast review."
W4XB23IP,Boris Faz,Rocco Neubert,East,GTX Basic,,Engaging,2017-11-09,0.7276143061748106,52.0,87.0,0.5977011494252874,False,0.22934955156108577,"Boris Faz's GTX Basic opportunity has a 73% close propensity and has spent 52 days in Engaging, near the 87-day historical norm; prioritize a next-step check before forecast review."
1BW8S7JD,Violet Mclelland,Cara Losch,East,MG Special,,Engaging,2017-11-06,0.7375382625323048,55.0,85.0,0.6470588235294118,False,0.2272177764128254,"Violet Mclelland's MG Special opportunity has a 74% close propensity and has spent 55 days in Engaging, near the 85-day historical norm; prioritize a next-step check before forecast review."
NXXKM7C7,Daniell Hammack,Rocco Neubert,East,GTX Plus Basic,Cancity,Engaging,2017-11-14,0.726818656995598,47.0,86.0,0.5465116279069767,False,0.22538764039472176,"Daniell Hammack's GTX Plus Basic opportunity has a 73% close propensity and has spent 47 days in Engaging, near the 86-day historical norm; prioritize a next-step check before forecast review."
PMK11X5L,Wilburn Farren,Cara Losch,East,GTX Plus Basic,,Engaging,2017-11-08,0.7369455798818952,53.0,86.0,0.6162790697674418,False,0.22490979168141925,"Wilburn Farren's GTX Plus Basic opportunity has a 74% close propensity and has spent 53 days in Engaging, near the 86-day historical norm; prioritize a next-step check before forecast review."
DS5HZHDA,Cecily Lampkin,Dustin Brinkmann,Central,MG Special,Betatech,Prospecting,,0.657579614116649,,,,False,0.22257325082417814,"Cecily Lampkin's MG Special opportunity has a 66% close propensity and has spent 0 days in Engaging, near the 0-day historical norm; prioritize a next-step check before forecast review."
J962I0KG,Cassey Cress,Rocco Neubert,East,GTX Plus Basic,,Engaging,2017-11-20,0.726818656995598,41.0,86.0,0.47674418604651164,False,0.21928298923193107,"Cassey Cress's GTX Plus Basic opportunity has a 73% close propensity and has spent 41 days in Engaging, near the 86-day historical norm; prioritize a next-step check before forecast review."
T7N0RX05,Maureen Marcano,Summer Sewald,West,GTX Plus Pro,,Engaging,2017-11-04,0.7626815140861797,57.0,84.0,0.6785714285714286,False,0.21363201584398323,"Maureen Marcano's GTX Plus Pro opportunity has a 76% close propensity and has spent 57 days in Engaging, near the 84-day historical norm; prioritize a next-step check before forecast review."
7S8SLZDY,Rosalina Dieter,Celia Rouche,West,MG Special,,Engaging,2017-11-27,0.7258640607384198,34.0,84.25,0.4035608308605341,False,0.21349993322032385,"Rosalina Dieter's MG Special opportunity has a 73% close propensity and has spent 34 days in Engaging, near the 84-day historical norm; prioritize a next-step check before forecast review."
PQ84ANKD,Violet Mclelland,Cara Losch,East,MG Special,,Engaging,2017-11-20,0.7375382625323048,41.0,85.0,0.4823529411764706,False,0.21280601170694305,"Violet Mclelland's MG Special opportunity has a 74% close propensity and has spent 41 days in Engaging, near the 85-day historical norm; prioritize a next-step check before forecast review."
J1G2SZKD,Zane Levy,Summer Sewald,West,GTX Basic,Goodsilron,Engaging,2017-11-22,0.7363115983331777,39.0,83.0,0.46987951807228917,False,0.2125119189147598,"Zane Levy's GTX Basic opportunity has a 74% close propensity and has spent 39 days in Engaging, near the 83-day historical norm; prioritize a next-step check before forecast review."
L8XNQONA,Zane Levy,Summer Sewald,West,GTX Basic,Inity,Engaging,2017-11-27,0.7368393706395829,34.0,83.0,0.40963855421686746,False,0.206897782578247,"Zane Levy's GTX Basic opportunity has a 74% close propensity and has spent 34 days in Engaging, near the 83-day historical norm; prioritize a next-step check before forecast review."
K9KGXL2E,Markita Hansen,Celia Rouche,West,MG Advanced,Lexiqvolax,Engaging,2017-12-13,0.7132940949935526,18.0,80.0,0.225,False,0.20604633825419083,"Markita Hansen's MG Advanced opportunity has a 71% close propensity and has spent 18 days in Engaging, near the 80-day historical norm; prioritize a next-step check before forecast review."
4ZQTMS3Z,Violet Mclelland,Cara Losch,East,MG Special,Kan-code,Engaging,2017-11-23,0.7449953745737148,38.0,85.0,0.4470588235294118,False,0.20487065358590892,"Violet Mclelland's MG Special opportunity has a 74% close propensity and has spent 38 days in Engaging, near the 85-day historical norm; prioritize a next-step check before forecast review."
GQDS81G1,Corliss Cosme,Cara Losch,East,GTX Plus Pro,,Engaging,2017-11-30,0.73600554972183,31.0,82.0,0.3780487804878049,False,0.20467566097349346,"Corliss Cosme's GTX Plus Pro opportunity has a 74% close propensity and has spent 31 days in Engaging, near the 82-day historical norm; prioritize a next-step check before forecast review."
JVF7HZMV,Zane Levy,Summer Sewald,West,GTX Plus Basic,,Engaging,2017-11-28,0.735225492229971,33.0,89.0,0.3707865168539326,False,0.20454725027523796,"Zane Levy's GTX Plus Basic opportunity has a 74% close propensity and has spent 33 days in Engaging, near the 89-day historical norm; prioritize a next-step check before forecast review."
YMWG4Z3S,Kary Hendrixson,Summer Sewald,West,GTX Plus Basic,Warephase,Engaging,2017-11-23,0.7439338183627612,38.0,89.0,0.42696629213483145,False,0.203802568626003,"Kary Hendrixson's GTX Plus Basic opportunity has a 74% close propensity and has spent 38 days in Engaging, near the 89-day historical norm; prioritize a next-step check before forecast review."
G1W97XZA,Maureen Marcano,Summer Sewald,West,GTX Plus Basic,,Engaging,2017-11-13,0.7619547858602307,48.0,89.0,0.5393258426966292,False,0.2019204004268051,"Maureen Marcano's GTX Plus Basic opportunity has a 76% close propensity and has spent 48 days in Engaging, near the 89-day historical norm; prioritize a next-step check before forecast review."
D55HTKRU,Kary Hendrixson,Summer Sewald,West,GTX Pro,Newex,Engaging,2017-11-24,0.7514103304645097,37.0,82.0,0.45121951219512196,False,0.2010649925151419,"Kary Hendrixson's GTX Pro opportunity has a 75% close propensity and has spent 37 days in Engaging, near the 82-day historical norm; prioritize a next-step check before forecast review."
62PCN0KS,Maureen Marcano,Summer Sewald,West,GTX Plus Basic,,Engaging,2017-11-16,0.7626815140861797,45.0,89.0,0.5056179775280899,False,0.19849858887769106,"Maureen Marcano's GTX Plus Basic opportunity has a 76% close propensity and has spent 45 days in Engaging, near the 89-day historical norm; prioritize a next-step check before forecast review."
PM2BF2KB,Cassey Cress,Rocco Neubert,East,GTX Plus Basic,Xx-holding,Engaging,2017-12-13,0.7311257218164813,18.0,86.0,0.20930232558139536,False,0.19308223430765925,"Cassey Cress's GTX Plus Basic opportunity has a 73% close propensity and has spent 18 days in Engaging, near the 86-day historical norm; prioritize a next-step check before forecast review."
7WXPAXAV,Marty Freudenburg,Melvin Marxen,Central,MG Special,Rangreen,Prospecting,,0.716835854375576,,,,False,0.18405669465587562,"Marty Freudenburg's MG Special opportunity has a 72% close propensity and has spent 0 days in Engaging, near the 0-day historical norm; prioritize a next-step check before forecast review."
P25KLAD2,Lajuana Vencill,Dustin Brinkmann,Central,MG Advanced,Rangreen,Prospecting,,0.7222712184923009,,,,False,0.18052370798000442,"Lajuana Vencill's MG Advanced opportunity has a 72% close propensity and has spent 0 days in Engaging, near the 0-day historical norm; prioritize a next-step check before forecast review."
07GUKIG3,Violet Mclelland,Cara Losch,East,MG Special,,Engaging,2017-12-05,0.778298707639917,26.0,85.0,0.3058823529411765,False,0.17087054591640688,"Violet Mclelland's MG Special opportunity has a 78% close propensity and has spent 26 days in Engaging, near the 85-day historical norm; prioritize a next-step check before forecast review."
IQR162ZT,Elease Gluck,Celia Rouche,West,GTX Plus Basic,,Engaging,2017-12-13,0.7659309535083149,18.0,89.0,0.20224719101123595,False,0.1698415094330785,"Elease Gluck's GTX Plus Basic opportunity has a 77% close propensity and has spent 18 days in Engaging, near the 89-day historical norm; prioritize a next-step check before forecast review."
HB740BLB,Hayden Neloms,Celia Rouche,West,MG Special,Silis,Engaging,2017-12-20,0.7604999095439511,11.0,84.25,0.13056379821958458,False,0.16709939114064545,"Hayden Neloms's MG Special opportunity has a 76% close propensity and has spent 11 days in Engaging, near the 84-day historical norm; prioritize a next-step check before forecast review."
NGTVHTFH,Boris Faz,Rocco Neubert,East,GTX Pro,,Engaging,2017-12-19,0.7642598010594667,12.0,79.0,0.1518987341772152,False,0.16652226855185298,"Boris Faz's GTX Pro opportunity has a 76% close propensity and has spent 12 days in Engaging, near the 79-day historical norm; prioritize a next-step check before forecast review."
LC93MVYP,Kami Bicknell,Summer Sewald,West,GTX Basic,,Engaging,2017-12-01,0.8062848407927424,30.0,83.0,0.3614457831325301,False,0.15754135950881382,"Kami Bicknell's GTX Basic opportunity has a 81% close propensity and has spent 30 days in Engaging, near the 83-day historical norm; prioritize a next-step check before forecast review."
HCQK8NQ8,Wilburn Farren,Cara Losch,East,GTX Plus Basic,,Engaging,2017-12-20,0.776991189769398,11.0,86.0,0.12790697674418605,False,0.15614758711500762,"Wilburn Farren's GTX Plus Basic opportunity has a 78% close propensity and has spent 11 days in Engaging, near the 86-day historical norm; prioritize a next-step check before forecast review."
FZWU2I30,Zane Levy,Summer Sewald,West,GTX Plus Pro,The New York Inquirer,Engaging,2017-12-10,0.797214176739112,21.0,84.0,0.25,False,0.15368578511957723,"Zane Levy's GTX Plus Pro opportunity has a 80% close propensity and has spent 21 days in Engaging, near the 84-day historical norm; prioritize a next-step check before forecast review."
GMY4U7RD,Maureen Marcano,Summer Sewald,West,GTX Basic,,Engaging,2017-12-09,0.804057842676885,22.0,83.0,0.26506024096385544,False,0.15055517334436214,"Maureen Marcano's GTX Basic opportunity has a 80% close propensity and has spent 22 days in Engaging, near the 83-day historical norm; prioritize a next-step check before forecast review."
RS31U03Y,Zane Levy,Summer Sewald,West,GTX Plus Basic,,Engaging,2017-12-07,0.8062848407927424,24.0,89.0,0.2696629213483146,False,0.14951035910269495,"Zane Levy's GTX Plus Basic opportunity has a 81% close propensity and has spent 24 days in Engaging, near the 89-day historical norm; prioritize a next-step check before forecast review."
VL8YNHD7,Kary Hendrixson,Summer Sewald,West,GTX Plus Basic,,Engaging,2017-12-08,0.8062848407927424,23.0,89.0,0.25842696629213485,False,0.14852721303527922,"Kary Hendrixson's GTX Plus Basic opportunity has a 81% close propensity and has spent 23 days in Engaging, near the 89-day historical norm; prioritize a next-step check before forecast review."
TOJ902PF,Daniell Hammack,Rocco Neubert,East,GTX Plus Basic,Bioholding,Engaging,2017-12-15,0.7995189857547798,16.0,86.0,0.18604651162790697,False,0.14659172902683504,"Daniell Hammack's GTX Plus Basic opportunity has a 80% close propensity and has spent 16 days in Engaging, near the 86-day historical norm; prioritize a next-step check before forecast review."
J5BCAQ1Z,Zane Levy,Summer Sewald,West,GTX Basic,Bioplex,Engaging,2017-12-15,0.8011838172617594,16.0,83.0,0.1927710843373494,False,0.14609798865937448,"Zane Levy's GTX Basic opportunity has a 80% close propensity and has spent 16 days in Engaging, near the 83-day historical norm; prioritize a next-step check before forecast review."
RTWE19SU,Kary Hendrixson,Summer Sewald,West,GTX Pro,Conecom,Engaging,2017-12-17,0.8023611955547779,14.0,82.0,0.17073170731707318,False,0.14340424727963824,"Kary Hendrixson's GTX Pro opportunity has a 80% close propensity and has spent 14 days in Engaging, near the 82-day historical norm; prioritize a next-step check before forecast review."
RDHTQLNI,Cassey Cress,Rocco Neubert,East,GTX Plus Pro,,Engaging,2017-12-21,0.7995189857547798,10.0,82.0,0.12195121951219512,False,0.14098339096671025,"Cassey Cress's GTX Plus Pro opportunity has a 80% close propensity and has spent 10 days in Engaging, near the 82-day historical norm; prioritize a next-step check before forecast review."
DB801ISB,Elease Gluck,Celia Rouche,West,MG Special,,Engaging,2017-12-22,0.798748088533695,9.0,84.25,0.10682492581602374,False,0.1401609234620003,"Elease Gluck's MG Special opportunity has a 80% close propensity and has spent 9 days in Engaging, near the 84-day historical norm; prioritize a next-step check before forecast review."
T6MPH7JC,Violet Mclelland,Cara Losch,East,MG Special,,Engaging,2017-12-17,0.8081388905781786,14.0,85.0,0.16470588235294117,False,0.13912148583006628,"Violet Mclelland's MG Special opportunity has a 81% close propensity and has spent 14 days in Engaging, near the 85-day historical norm; prioritize a next-step check before forecast review."
